State,District,Crop,historical_records
Andaman and Nicobar Island,NICOBARS,Arecanut,22
Andaman and Nicobar Island,NICOBARS,Banana,22
Andaman and Nicobar Island,NICOBARS,Black pepper,21
Andaman and Nicobar Island,NICOBARS,Cashewnut,17
Andaman and Nicobar Island,NICOBARS,Coconut,20
Andaman and Nicobar Island,NICOBARS,Cowpea(Lobia),5
Andaman and Nicobar Island,NICOBARS,Dry chillies,18
Andaman and Nicobar Island,NICOBARS,Ginger,16
Andaman and Nicobar Island,NICOBARS,Maize,8
Andaman and Nicobar Island,NICOBARS,Moong(Green Gram),7
Andaman and Nicobar Island,NICOBARS,Other Kharif pulses,2
Andaman and Nicobar Island,NICOBARS,Rice,19
Andaman and Nicobar Island,NICOBARS,Sugarcane,20
Andaman and Nicobar Island,NICOBARS,Sweet potato,17
Andaman and Nicobar Island,NICOBARS,Tapioca,16
Andaman and Nicobar Island,NICOBARS,Turmeric,12
Andaman and Nicobar Island,NICOBARS,Urad,5
Andaman and Nicobar Island,NICOBARS,other oilseeds,2
Andaman and Nicobar Island,NORTH AND MIDDLE ANDAMAN,Arecanut,13
Andaman and Nicobar Island,NORTH AND MIDDLE ANDAMAN,Arhar/Tur,11
Andaman and Nicobar Island,NORTH AND MIDDLE ANDAMAN,Banana,12
Andaman and Nicobar Island,NORTH AND MIDDLE ANDAMAN,Black pepper,11
Andaman and Nicobar Island,NORTH AND MIDDLE ANDAMAN,Cashewnut,13
Andaman and Nicobar Island,NORTH AND MIDDLE ANDAMAN,Coconut,13
Andaman and Nicobar Island,NORTH AND MIDDLE ANDAMAN,Cowpea(Lobia),5
Andaman and Nicobar Island,NORTH AND MIDDLE ANDAMAN,Dry chillies,11
Andaman and Nicobar Island,NORTH AND MIDDLE ANDAMAN,Ginger,13
Andaman and Nicobar Island,NORTH AND MIDDLE ANDAMAN,Groundnut,11
Andaman and Nicobar Island,NORTH AND MIDDLE ANDAMAN,Maize,10
Andaman and Nicobar Island,NORTH AND MIDDLE ANDAMAN,Moong(Green Gram),10
Andaman and Nicobar Island,NORTH AND MIDDLE ANDAMAN,Oilseeds total,4
Andaman and Nicobar Island,NORTH AND MIDDLE ANDAMAN,Other Kharif pulses,2
Andaman and Nicobar Island,NORTH AND MIDDLE ANDAMAN,Rapeseed &Mustard,11
Andaman and Nicobar Island,NORTH AND MIDDLE ANDAMAN,Rice,13
Andaman and Nicobar Island,NORTH AND MIDDLE ANDAMAN,Sesamum,12
Andaman and Nicobar Island,NORTH AND MIDDLE ANDAMAN,Sugarcane,13
Andaman and Nicobar Island,NORTH AND MIDDLE ANDAMAN,Sunflower,6
Andaman and Nicobar Island,NORTH AND MIDDLE ANDAMAN,Sweet potato,13
Andaman and Nicobar Island,NORTH AND MIDDLE ANDAMAN,Tapioca,12
Andaman and Nicobar Island,NORTH AND MIDDLE ANDAMAN,Turmeric,11
Andaman and Nicobar Island,NORTH AND MIDDLE ANDAMAN,Urad,10
Andaman and Nicobar Island,NORTH AND MIDDLE ANDAMAN,other oilseeds,3
Andaman and Nicobar Island,SOUTH ANDAMANS,Arecanut,15
Andaman and Nicobar Island,SOUTH ANDAMANS,Arhar/Tur,4
Andaman and Nicobar Island,SOUTH ANDAMANS,Banana,15
Andaman and Nicobar Island,SOUTH ANDAMANS,Black pepper,15
Andaman and Nicobar Island,SOUTH ANDAMANS,Cashewnut,15
Andaman and Nicobar Island,SOUTH ANDAMANS,Coconut,15
Andaman and Nicobar Island,SOUTH ANDAMANS,Cowpea(Lobia),5
Andaman and Nicobar Island,SOUTH ANDAMANS,Dry chillies,15
Andaman and Nicobar Island,SOUTH ANDAMANS,Ginger,15
Andaman and Nicobar Island,SOUTH ANDAMANS,Groundnut,6
Andaman and Nicobar Island,SOUTH ANDAMANS,Maize,10
Andaman and Nicobar Island,SOUTH ANDAMANS,Moong(Green Gram),9
Andaman and Nicobar Island,SOUTH ANDAMANS,Oilseeds total,4
Andaman and Nicobar Island,SOUTH ANDAMANS,Rapeseed &Mustard,4
Andaman and Nicobar Island,SOUTH ANDAMANS,Rice,15
Andaman and Nicobar Island,SOUTH ANDAMANS,Sesamum,1
Andaman and Nicobar Island,SOUTH ANDAMANS,Sugarcane,15
Andaman and Nicobar Island,SOUTH ANDAMANS,Sunflower,1
Andaman and Nicobar Island,SOUTH ANDAMANS,Sweet potato,12
Andaman and Nicobar Island,SOUTH ANDAMANS,Tapioca,12
Andaman and Nicobar Island,SOUTH ANDAMANS,Turmeric,12
Andaman and Nicobar Island,SOUTH ANDAMANS,Urad,9
Andaman and Nicobar Island,SOUTH ANDAMANS,other oilseeds,5
Andhra Pradesh,ADILABAD,Arhar/Tur,26
Andhra Pradesh,ADILABAD,Bajra,14
Andhra Pradesh,ADILABAD,Banana,8
Andhra Pradesh,ADILABAD,Cashewnut,9
Andhra Pradesh,ADILABAD,Castor seed,14
Andhra Pradesh,ADILABAD,Coriander,11
Andhra Pradesh,ADILABAD,Cotton(lint),16
Andhra Pradesh,ADILABAD,Cowpea(Lobia),2
Andhra Pradesh,ADILABAD,Dry chillies,29
Andhra Pradesh,ADILABAD,Garlic,2
Andhra Pradesh,ADILABAD,Gram,18
Andhra Pradesh,ADILABAD,Groundnut,28
Andhra Pradesh,ADILABAD,Horse-gram,20
Andhra Pradesh,ADILABAD,Jowar,32
Andhra Pradesh,ADILABAD,Linseed,10
Andhra Pradesh,ADILABAD,Maize,32
Andhra Pradesh,ADILABAD,Masoor,2
Andhra Pradesh,ADILABAD,Mesta,2
Andhra Pradesh,ADILABAD,Moong(Green Gram),32
Andhra Pradesh,ADILABAD,Onion,16
Andhra Pradesh,ADILABAD,Other  Rabi pulses,12
Andhra Pradesh,ADILABAD,Other Kharif pulses,12
Andhra Pradesh,ADILABAD,Potato,3
Andhra Pradesh,ADILABAD,Ragi,2
Andhra Pradesh,ADILABAD,Rapeseed &Mustard,5
Andhra Pradesh,ADILABAD,Rice,32
Andhra Pradesh,ADILABAD,Safflower,11
Andhra Pradesh,ADILABAD,Sesamum,30
Andhra Pradesh,ADILABAD,Small millets,3
Andhra Pradesh,ADILABAD,Soyabean,9
Andhra Pradesh,ADILABAD,Sugarcane,12
Andhra Pradesh,ADILABAD,Sunflower,17
Andhra Pradesh,ADILABAD,Sweet potato,7
Andhra Pradesh,ADILABAD,Tobacco,22
Andhra Pradesh,ADILABAD,Urad,31
Andhra Pradesh,ADILABAD,Wheat,16
Andhra Pradesh,ADILABAD,other oilseeds,1
Andhra Pradesh,ANANTAPUR,Arecanut,18
Andhra Pradesh,ANANTAPUR,Arhar/Tur,27
Andhra Pradesh,ANANTAPUR,Bajra,42
Andhra Pradesh,ANANTAPUR,Banana,18
Andhra Pradesh,ANANTAPUR,Black pepper,1
Andhra Pradesh,ANANTAPUR,Cashewnut,5
Andhra Pradesh,ANANTAPUR,Castor seed,30
Andhra Pradesh,ANANTAPUR,Coconut,19
Andhra Pradesh,ANANTAPUR,Coriander,23
Andhra Pradesh,ANANTAPUR,Cotton(lint),30
Andhra Pradesh,ANANTAPUR,Cowpea(Lobia),15
Andhra Pradesh,ANANTAPUR,Dry chillies,40
Andhra Pradesh,ANANTAPUR,Gram,25
Andhra Pradesh,ANANTAPUR,Groundnut,46
Andhra Pradesh,ANANTAPUR,Horse-gram,44
Andhra Pradesh,ANANTAPUR,Jowar,46
Andhra Pradesh,ANANTAPUR,Linseed,12
Andhra Pradesh,ANANTAPUR,Maize,46
Andhra Pradesh,ANANTAPUR,Masoor,2
Andhra Pradesh,ANANTAPUR,Mesta,3
Andhra Pradesh,ANANTAPUR,Moong(Green Gram),38
Andhra Pradesh,ANANTAPUR,Oilseeds total,9
Andhra Pradesh,ANANTAPUR,Onion,39
Andhra Pradesh,ANANTAPUR,Other  Rabi pulses,5
Andhra Pradesh,ANANTAPUR,Other Kharif pulses,16
Andhra Pradesh,ANANTAPUR,Potato,15
Andhra Pradesh,ANANTAPUR,Ragi,45
Andhra Pradesh,ANANTAPUR,Rice,46
Andhra Pradesh,ANANTAPUR,Safflower,20
Andhra Pradesh,ANANTAPUR,Sesamum,7
Andhra Pradesh,ANANTAPUR,Small millets,31
Andhra Pradesh,ANANTAPUR,Soyabean,17
Andhra Pradesh,ANANTAPUR,Sugarcane,21
Andhra Pradesh,ANANTAPUR,Sunflower,34
Andhra Pradesh,ANANTAPUR,Sweet potato,16
Andhra Pradesh,ANANTAPUR,Tobacco,37
Andhra Pradesh,ANANTAPUR,Urad,33
Andhra Pradesh,ANANTAPUR,Wheat,18
Andhra Pradesh,ANANTAPUR,other oilseeds,7
Andhra Pradesh,CHITTOOR,Arhar/Tur,29
Andhra Pradesh,CHITTOOR,Bajra,40
Andhra Pradesh,CHITTOOR,Banana,18
Andhra Pradesh,CHITTOOR,Cashewnut,19
Andhra Pradesh,CHITTOOR,Castor seed,20
Andhra Pradesh,CHITTOOR,Coconut,19
Andhra Pradesh,CHITTOOR,Coriander,22
Andhra Pradesh,CHITTOOR,Cotton(lint),23
Andhra Pradesh,CHITTOOR,Cowpea(Lobia),17
Andhra Pradesh,CHITTOOR,Dry chillies,38
Andhra Pradesh,CHITTOOR,Gram,14
Andhra Pradesh,CHITTOOR,Groundnut,46
Andhra Pradesh,CHITTOOR,Horse-gram,46
Andhra Pradesh,CHITTOOR,Jowar,32
Andhra Pradesh,CHITTOOR,Linseed,11
Andhra Pradesh,CHITTOOR,Maize,45
Andhra Pradesh,CHITTOOR,Masoor,1
Andhra Pradesh,CHITTOOR,Mesta,8
Andhra Pradesh,CHITTOOR,Moong(Green Gram),40
Andhra Pradesh,CHITTOOR,Oilseeds total,9
Andhra Pradesh,CHITTOOR,Onion,37
Andhra Pradesh,CHITTOOR,Other  Rabi pulses,13
Andhra Pradesh,CHITTOOR,Other Kharif pulses,21
Andhra Pradesh,CHITTOOR,Potato,27
Andhra Pradesh,CHITTOOR,Ragi,46
Andhra Pradesh,CHITTOOR,Rapeseed &Mustard,2
Andhra Pradesh,CHITTOOR,Rice,46
Andhra Pradesh,CHITTOOR,Sesamum,41
Andhra Pradesh,CHITTOOR,Small millets,20
Andhra Pradesh,CHITTOOR,Soyabean,2
Andhra Pradesh,CHITTOOR,Sugarcane,23
Andhra Pradesh,CHITTOOR,Sunflower,32
Andhra Pradesh,CHITTOOR,Sweet potato,27
Andhra Pradesh,CHITTOOR,Tapioca,7
Andhra Pradesh,CHITTOOR,Tobacco,35
Andhra Pradesh,CHITTOOR,Urad,40
Andhra Pradesh,CHITTOOR,Wheat,4
Andhra Pradesh,CHITTOOR,other oilseeds,7
Andhra Pradesh,EAST GODAVARI,Arecanut,17
Andhra Pradesh,EAST GODAVARI,Arhar/Tur,31
Andhra Pradesh,EAST GODAVARI,Bajra,27
Andhra Pradesh,EAST GODAVARI,Banana,18
Andhra Pradesh,EAST GODAVARI,Black pepper,1
Andhra Pradesh,EAST GODAVARI,Cashewnut,19
Andhra Pradesh,EAST GODAVARI,Castor seed,13
Andhra Pradesh,EAST GODAVARI,Coconut,19
Andhra Pradesh,EAST GODAVARI,Coriander,13
Andhra Pradesh,EAST GODAVARI,Cotton(lint),23
Andhra Pradesh,EAST GODAVARI,Cowpea(Lobia),15
Andhra Pradesh,EAST GODAVARI,Dry chillies,43
Andhra Pradesh,EAST GODAVARI,Ginger,5
Andhra Pradesh,EAST GODAVARI,Gram,20
Andhra Pradesh,EAST GODAVARI,Groundnut,41
Andhra Pradesh,EAST GODAVARI,Horse-gram,34
Andhra Pradesh,EAST GODAVARI,Jowar,39
Andhra Pradesh,EAST GODAVARI,Linseed,1
Andhra Pradesh,EAST GODAVARI,Maize,46
Andhra Pradesh,EAST GODAVARI,Masoor,1
Andhra Pradesh,EAST GODAVARI,Mesta,11
Andhra Pradesh,EAST GODAVARI,Moong(Green Gram),43
Andhra Pradesh,EAST GODAVARI,Niger seed,10
Andhra Pradesh,EAST GODAVARI,Oilseeds total,9
Andhra Pradesh,EAST GODAVARI,Onion,36
Andhra Pradesh,EAST GODAVARI,Other  Rabi pulses,6
Andhra Pradesh,EAST GODAVARI,Other Kharif pulses,3
Andhra Pradesh,EAST GODAVARI,Ragi,36
Andhra Pradesh,EAST GODAVARI,Rapeseed &Mustard,1
Andhra Pradesh,EAST GODAVARI,Rice,46
Andhra Pradesh,EAST GODAVARI,Safflower,1
Andhra Pradesh,EAST GODAVARI,Sesamum,42
Andhra Pradesh,EAST GODAVARI,Small millets,21
Andhra Pradesh,EAST GODAVARI,Soyabean,6
Andhra Pradesh,EAST GODAVARI,Sugarcane,23
Andhra Pradesh,EAST GODAVARI,Sunflower,22
Andhra Pradesh,EAST GODAVARI,Sweet potato,26
Andhra Pradesh,EAST GODAVARI,Tapioca,23
Andhra Pradesh,EAST GODAVARI,Tobacco,50
Andhra Pradesh,EAST GODAVARI,Urad,44
Andhra Pradesh,EAST GODAVARI,other oilseeds,8
Andhra Pradesh,GUNTUR,Arhar/Tur,41
Andhra Pradesh,GUNTUR,Bajra,32
Andhra Pradesh,GUNTUR,Banana,18
Andhra Pradesh,GUNTUR,Cashewnut,18
Andhra Pradesh,GUNTUR,Castor seed,30
Andhra Pradesh,GUNTUR,Coconut,19
Andhra Pradesh,GUNTUR,Coriander,9
Andhra Pradesh,GUNTUR,Cotton(lint),28
Andhra Pradesh,GUNTUR,Cowpea(Lobia),4
Andhra Pradesh,GUNTUR,Dry chillies,45
Andhra Pradesh,GUNTUR,Gram,24
Andhra Pradesh,GUNTUR,Groundnut,44
Andhra Pradesh,GUNTUR,Horse-gram,5
Andhra Pradesh,GUNTUR,Jowar,40
Andhra Pradesh,GUNTUR,Linseed,1
Andhra Pradesh,GUNTUR,Maize,46
Andhra Pradesh,GUNTUR,Masoor,2
Andhra Pradesh,GUNTUR,Mesta,3
Andhra Pradesh,GUNTUR,Moong(Green Gram),46
Andhra Pradesh,GUNTUR,Oilseeds total,9
Andhra Pradesh,GUNTUR,Onion,35
Andhra Pradesh,GUNTUR,Potato,1
Andhra Pradesh,GUNTUR,Ragi,15
Andhra Pradesh,GUNTUR,Rapeseed &Mustard,20
Andhra Pradesh,GUNTUR,Rice,46
Andhra Pradesh,GUNTUR,Safflower,1
Andhra Pradesh,GUNTUR,Sesamum,44
Andhra Pradesh,GUNTUR,Small millets,13
Andhra Pradesh,GUNTUR,Soyabean,16
Andhra Pradesh,GUNTUR,Sugarcane,22
Andhra Pradesh,GUNTUR,Sunflower,17
Andhra Pradesh,GUNTUR,Sweet potato,17
Andhra Pradesh,GUNTUR,Tapioca,1
Andhra Pradesh,GUNTUR,Tobacco,44
Andhra Pradesh,GUNTUR,Urad,46
Andhra Pradesh,GUNTUR,Wheat,1
Andhra Pradesh,GUNTUR,other oilseeds,8
Andhra Pradesh,HYDERABAD,Dry chillies,1
Andhra Pradesh,HYDERABAD,Rice,7
Andhra Pradesh,KADAPA,Arhar/Tur,38
Andhra Pradesh,KADAPA,Bajra,45
Andhra Pradesh,KADAPA,Banana,18
Andhra Pradesh,KADAPA,Cashewnut,16
Andhra Pradesh,KADAPA,Castor seed,30
Andhra Pradesh,KADAPA,Coconut,19
Andhra Pradesh,KADAPA,Coriander,19
Andhra Pradesh,KADAPA,Cotton(lint),30
Andhra Pradesh,KADAPA,Cowpea(Lobia),17
Andhra Pradesh,KADAPA,Dry chillies,43
Andhra Pradesh,KADAPA,Garlic,1
Andhra Pradesh,KADAPA,Ginger,4
Andhra Pradesh,KADAPA,Gram,27
Andhra Pradesh,KADAPA,Groundnut,46
Andhra Pradesh,KADAPA,Horse-gram,42
Andhra Pradesh,KADAPA,Jowar,46
Andhra Pradesh,KADAPA,Linseed,9
Andhra Pradesh,KADAPA,Maize,41
Andhra Pradesh,KADAPA,Masoor,2
Andhra Pradesh,KADAPA,Mesta,1
Andhra Pradesh,KADAPA,Moong(Green Gram),38
Andhra Pradesh,KADAPA,Oilseeds total,9
Andhra Pradesh,KADAPA,Onion,40
Andhra Pradesh,KADAPA,Other  Rabi pulses,9
Andhra Pradesh,KADAPA,Other Kharif pulses,15
Andhra Pradesh,KADAPA,Potato,5
Andhra Pradesh,KADAPA,Ragi,41
Andhra Pradesh,KADAPA,Rapeseed &Mustard,4
Andhra Pradesh,KADAPA,Rice,46
Andhra Pradesh,KADAPA,Safflower,10
Andhra Pradesh,KADAPA,Sesamum,43
Andhra Pradesh,KADAPA,Small millets,35
Andhra Pradesh,KADAPA,Soyabean,13
Andhra Pradesh,KADAPA,Sugarcane,22
Andhra Pradesh,KADAPA,Sunflower,34
Andhra Pradesh,KADAPA,Sweet potato,26
Andhra Pradesh,KADAPA,Tobacco,46
Andhra Pradesh,KADAPA,Urad,40
Andhra Pradesh,KADAPA,Wheat,16
Andhra Pradesh,KADAPA,other oilseeds,6
Andhra Pradesh,KARIMNAGAR,Arhar/Tur,24
Andhra Pradesh,KARIMNAGAR,Bajra,14
Andhra Pradesh,KARIMNAGAR,Banana,4
Andhra Pradesh,KARIMNAGAR,Castor seed,15
Andhra Pradesh,KARIMNAGAR,Coriander,11
Andhra Pradesh,KARIMNAGAR,Cotton(lint),16
Andhra Pradesh,KARIMNAGAR,Cowpea(Lobia),3
Andhra Pradesh,KARIMNAGAR,Dry chillies,26
Andhra Pradesh,KARIMNAGAR,Garlic,3
Andhra Pradesh,KARIMNAGAR,Ginger,6
Andhra Pradesh,KARIMNAGAR,Gram,17
Andhra Pradesh,KARIMNAGAR,Groundnut,30
Andhra Pradesh,KARIMNAGAR,Horse-gram,14
Andhra Pradesh,KARIMNAGAR,Jowar,24
Andhra Pradesh,KARIMNAGAR,Maize,32
Andhra Pradesh,KARIMNAGAR,Masoor,2
Andhra Pradesh,KARIMNAGAR,Moong(Green Gram),30
Andhra Pradesh,KARIMNAGAR,Onion,24
Andhra Pradesh,KARIMNAGAR,Other  Rabi pulses,8
Andhra Pradesh,KARIMNAGAR,Other Kharif pulses,14
Andhra Pradesh,KARIMNAGAR,Rapeseed &Mustard,2
Andhra Pradesh,KARIMNAGAR,Rice,32
Andhra Pradesh,KARIMNAGAR,Safflower,4
Andhra Pradesh,KARIMNAGAR,Sesamum,28
Andhra Pradesh,KARIMNAGAR,Soyabean,6
Andhra Pradesh,KARIMNAGAR,Sugarcane,16
Andhra Pradesh,KARIMNAGAR,Sunflower,16
Andhra Pradesh,KARIMNAGAR,Sweet potato,6
Andhra Pradesh,KARIMNAGAR,Tobacco,25
Andhra Pradesh,KARIMNAGAR,Urad,20
Andhra Pradesh,KARIMNAGAR,Wheat,14
Andhra Pradesh,KHAMMAM,Arhar/Tur,27
Andhra Pradesh,KHAMMAM,Bajra,21
Andhra Pradesh,KHAMMAM,Banana,10
Andhra Pradesh,KHAMMAM,Cashewnut,11
Andhra Pradesh,KHAMMAM,Castor seed,8
Andhra Pradesh,KHAMMAM,Coconut,11
Andhra Pradesh,KHAMMAM,Coriander,4
Andhra Pradesh,KHAMMAM,Cotton(lint),16
Andhra Pradesh,KHAMMAM,Cowpea(Lobia),2
Andhra Pradesh,KHAMMAM,Dry chillies,31
Andhra Pradesh,KHAMMAM,Gram,13
Andhra Pradesh,KHAMMAM,Groundnut,30
Andhra Pradesh,KHAMMAM,Horse-gram,15
Andhra Pradesh,KHAMMAM,Jowar,30
Andhra Pradesh,KHAMMAM,Maize,32
Andhra Pradesh,KHAMMAM,Masoor,2
Andhra Pradesh,KHAMMAM,Mesta,3
Andhra Pradesh,KHAMMAM,Moong(Green Gram),32
Andhra Pradesh,KHAMMAM,Onion,10
Andhra Pradesh,KHAMMAM,Other  Rabi pulses,6
Andhra Pradesh,KHAMMAM,Other Kharif pulses,4
Andhra Pradesh,KHAMMAM,Ragi,13
Andhra Pradesh,KHAMMAM,Rapeseed &Mustard,1
Andhra Pradesh,KHAMMAM,Rice,32
Andhra Pradesh,KHAMMAM,Safflower,1
Andhra Pradesh,KHAMMAM,Sesamum,31
Andhra Pradesh,KHAMMAM,Small millets,7
Andhra Pradesh,KHAMMAM,Soyabean,2
Andhra Pradesh,KHAMMAM,Sugarcane,16
Andhra Pradesh,KHAMMAM,Sunflower,15
Andhra Pradesh,KHAMMAM,Sweet potato,10
Andhra Pradesh,KHAMMAM,Tapioca,1
Andhra Pradesh,KHAMMAM,Tobacco,27
Andhra Pradesh,KHAMMAM,Urad,30
Andhra Pradesh,KHAMMAM,other oilseeds,2
Andhra Pradesh,KRISHNA,Arecanut,5
Andhra Pradesh,KRISHNA,Arhar/Tur,33
Andhra Pradesh,KRISHNA,Bajra,4
Andhra Pradesh,KRISHNA,Banana,18
Andhra Pradesh,KRISHNA,Cashewnut,19
Andhra Pradesh,KRISHNA,Castor seed,4
Andhra Pradesh,KRISHNA,Coconut,19
Andhra Pradesh,KRISHNA,Coriander,6
Andhra Pradesh,KRISHNA,Cotton(lint),23
Andhra Pradesh,KRISHNA,Cowpea(Lobia),2
Andhra Pradesh,KRISHNA,Dry chillies,45
Andhra Pradesh,KRISHNA,Ginger,17
Andhra Pradesh,KRISHNA,Gram,23
Andhra Pradesh,KRISHNA,Groundnut,46
Andhra Pradesh,KRISHNA,Horse-gram,22
Andhra Pradesh,KRISHNA,Jowar,35
Andhra Pradesh,KRISHNA,Linseed,2
Andhra Pradesh,KRISHNA,Maize,46
Andhra Pradesh,KRISHNA,Masoor,1
Andhra Pradesh,KRISHNA,Mesta,1
Andhra Pradesh,KRISHNA,Moong(Green Gram),46
Andhra Pradesh,KRISHNA,Oilseeds total,9
Andhra Pradesh,KRISHNA,Onion,26
Andhra Pradesh,KRISHNA,Other  Rabi pulses,3
Andhra Pradesh,KRISHNA,Other Kharif pulses,1
Andhra Pradesh,KRISHNA,Ragi,2
Andhra Pradesh,KRISHNA,Rapeseed &Mustard,17
Andhra Pradesh,KRISHNA,Rice,46
Andhra Pradesh,KRISHNA,Safflower,1
Andhra Pradesh,KRISHNA,Sesamum,41
Andhra Pradesh,KRISHNA,Soyabean,1
Andhra Pradesh,KRISHNA,Sugarcane,23
Andhra Pradesh,KRISHNA,Sunflower,21
Andhra Pradesh,KRISHNA,Sweet potato,21
Andhra Pradesh,KRISHNA,Tapioca,3
Andhra Pradesh,KRISHNA,Tobacco,42
Andhra Pradesh,KRISHNA,Urad,46
Andhra Pradesh,KRISHNA,other oilseeds,8
Andhra Pradesh,KURNOOL,Arhar/Tur,41
Andhra Pradesh,KURNOOL,Bajra,44
Andhra Pradesh,KURNOOL,Banana,18
Andhra Pradesh,KURNOOL,Castor seed,29
Andhra Pradesh,KURNOOL,Coconut,14
Andhra Pradesh,KURNOOL,Coriander,21
Andhra Pradesh,KURNOOL,Cotton(lint),26
Andhra Pradesh,KURNOOL,Cowpea(Lobia),8
Andhra Pradesh,KURNOOL,Dry chillies,45
Andhra Pradesh,KURNOOL,Ginger,4
Andhra Pradesh,KURNOOL,Gram,24
Andhra Pradesh,KURNOOL,Groundnut,46
Andhra Pradesh,KURNOOL,Horse-gram,31
Andhra Pradesh,KURNOOL,Jowar,46
Andhra Pradesh,KURNOOL,Linseed,6
Andhra Pradesh,KURNOOL,Maize,46
Andhra Pradesh,KURNOOL,Masoor,2
Andhra Pradesh,KURNOOL,Mesta,10
Andhra Pradesh,KURNOOL,Moong(Green Gram),45
Andhra Pradesh,KURNOOL,Niger seed,1
Andhra Pradesh,KURNOOL,Oilseeds total,9
Andhra Pradesh,KURNOOL,Onion,41
Andhra Pradesh,KURNOOL,Other  Rabi pulses,6
Andhra Pradesh,KURNOOL,Other Kharif pulses,6
Andhra Pradesh,KURNOOL,Potato,12
Andhra Pradesh,KURNOOL,Ragi,12
Andhra Pradesh,KURNOOL,Rapeseed &Mustard,21
Andhra Pradesh,KURNOOL,Rice,46
Andhra Pradesh,KURNOOL,Safflower,22
Andhra Pradesh,KURNOOL,Sesamum,38
Andhra Pradesh,KURNOOL,Small millets,38
Andhra Pradesh,KURNOOL,Soyabean,17
Andhra Pradesh,KURNOOL,Sugarcane,23
Andhra Pradesh,KURNOOL,Sunflower,34
Andhra Pradesh,KURNOOL,Sweet potato,13
Andhra Pradesh,KURNOOL,Tobacco,51
Andhra Pradesh,KURNOOL,Urad,46
Andhra Pradesh,KURNOOL,Wheat,21
Andhra Pradesh,KURNOOL,other oilseeds,1
Andhra Pradesh,MAHBUBNAGAR,Arhar/Tur,19
Andhra Pradesh,MAHBUBNAGAR,Bajra,24
Andhra Pradesh,MAHBUBNAGAR,Banana,1
Andhra Pradesh,MAHBUBNAGAR,Cashewnut,6
Andhra Pradesh,MAHBUBNAGAR,Castor seed,16
Andhra Pradesh,MAHBUBNAGAR,Coconut,11
Andhra Pradesh,MAHBUBNAGAR,Coriander,10
Andhra Pradesh,MAHBUBNAGAR,Cotton(lint),16
Andhra Pradesh,MAHBUBNAGAR,Cowpea(Lobia),2
Andhra Pradesh,MAHBUBNAGAR,Dry chillies,30
Andhra Pradesh,MAHBUBNAGAR,Gram,18
Andhra Pradesh,MAHBUBNAGAR,Groundnut,32
Andhra Pradesh,MAHBUBNAGAR,Horse-gram,29
Andhra Pradesh,MAHBUBNAGAR,Jowar,32
Andhra Pradesh,MAHBUBNAGAR,Maize,32
Andhra Pradesh,MAHBUBNAGAR,Masoor,1
Andhra Pradesh,MAHBUBNAGAR,Mesta,8
Andhra Pradesh,MAHBUBNAGAR,Moong(Green Gram),20
Andhra Pradesh,MAHBUBNAGAR,Onion,27
Andhra Pradesh,MAHBUBNAGAR,Other  Rabi pulses,6
Andhra Pradesh,MAHBUBNAGAR,Other Kharif pulses,8
Andhra Pradesh,MAHBUBNAGAR,Potato,2
Andhra Pradesh,MAHBUBNAGAR,Ragi,30
Andhra Pradesh,MAHBUBNAGAR,Rice,32
Andhra Pradesh,MAHBUBNAGAR,Safflower,12
Andhra Pradesh,MAHBUBNAGAR,Sesamum,17
Andhra Pradesh,MAHBUBNAGAR,Small millets,15
Andhra Pradesh,MAHBUBNAGAR,Soyabean,3
Andhra Pradesh,MAHBUBNAGAR,Sugarcane,11
Andhra Pradesh,MAHBUBNAGAR,Sunflower,20
Andhra Pradesh,MAHBUBNAGAR,Sweet potato,3
Andhra Pradesh,MAHBUBNAGAR,Tapioca,1
Andhra Pradesh,MAHBUBNAGAR,Tobacco,26
Andhra Pradesh,MAHBUBNAGAR,Urad,26
Andhra Pradesh,MAHBUBNAGAR,Wheat,14
Andhra Pradesh,MEDAK,Arhar/Tur,20
Andhra Pradesh,MEDAK,Bajra,17
Andhra Pradesh,MEDAK,Banana,11
Andhra Pradesh,MEDAK,Cashewnut,7
Andhra Pradesh,MEDAK,Castor seed,16
Andhra Pradesh,MEDAK,Coconut,6
Andhra Pradesh,MEDAK,Coriander,11
Andhra Pradesh,MEDAK,Cotton(lint),16
Andhra Pradesh,MEDAK,Cowpea(Lobia),3
Andhra Pradesh,MEDAK,Dry chillies,30
Andhra Pradesh,MEDAK,Garlic,3
Andhra Pradesh,MEDAK,Ginger,11
Andhra Pradesh,MEDAK,Gram,16
Andhra Pradesh,MEDAK,Groundnut,30
Andhra Pradesh,MEDAK,Horse-gram,22
Andhra Pradesh,MEDAK,Jowar,32
Andhra Pradesh,MEDAK,Linseed,12
Andhra Pradesh,MEDAK,Maize,32
Andhra Pradesh,MEDAK,Masoor,2
Andhra Pradesh,MEDAK,Mesta,6
Andhra Pradesh,MEDAK,Moong(Green Gram),27
Andhra Pradesh,MEDAK,Niger seed,4
Andhra Pradesh,MEDAK,Onion,26
Andhra Pradesh,MEDAK,Other  Rabi pulses,13
Andhra Pradesh,MEDAK,Other Kharif pulses,11
Andhra Pradesh,MEDAK,Potato,11
Andhra Pradesh,MEDAK,Ragi,13
Andhra Pradesh,MEDAK,Rapeseed &Mustard,8
Andhra Pradesh,MEDAK,Rice,32
Andhra Pradesh,MEDAK,Safflower,12
Andhra Pradesh,MEDAK,Sesamum,26
Andhra Pradesh,MEDAK,Small millets,5
Andhra Pradesh,MEDAK,Soyabean,8
Andhra Pradesh,MEDAK,Sugarcane,16
Andhra Pradesh,MEDAK,Sunflower,19
Andhra Pradesh,MEDAK,Tobacco,23
Andhra Pradesh,MEDAK,Urad,23
Andhra Pradesh,MEDAK,Wheat,16
Andhra Pradesh,MEDAK,other oilseeds,1
Andhra Pradesh,NALGONDA,Arhar/Tur,24
Andhra Pradesh,NALGONDA,Bajra,22
Andhra Pradesh,NALGONDA,Banana,7
Andhra Pradesh,NALGONDA,Cashewnut,1
Andhra Pradesh,NALGONDA,Castor seed,16
Andhra Pradesh,NALGONDA,Coconut,9
Andhra Pradesh,NALGONDA,Coriander,11
Andhra Pradesh,NALGONDA,Cotton(lint),16
Andhra Pradesh,NALGONDA,Cowpea(Lobia),2
Andhra Pradesh,NALGONDA,Dry chillies,31
Andhra Pradesh,NALGONDA,Gram,16
Andhra Pradesh,NALGONDA,Groundnut,32
Andhra Pradesh,NALGONDA,Horse-gram,18
Andhra Pradesh,NALGONDA,Jowar,32
Andhra Pradesh,NALGONDA,Maize,32
Andhra Pradesh,NALGONDA,Masoor,2
Andhra Pradesh,NALGONDA,Mesta,2
Andhra Pradesh,NALGONDA,Moong(Green Gram),22
Andhra Pradesh,NALGONDA,Onion,8
Andhra Pradesh,NALGONDA,Other  Rabi pulses,5
Andhra Pradesh,NALGONDA,Other Kharif pulses,2
Andhra Pradesh,NALGONDA,Ragi,2
Andhra Pradesh,NALGONDA,Rice,32
Andhra Pradesh,NALGONDA,Safflower,7
Andhra Pradesh,NALGONDA,Sesamum,21
Andhra Pradesh,NALGONDA,Small millets,1
Andhra Pradesh,NALGONDA,Soyabean,2
Andhra Pradesh,NALGONDA,Sugarcane,15
Andhra Pradesh,NALGONDA,Sunflower,17
Andhra Pradesh,NALGONDA,Tobacco,20
Andhra Pradesh,NALGONDA,Urad,20
Andhra Pradesh,NIZAMABAD,Arhar/Tur,21
Andhra Pradesh,NIZAMABAD,Bajra,19
Andhra Pradesh,NIZAMABAD,Banana,11
Andhra Pradesh,NIZAMABAD,Castor seed,14
Andhra Pradesh,NIZAMABAD,Coconut,5
Andhra Pradesh,NIZAMABAD,Coriander,11
Andhra Pradesh,NIZAMABAD,Cotton(lint),16
Andhra Pradesh,NIZAMABAD,Dry chillies,30
Andhra Pradesh,NIZAMABAD,Garlic,3
Andhra Pradesh,NIZAMABAD,Ginger,11
Andhra Pradesh,NIZAMABAD,Gram,17
Andhra Pradesh,NIZAMABAD,Groundnut,29
Andhra Pradesh,NIZAMABAD,Horse-gram,12
Andhra Pradesh,NIZAMABAD,Jowar,32
Andhra Pradesh,NIZAMABAD,Linseed,4
Andhra Pradesh,NIZAMABAD,Maize,32
Andhra Pradesh,NIZAMABAD,Masoor,2
Andhra Pradesh,NIZAMABAD,Mesta,5
Andhra Pradesh,NIZAMABAD,Moong(Green Gram),30
Andhra Pradesh,NIZAMABAD,Onion,23
Andhra Pradesh,NIZAMABAD,Other  Rabi pulses,11
Andhra Pradesh,NIZAMABAD,Other Kharif pulses,9
Andhra Pradesh,NIZAMABAD,Potato,1
Andhra Pradesh,NIZAMABAD,Ragi,10
Andhra Pradesh,NIZAMABAD,Rapeseed &Mustard,12
Andhra Pradesh,NIZAMABAD,Rice,32
Andhra Pradesh,NIZAMABAD,Safflower,12
Andhra Pradesh,NIZAMABAD,Sesamum,26
Andhra Pradesh,NIZAMABAD,Small millets,2
Andhra Pradesh,NIZAMABAD,Soyabean,9
Andhra Pradesh,NIZAMABAD,Sugarcane,16
Andhra Pradesh,NIZAMABAD,Sunflower,19
Andhra Pradesh,NIZAMABAD,Tobacco,25
Andhra Pradesh,NIZAMABAD,Urad,32
Andhra Pradesh,NIZAMABAD,Wheat,16
Andhra Pradesh,NIZAMABAD,other oilseeds,1
Andhra Pradesh,PRAKASAM,Arhar/Tur,38
Andhra Pradesh,PRAKASAM,Bajra,44
Andhra Pradesh,PRAKASAM,Banana,18
Andhra Pradesh,PRAKASAM,Cashewnut,19
Andhra Pradesh,PRAKASAM,Castor seed,30
Andhra Pradesh,PRAKASAM,Coconut,19
Andhra Pradesh,PRAKASAM,Coriander,19
Andhra Pradesh,PRAKASAM,Cotton(lint),30
Andhra Pradesh,PRAKASAM,Cowpea(Lobia),17
Andhra Pradesh,PRAKASAM,Dry chillies,45
Andhra Pradesh,PRAKASAM,Ginger,2
Andhra Pradesh,PRAKASAM,Gram,24
Andhra Pradesh,PRAKASAM,Groundnut,46
Andhra Pradesh,PRAKASAM,Horse-gram,27
Andhra Pradesh,PRAKASAM,Jowar,45
Andhra Pradesh,PRAKASAM,Maize,46
Andhra Pradesh,PRAKASAM,Masoor,2
Andhra Pradesh,PRAKASAM,Mesta,3
Andhra Pradesh,PRAKASAM,Moong(Green Gram),45
Andhra Pradesh,PRAKASAM,Niger seed,4
Andhra Pradesh,PRAKASAM,Oilseeds total,9
Andhra Pradesh,PRAKASAM,Onion,35
Andhra Pradesh,PRAKASAM,Other  Rabi pulses,5
Andhra Pradesh,PRAKASAM,Other Kharif pulses,3
Andhra Pradesh,PRAKASAM,Ragi,41
Andhra Pradesh,PRAKASAM,Rapeseed &Mustard,13
Andhra Pradesh,PRAKASAM,Rice,46
Andhra Pradesh,PRAKASAM,Safflower,5
Andhra Pradesh,PRAKASAM,Sesamum,45
Andhra Pradesh,PRAKASAM,Small millets,40
Andhra Pradesh,PRAKASAM,Soyabean,16
Andhra Pradesh,PRAKASAM,Sugarcane,22
Andhra Pradesh,PRAKASAM,Sunflower,35
Andhra Pradesh,PRAKASAM,Sweet potato,19
Andhra Pradesh,PRAKASAM,Tobacco,54
Andhra Pradesh,PRAKASAM,Urad,46
Andhra Pradesh,PRAKASAM,Wheat,2
Andhra Pradesh,PRAKASAM,other oilseeds,2
Andhra Pradesh,RANGAREDDI,Arhar/Tur,19
Andhra Pradesh,RANGAREDDI,Bajra,18
Andhra Pradesh,RANGAREDDI,Banana,11
Andhra Pradesh,RANGAREDDI,Cashewnut,5
Andhra Pradesh,RANGAREDDI,Castor seed,16
Andhra Pradesh,RANGAREDDI,Coconut,11
Andhra Pradesh,RANGAREDDI,Coriander,11
Andhra Pradesh,RANGAREDDI,Cotton(lint),16
Andhra Pradesh,RANGAREDDI,Cowpea(Lobia),2
Andhra Pradesh,RANGAREDDI,Dry chillies,30
Andhra Pradesh,RANGAREDDI,Ginger,11
Andhra Pradesh,RANGAREDDI,Gram,17
Andhra Pradesh,RANGAREDDI,Groundnut,30
Andhra Pradesh,RANGAREDDI,Horse-gram,28
Andhra Pradesh,RANGAREDDI,Jowar,32
Andhra Pradesh,RANGAREDDI,Linseed,9
Andhra Pradesh,RANGAREDDI,Maize,32
Andhra Pradesh,RANGAREDDI,Masoor,1
Andhra Pradesh,RANGAREDDI,Mesta,3
Andhra Pradesh,RANGAREDDI,Moong(Green Gram),17
Andhra Pradesh,RANGAREDDI,Niger seed,11
Andhra Pradesh,RANGAREDDI,Onion,25
Andhra Pradesh,RANGAREDDI,Other Kharif pulses,5
Andhra Pradesh,RANGAREDDI,Potato,11
Andhra Pradesh,RANGAREDDI,Ragi,30
Andhra Pradesh,RANGAREDDI,Rapeseed &Mustard,4
Andhra Pradesh,RANGAREDDI,Rice,32
Andhra Pradesh,RANGAREDDI,Safflower,12
Andhra Pradesh,RANGAREDDI,Sesamum,16
Andhra Pradesh,RANGAREDDI,Small millets,12
Andhra Pradesh,RANGAREDDI,Soyabean,7
Andhra Pradesh,RANGAREDDI,Sugarcane,16
Andhra Pradesh,RANGAREDDI,Sunflower,17
Andhra Pradesh,RANGAREDDI,Sweet potato,11
Andhra Pradesh,RANGAREDDI,Tapioca,3
Andhra Pradesh,RANGAREDDI,Tobacco,11
Andhra Pradesh,RANGAREDDI,Urad,20
Andhra Pradesh,RANGAREDDI,Wheat,16
Andhra Pradesh,RANGAREDDI,other oilseeds,2
Andhra Pradesh,SPSR NELLORE,Arhar/Tur,40
Andhra Pradesh,SPSR NELLORE,Bajra,40
Andhra Pradesh,SPSR NELLORE,Banana,18
Andhra Pradesh,SPSR NELLORE,Cashewnut,19
Andhra Pradesh,SPSR NELLORE,Castor seed,11
Andhra Pradesh,SPSR NELLORE,Coconut,19
Andhra Pradesh,SPSR NELLORE,Coriander,11
Andhra Pradesh,SPSR NELLORE,Cotton(lint),30
Andhra Pradesh,SPSR NELLORE,Cowpea(Lobia),10
Andhra Pradesh,SPSR NELLORE,Dry chillies,39
Andhra Pradesh,SPSR NELLORE,Gram,22
Andhra Pradesh,SPSR NELLORE,Groundnut,46
Andhra Pradesh,SPSR NELLORE,Guar seed,1
Andhra Pradesh,SPSR NELLORE,Horse-gram,26
Andhra Pradesh,SPSR NELLORE,Jowar,36
Andhra Pradesh,SPSR NELLORE,Maize,40
Andhra Pradesh,SPSR NELLORE,Masoor,2
Andhra Pradesh,SPSR NELLORE,Mesta,1
Andhra Pradesh,SPSR NELLORE,Moong(Green Gram),44
Andhra Pradesh,SPSR NELLORE,Oilseeds total,9
Andhra Pradesh,SPSR NELLORE,Onion,24
Andhra Pradesh,SPSR NELLORE,Other  Rabi pulses,5
Andhra Pradesh,SPSR NELLORE,Other Kharif pulses,1
Andhra Pradesh,SPSR NELLORE,Potato,1
Andhra Pradesh,SPSR NELLORE,Ragi,42
Andhra Pradesh,SPSR NELLORE,Rapeseed &Mustard,3
Andhra Pradesh,SPSR NELLORE,Rice,46
Andhra Pradesh,SPSR NELLORE,Safflower,4
Andhra Pradesh,SPSR NELLORE,Sesamum,43
Andhra Pradesh,SPSR NELLORE,Small millets,6
Andhra Pradesh,SPSR NELLORE,Soyabean,2
Andhra Pradesh,SPSR NELLORE,Sugarcane,23
Andhra Pradesh,SPSR NELLORE,Sunflower,35
Andhra Pradesh,SPSR NELLORE,Sweet potato,21
Andhra Pradesh,SPSR NELLORE,Tapioca,8
Andhra Pradesh,SPSR NELLORE,Tobacco,42
Andhra Pradesh,SPSR NELLORE,Urad,45
Andhra Pradesh,SPSR NELLORE,other oilseeds,7
Andhra Pradesh,SRIKAKULAM,Arhar/Tur,29
Andhra Pradesh,SRIKAKULAM,Bajra,23
Andhra Pradesh,SRIKAKULAM,Banana,18
Andhra Pradesh,SRIKAKULAM,Cashewnut,19
Andhra Pradesh,SRIKAKULAM,Castor seed,1
Andhra Pradesh,SRIKAKULAM,Coconut,19
Andhra Pradesh,SRIKAKULAM,Coriander,1
Andhra Pradesh,SRIKAKULAM,Cotton(lint),23
Andhra Pradesh,SRIKAKULAM,Dry chillies,41
Andhra Pradesh,SRIKAKULAM,Garlic,1
Andhra Pradesh,SRIKAKULAM,Ginger,19
Andhra Pradesh,SRIKAKULAM,Gram,5
Andhra Pradesh,SRIKAKULAM,Groundnut,46
Andhra Pradesh,SRIKAKULAM,Horse-gram,28
Andhra Pradesh,SRIKAKULAM,Jowar,35
Andhra Pradesh,SRIKAKULAM,Maize,45
Andhra Pradesh,SRIKAKULAM,Masoor,1
Andhra Pradesh,SRIKAKULAM,Mesta,22
Andhra Pradesh,SRIKAKULAM,Moong(Green Gram),46
Andhra Pradesh,SRIKAKULAM,Oilseeds total,9
Andhra Pradesh,SRIKAKULAM,Onion,39
Andhra Pradesh,SRIKAKULAM,Other  Rabi pulses,1
Andhra Pradesh,SRIKAKULAM,Other Kharif pulses,8
Andhra Pradesh,SRIKAKULAM,Potato,3
Andhra Pradesh,SRIKAKULAM,Ragi,45
Andhra Pradesh,SRIKAKULAM,Rice,46
Andhra Pradesh,SRIKAKULAM,Sesamum,44
Andhra Pradesh,SRIKAKULAM,Small millets,17
Andhra Pradesh,SRIKAKULAM,Sugarcane,23
Andhra Pradesh,SRIKAKULAM,Sunflower,24
Andhra Pradesh,SRIKAKULAM,Sweet potato,18
Andhra Pradesh,SRIKAKULAM,Tapioca,23
Andhra Pradesh,SRIKAKULAM,Tobacco,31
Andhra Pradesh,SRIKAKULAM,Urad,43
Andhra Pradesh,SRIKAKULAM,Wheat,1
Andhra Pradesh,SRIKAKULAM,other oilseeds,7
Andhra Pradesh,VISAKHAPATANAM,Arhar/Tur,34
Andhra Pradesh,VISAKHAPATANAM,Bajra,23
Andhra Pradesh,VISAKHAPATANAM,Banana,18
Andhra Pradesh,VISAKHAPATANAM,Black pepper,1
Andhra Pradesh,VISAKHAPATANAM,Cashewnut,19
Andhra Pradesh,VISAKHAPATANAM,Castor seed,14
Andhra Pradesh,VISAKHAPATANAM,Coconut,19
Andhra Pradesh,VISAKHAPATANAM,Coriander,5
Andhra Pradesh,VISAKHAPATANAM,Cotton(lint),22
Andhra Pradesh,VISAKHAPATANAM,Cowpea(Lobia),17
Andhra Pradesh,VISAKHAPATANAM,Dry chillies,45
Andhra Pradesh,VISAKHAPATANAM,Ginger,19
Andhra Pradesh,VISAKHAPATANAM,Gram,22
Andhra Pradesh,VISAKHAPATANAM,Groundnut,46
Andhra Pradesh,VISAKHAPATANAM,Horse-gram,39
Andhra Pradesh,VISAKHAPATANAM,Jowar,41
Andhra Pradesh,VISAKHAPATANAM,Maize,46
Andhra Pradesh,VISAKHAPATANAM,Masoor,1
Andhra Pradesh,VISAKHAPATANAM,Mesta,13
Andhra Pradesh,VISAKHAPATANAM,Moong(Green Gram),45
Andhra Pradesh,VISAKHAPATANAM,Niger seed,22
Andhra Pradesh,VISAKHAPATANAM,Oilseeds total,9
Andhra Pradesh,VISAKHAPATANAM,Onion,35
Andhra Pradesh,VISAKHAPATANAM,Other  Rabi pulses,18
Andhra Pradesh,VISAKHAPATANAM,Other Kharif pulses,20
Andhra Pradesh,VISAKHAPATANAM,Potato,26
Andhra Pradesh,VISAKHAPATANAM,Ragi,45
Andhra Pradesh,VISAKHAPATANAM,Rapeseed &Mustard,1
Andhra Pradesh,VISAKHAPATANAM,Rice,46
Andhra Pradesh,VISAKHAPATANAM,Safflower,2
Andhra Pradesh,VISAKHAPATANAM,Sesamum,46
Andhra Pradesh,VISAKHAPATANAM,Small millets,21
Andhra Pradesh,VISAKHAPATANAM,Sugarcane,23
Andhra Pradesh,VISAKHAPATANAM,Sunflower,22
Andhra Pradesh,VISAKHAPATANAM,Sweet potato,27
Andhra Pradesh,VISAKHAPATANAM,Tapioca,24
Andhra Pradesh,VISAKHAPATANAM,Tobacco,49
Andhra Pradesh,VISAKHAPATANAM,Urad,46
Andhra Pradesh,VISAKHAPATANAM,other oilseeds,8
Andhra Pradesh,VIZIANAGARAM,Arecanut,9
Andhra Pradesh,VIZIANAGARAM,Arhar/Tur,26
Andhra Pradesh,VIZIANAGARAM,Bajra,24
Andhra Pradesh,VIZIANAGARAM,Banana,18
Andhra Pradesh,VIZIANAGARAM,Cashewnut,19
Andhra Pradesh,VIZIANAGARAM,Castor seed,14
Andhra Pradesh,VIZIANAGARAM,Coconut,19
Andhra Pradesh,VIZIANAGARAM,Cotton(lint),24
Andhra Pradesh,VIZIANAGARAM,Cowpea(Lobia),1
Andhra Pradesh,VIZIANAGARAM,Dry chillies,43
Andhra Pradesh,VIZIANAGARAM,Ginger,15
Andhra Pradesh,VIZIANAGARAM,Gram,21
Andhra Pradesh,VIZIANAGARAM,Groundnut,46
Andhra Pradesh,VIZIANAGARAM,Horse-gram,23
Andhra Pradesh,VIZIANAGARAM,Jowar,37
Andhra Pradesh,VIZIANAGARAM,Linseed,1
Andhra Pradesh,VIZIANAGARAM,Maize,46
Andhra Pradesh,VIZIANAGARAM,Masoor,1
Andhra Pradesh,VIZIANAGARAM,Mesta,22
Andhra Pradesh,VIZIANAGARAM,Moong(Green Gram),46
Andhra Pradesh,VIZIANAGARAM,Niger seed,18
Andhra Pradesh,VIZIANAGARAM,Oilseeds total,9
Andhra Pradesh,VIZIANAGARAM,Onion,35
Andhra Pradesh,VIZIANAGARAM,Other  Rabi pulses,2
Andhra Pradesh,VIZIANAGARAM,Potato,2
Andhra Pradesh,VIZIANAGARAM,Ragi,46
Andhra Pradesh,VIZIANAGARAM,Rapeseed &Mustard,1
Andhra Pradesh,VIZIANAGARAM,Rice,46
Andhra Pradesh,VIZIANAGARAM,Sesamum,46
Andhra Pradesh,VIZIANAGARAM,Small millets,21
Andhra Pradesh,VIZIANAGARAM,Sugarcane,23
Andhra Pradesh,VIZIANAGARAM,Sunflower,14
Andhra Pradesh,VIZIANAGARAM,Sweet potato,23
Andhra Pradesh,VIZIANAGARAM,Tapioca,23
Andhra Pradesh,VIZIANAGARAM,Tobacco,42
Andhra Pradesh,VIZIANAGARAM,Urad,46
Andhra Pradesh,VIZIANAGARAM,Wheat,1
Andhra Pradesh,VIZIANAGARAM,other oilseeds,8
Andhra Pradesh,WARANGAL,Arhar/Tur,27
Andhra Pradesh,WARANGAL,Bajra,16
Andhra Pradesh,WARANGAL,Banana,11
Andhra Pradesh,WARANGAL,Castor seed,16
Andhra Pradesh,WARANGAL,Coriander,11
Andhra Pradesh,WARANGAL,Cotton(lint),16
Andhra Pradesh,WARANGAL,Cowpea(Lobia),3
Andhra Pradesh,WARANGAL,Dry chillies,31
Andhra Pradesh,WARANGAL,Ginger,4
Andhra Pradesh,WARANGAL,Gram,15
Andhra Pradesh,WARANGAL,Groundnut,32
Andhra Pradesh,WARANGAL,Horse-gram,15
Andhra Pradesh,WARANGAL,Jowar,30
Andhra Pradesh,WARANGAL,Maize,32
Andhra Pradesh,WARANGAL,Masoor,2
Andhra Pradesh,WARANGAL,Mesta,5
Andhra Pradesh,WARANGAL,Moong(Green Gram),30
Andhra Pradesh,WARANGAL,Onion,20
Andhra Pradesh,WARANGAL,Other  Rabi pulses,7
Andhra Pradesh,WARANGAL,Other Kharif pulses,7
Andhra Pradesh,WARANGAL,Rice,32
Andhra Pradesh,WARANGAL,Safflower,5
Andhra Pradesh,WARANGAL,Sesamum,29
Andhra Pradesh,WARANGAL,Soyabean,4
Andhra Pradesh,WARANGAL,Sunflower,17
Andhra Pradesh,WARANGAL,Sweet potato,8
Andhra Pradesh,WARANGAL,Tobacco,25
Andhra Pradesh,WARANGAL,Urad,26
Andhra Pradesh,WARANGAL,Wheat,9
Andhra Pradesh,WEST GODAVARI,Arecanut,10
Andhra Pradesh,WEST GODAVARI,Arhar/Tur,35
Andhra Pradesh,WEST GODAVARI,Bajra,3
Andhra Pradesh,WEST GODAVARI,Banana,18
Andhra Pradesh,WEST GODAVARI,Black pepper,1
Andhra Pradesh,WEST GODAVARI,Cashewnut,19
Andhra Pradesh,WEST GODAVARI,Castor seed,3
Andhra Pradesh,WEST GODAVARI,Coconut,19
Andhra Pradesh,WEST GODAVARI,Coriander,3
Andhra Pradesh,WEST GODAVARI,Cotton(lint),23
Andhra Pradesh,WEST GODAVARI,Cowpea(Lobia),16
Andhra Pradesh,WEST GODAVARI,Dry chillies,36
Andhra Pradesh,WEST GODAVARI,Ginger,7
Andhra Pradesh,WEST GODAVARI,Gram,11
Andhra Pradesh,WEST GODAVARI,Groundnut,46
Andhra Pradesh,WEST GODAVARI,Horse-gram,28
Andhra Pradesh,WEST GODAVARI,Jowar,37
Andhra Pradesh,WEST GODAVARI,Maize,46
Andhra Pradesh,WEST GODAVARI,Masoor,1
Andhra Pradesh,WEST GODAVARI,Moong(Green Gram),42
Andhra Pradesh,WEST GODAVARI,Oilseeds total,9
Andhra Pradesh,WEST GODAVARI,Onion,2
Andhra Pradesh,WEST GODAVARI,Other  Rabi pulses,6
Andhra Pradesh,WEST GODAVARI,Other Kharif pulses,5
Andhra Pradesh,WEST GODAVARI,Ragi,4
Andhra Pradesh,WEST GODAVARI,Rapeseed &Mustard,5
Andhra Pradesh,WEST GODAVARI,Rice,46
Andhra Pradesh,WEST GODAVARI,Safflower,2
Andhra Pradesh,WEST GODAVARI,Sesamum,38
Andhra Pradesh,WEST GODAVARI,Small millets,8
Andhra Pradesh,WEST GODAVARI,Sugarcane,23
Andhra Pradesh,WEST GODAVARI,Sunflower,24
Andhra Pradesh,WEST GODAVARI,Sweet potato,10
Andhra Pradesh,WEST GODAVARI,Tapioca,15
Andhra Pradesh,WEST GODAVARI,Tobacco,43
Andhra Pradesh,WEST GODAVARI,Urad,45
Andhra Pradesh,WEST GODAVARI,Wheat,1
Andhra Pradesh,WEST GODAVARI,other oilseeds,7
Arunachal Pradesh,ANJAW,Dry chillies,16
Arunachal Pradesh,ANJAW,Ginger,16
Arunachal Pradesh,ANJAW,Groundnut,4
Arunachal Pradesh,ANJAW,Maize,16
Arunachal Pradesh,ANJAW,Masoor,4
Arunachal Pradesh,ANJAW,Moong(Green Gram),4
Arunachal Pradesh,ANJAW,Oilseeds total,10
Arunachal Pradesh,ANJAW,Other Kharif pulses,4
Arunachal Pradesh,ANJAW,Peas & beans (Pulses),8
Arunachal Pradesh,ANJAW,Potato,16
Arunachal Pradesh,ANJAW,Rapeseed &Mustard,4
Arunachal Pradesh,ANJAW,Rice,16
Arunachal Pradesh,ANJAW,Sesamum,4
Arunachal Pradesh,ANJAW,Small millets,16
Arunachal Pradesh,ANJAW,Soyabean,4
Arunachal Pradesh,ANJAW,Sugarcane,6
Arunachal Pradesh,ANJAW,Turmeric,16
Arunachal Pradesh,ANJAW,Urad,8
Arunachal Pradesh,ANJAW,Wheat,10
Arunachal Pradesh,CHANGLANG,Dry chillies,22
Arunachal Pradesh,CHANGLANG,Ginger,22
Arunachal Pradesh,CHANGLANG,Groundnut,6
Arunachal Pradesh,CHANGLANG,Maize,23
Arunachal Pradesh,CHANGLANG,Moong(Green Gram),4
Arunachal Pradesh,CHANGLANG,Oilseeds total,19
Arunachal Pradesh,CHANGLANG,Other  Rabi pulses,4
Arunachal Pradesh,CHANGLANG,Other Kharif pulses,4
Arunachal Pradesh,CHANGLANG,Peas & beans (Pulses),8
Arunachal Pradesh,CHANGLANG,Potato,22
Arunachal Pradesh,CHANGLANG,Rapeseed &Mustard,6
Arunachal Pradesh,CHANGLANG,Rice,23
Arunachal Pradesh,CHANGLANG,Sesamum,6
Arunachal Pradesh,CHANGLANG,Small millets,23
Arunachal Pradesh,CHANGLANG,Soyabean,6
Arunachal Pradesh,CHANGLANG,Sugarcane,22
Arunachal Pradesh,CHANGLANG,Sunflower,6
Arunachal Pradesh,CHANGLANG,Turmeric,21
Arunachal Pradesh,CHANGLANG,Urad,8
Arunachal Pradesh,CHANGLANG,Wheat,23
Arunachal Pradesh,CHANGLANG,other oilseeds,4
Arunachal Pradesh,DIBANG VALLEY,Arhar/Tur,4
Arunachal Pradesh,DIBANG VALLEY,Dry chillies,20
Arunachal Pradesh,DIBANG VALLEY,Ginger,22
Arunachal Pradesh,DIBANG VALLEY,Groundnut,6
Arunachal Pradesh,DIBANG VALLEY,Maize,23
Arunachal Pradesh,DIBANG VALLEY,Masoor,4
Arunachal Pradesh,DIBANG VALLEY,Moong(Green Gram),4
Arunachal Pradesh,DIBANG VALLEY,Oilseeds total,19
Arunachal Pradesh,DIBANG VALLEY,Other  Rabi pulses,4
Arunachal Pradesh,DIBANG VALLEY,Other Kharif pulses,4
Arunachal Pradesh,DIBANG VALLEY,Peas & beans (Pulses),8
Arunachal Pradesh,DIBANG VALLEY,Potato,22
Arunachal Pradesh,DIBANG VALLEY,Rapeseed &Mustard,6
Arunachal Pradesh,DIBANG VALLEY,Rice,23
Arunachal Pradesh,DIBANG VALLEY,Sesamum,6
Arunachal Pradesh,DIBANG VALLEY,Small millets,22
Arunachal Pradesh,DIBANG VALLEY,Soyabean,6
Arunachal Pradesh,DIBANG VALLEY,Sugarcane,3
Arunachal Pradesh,DIBANG VALLEY,Sunflower,6
Arunachal Pradesh,DIBANG VALLEY,Turmeric,4
Arunachal Pradesh,DIBANG VALLEY,Urad,8
Arunachal Pradesh,DIBANG VALLEY,Wheat,5
Arunachal Pradesh,EAST KAMENG,Arhar/Tur,4
Arunachal Pradesh,EAST KAMENG,Dry chillies,22
Arunachal Pradesh,EAST KAMENG,Ginger,22
Arunachal Pradesh,EAST KAMENG,Groundnut,2
Arunachal Pradesh,EAST KAMENG,Maize,23
Arunachal Pradesh,EAST KAMENG,Moong(Green Gram),4
Arunachal Pradesh,EAST KAMENG,Oilseeds total,19
Arunachal Pradesh,EAST KAMENG,Other  Rabi pulses,4
Arunachal Pradesh,EAST KAMENG,Other Kharif pulses,4
Arunachal Pradesh,EAST KAMENG,Peas & beans (Pulses),8
Arunachal Pradesh,EAST KAMENG,Potato,21
Arunachal Pradesh,EAST KAMENG,Rapeseed &Mustard,6
Arunachal Pradesh,EAST KAMENG,Rice,23
Arunachal Pradesh,EAST KAMENG,Sesamum,6
Arunachal Pradesh,EAST KAMENG,Small millets,23
Arunachal Pradesh,EAST KAMENG,Soyabean,6
Arunachal Pradesh,EAST KAMENG,Sugarcane,2
Arunachal Pradesh,EAST KAMENG,Sunflower,2
Arunachal Pradesh,EAST KAMENG,Turmeric,1
Arunachal Pradesh,EAST KAMENG,Urad,8
Arunachal Pradesh,EAST KAMENG,Wheat,23
Arunachal Pradesh,EAST SIANG,Arhar/Tur,4
Arunachal Pradesh,EAST SIANG,Dry chillies,22
Arunachal Pradesh,EAST SIANG,Ginger,22
Arunachal Pradesh,EAST SIANG,Groundnut,6
Arunachal Pradesh,EAST SIANG,Maize,23
Arunachal Pradesh,EAST SIANG,Masoor,4
Arunachal Pradesh,EAST SIANG,Moong(Green Gram),4
Arunachal Pradesh,EAST SIANG,Oilseeds total,19
Arunachal Pradesh,EAST SIANG,Other  Rabi pulses,4
Arunachal Pradesh,EAST SIANG,Other Kharif pulses,4
Arunachal Pradesh,EAST SIANG,Peas & beans (Pulses),8
Arunachal Pradesh,EAST SIANG,Potato,22
Arunachal Pradesh,EAST SIANG,Rapeseed &Mustard,6
Arunachal Pradesh,EAST SIANG,Rice,23
Arunachal Pradesh,EAST SIANG,Sesamum,6
Arunachal Pradesh,EAST SIANG,Small millets,23
Arunachal Pradesh,EAST SIANG,Soyabean,6
Arunachal Pradesh,EAST SIANG,Sugarcane,23
Arunachal Pradesh,EAST SIANG,Sunflower,6
Arunachal Pradesh,EAST SIANG,Turmeric,22
Arunachal Pradesh,EAST SIANG,Urad,8
Arunachal Pradesh,EAST SIANG,Wheat,22
Arunachal Pradesh,KAMLE,Arhar/Tur,2
Arunachal Pradesh,KAMLE,Dry chillies,2
Arunachal Pradesh,KAMLE,Ginger,2
Arunachal Pradesh,KAMLE,Maize,2
Arunachal Pradesh,KAMLE,Masoor,2
Arunachal Pradesh,KAMLE,Moong(Green Gram),2
Arunachal Pradesh,KAMLE,Other Kharif pulses,2
Arunachal Pradesh,KAMLE,Peas & beans (Pulses),4
Arunachal Pradesh,KAMLE,Potato,2
Arunachal Pradesh,KAMLE,Rapeseed &Mustard,2
Arunachal Pradesh,KAMLE,Rice,2
Arunachal Pradesh,KAMLE,Sesamum,2
Arunachal Pradesh,KAMLE,Small millets,2
Arunachal Pradesh,KAMLE,Soyabean,2
Arunachal Pradesh,KAMLE,Sugarcane,2
Arunachal Pradesh,KAMLE,Urad,4
Arunachal Pradesh,KRA DAADI,Dry chillies,5
Arunachal Pradesh,KRA DAADI,Ginger,5
Arunachal Pradesh,KRA DAADI,Groundnut,4
Arunachal Pradesh,KRA DAADI,Maize,5
Arunachal Pradesh,KRA DAADI,Oilseeds total,1
Arunachal Pradesh,KRA DAADI,Other  Rabi pulses,4
Arunachal Pradesh,KRA DAADI,Other Kharif pulses,4
Arunachal Pradesh,KRA DAADI,Peas & beans (Pulses),8
Arunachal Pradesh,KRA DAADI,Potato,5
Arunachal Pradesh,KRA DAADI,Rapeseed &Mustard,4
Arunachal Pradesh,KRA DAADI,Rice,5
Arunachal Pradesh,KRA DAADI,Sesamum,4
Arunachal Pradesh,KRA DAADI,Small millets,5
Arunachal Pradesh,KRA DAADI,Soyabean,4
Arunachal Pradesh,KRA DAADI,Sugarcane,5
Arunachal Pradesh,KRA DAADI,Urad,8
Arunachal Pradesh,KURUNG KUMEY,Dry chillies,14
Arunachal Pradesh,KURUNG KUMEY,Ginger,18
Arunachal Pradesh,KURUNG KUMEY,Groundnut,4
Arunachal Pradesh,KURUNG KUMEY,Maize,18
Arunachal Pradesh,KURUNG KUMEY,Oilseeds total,14
Arunachal Pradesh,KURUNG KUMEY,Other  Rabi pulses,4
Arunachal Pradesh,KURUNG KUMEY,Other Kharif pulses,4
Arunachal Pradesh,KURUNG KUMEY,Peas & beans (Pulses),8
Arunachal Pradesh,KURUNG KUMEY,Potato,17
Arunachal Pradesh,KURUNG KUMEY,Rapeseed &Mustard,4
Arunachal Pradesh,KURUNG KUMEY,Rice,18
Arunachal Pradesh,KURUNG KUMEY,Sesamum,4
Arunachal Pradesh,KURUNG KUMEY,Small millets,18
Arunachal Pradesh,KURUNG KUMEY,Soyabean,4
Arunachal Pradesh,KURUNG KUMEY,Sugarcane,9
Arunachal Pradesh,KURUNG KUMEY,Turmeric,5
Arunachal Pradesh,KURUNG KUMEY,Urad,8
Arunachal Pradesh,KURUNG KUMEY,Wheat,3
Arunachal Pradesh,LEPARADA,Arhar/Tur,1
Arunachal Pradesh,LEPARADA,Dry chillies,1
Arunachal Pradesh,LEPARADA,Ginger,1
Arunachal Pradesh,LEPARADA,Maize,1
Arunachal Pradesh,LEPARADA,Masoor,1
Arunachal Pradesh,LEPARADA,Moong(Green Gram),1
Arunachal Pradesh,LEPARADA,Other  Rabi pulses,1
Arunachal Pradesh,LEPARADA,Other Kharif pulses,1
Arunachal Pradesh,LEPARADA,Peas & beans (Pulses),2
Arunachal Pradesh,LEPARADA,Potato,1
Arunachal Pradesh,LEPARADA,Rapeseed &Mustard,1
Arunachal Pradesh,LEPARADA,Rice,1
Arunachal Pradesh,LEPARADA,Sesamum,1
Arunachal Pradesh,LEPARADA,Small millets,1
Arunachal Pradesh,LEPARADA,Soyabean,1
Arunachal Pradesh,LEPARADA,Sugarcane,1
Arunachal Pradesh,LEPARADA,Sunflower,1
Arunachal Pradesh,LEPARADA,Turmeric,1
Arunachal Pradesh,LEPARADA,Urad,2
Arunachal Pradesh,LEPARADA,other oilseeds,1
Arunachal Pradesh,LOHIT,Arhar/Tur,4
Arunachal Pradesh,LOHIT,Dry chillies,22
Arunachal Pradesh,LOHIT,Ginger,22
Arunachal Pradesh,LOHIT,Groundnut,6
Arunachal Pradesh,LOHIT,Maize,23
Arunachal Pradesh,LOHIT,Moong(Green Gram),4
Arunachal Pradesh,LOHIT,Oilseeds total,19
Arunachal Pradesh,LOHIT,Other  Rabi pulses,4
Arunachal Pradesh,LOHIT,Other Kharif pulses,4
Arunachal Pradesh,LOHIT,Peas & beans (Pulses),8
Arunachal Pradesh,LOHIT,Potato,22
Arunachal Pradesh,LOHIT,Rapeseed &Mustard,6
Arunachal Pradesh,LOHIT,Rice,23
Arunachal Pradesh,LOHIT,Sesamum,6
Arunachal Pradesh,LOHIT,Small millets,23
Arunachal Pradesh,LOHIT,Soyabean,6
Arunachal Pradesh,LOHIT,Sugarcane,22
Arunachal Pradesh,LOHIT,Sunflower,6
Arunachal Pradesh,LOHIT,Turmeric,22
Arunachal Pradesh,LOHIT,Urad,8
Arunachal Pradesh,LOHIT,Wheat,23
Arunachal Pradesh,LOHIT,other oilseeds,4
Arunachal Pradesh,LONGDING,Arhar/Tur,4
Arunachal Pradesh,LONGDING,Dry chillies,7
Arunachal Pradesh,LONGDING,Ginger,7
Arunachal Pradesh,LONGDING,Maize,7
Arunachal Pradesh,LONGDING,Moong(Green Gram),4
Arunachal Pradesh,LONGDING,Oilseeds total,3
Arunachal Pradesh,LONGDING,Other  Rabi pulses,4
Arunachal Pradesh,LONGDING,Other Kharif pulses,4
Arunachal Pradesh,LONGDING,Peas & beans (Pulses),8
Arunachal Pradesh,LONGDING,Potato,6
Arunachal Pradesh,LONGDING,Rapeseed &Mustard,4
Arunachal Pradesh,LONGDING,Rice,7
Arunachal Pradesh,LONGDING,Small millets,7
Arunachal Pradesh,LONGDING,Soyabean,4
Arunachal Pradesh,LONGDING,Urad,8
Arunachal Pradesh,LOWER DIBANG VALLEY,Arhar/Tur,4
Arunachal Pradesh,LOWER DIBANG VALLEY,Dry chillies,18
Arunachal Pradesh,LOWER DIBANG VALLEY,Ginger,18
Arunachal Pradesh,LOWER DIBANG VALLEY,Groundnut,4
Arunachal Pradesh,LOWER DIBANG VALLEY,Maize,18
Arunachal Pradesh,LOWER DIBANG VALLEY,Masoor,4
Arunachal Pradesh,LOWER DIBANG VALLEY,Moong(Green Gram),4
Arunachal Pradesh,LOWER DIBANG VALLEY,Oilseeds total,14
Arunachal Pradesh,LOWER DIBANG VALLEY,Other  Rabi pulses,4
Arunachal Pradesh,LOWER DIBANG VALLEY,Other Kharif pulses,4
Arunachal Pradesh,LOWER DIBANG VALLEY,Peas & beans (Pulses),8
Arunachal Pradesh,LOWER DIBANG VALLEY,Potato,18
Arunachal Pradesh,LOWER DIBANG VALLEY,Rapeseed &Mustard,4
Arunachal Pradesh,LOWER DIBANG VALLEY,Rice,18
Arunachal Pradesh,LOWER DIBANG VALLEY,Sesamum,4
Arunachal Pradesh,LOWER DIBANG VALLEY,Small millets,18
Arunachal Pradesh,LOWER DIBANG VALLEY,Soyabean,4
Arunachal Pradesh,LOWER DIBANG VALLEY,Sugarcane,17
Arunachal Pradesh,LOWER DIBANG VALLEY,Sunflower,4
Arunachal Pradesh,LOWER DIBANG VALLEY,Turmeric,18
Arunachal Pradesh,LOWER DIBANG VALLEY,Urad,8
Arunachal Pradesh,LOWER DIBANG VALLEY,Wheat,18
Arunachal Pradesh,LOWER DIBANG VALLEY,other oilseeds,4
Arunachal Pradesh,LOWER SIANG,Arhar/Tur,2
Arunachal Pradesh,LOWER SIANG,Dry chillies,2
Arunachal Pradesh,LOWER SIANG,Ginger,2
Arunachal Pradesh,LOWER SIANG,Maize,2
Arunachal Pradesh,LOWER SIANG,Masoor,2
Arunachal Pradesh,LOWER SIANG,Moong(Green Gram),2
Arunachal Pradesh,LOWER SIANG,Other  Rabi pulses,2
Arunachal Pradesh,LOWER SIANG,Other Kharif pulses,2
Arunachal Pradesh,LOWER SIANG,Peas & beans (Pulses),4
Arunachal Pradesh,LOWER SIANG,Potato,2
Arunachal Pradesh,LOWER SIANG,Rapeseed &Mustard,2
Arunachal Pradesh,LOWER SIANG,Rice,2
Arunachal Pradesh,LOWER SIANG,Sesamum,2
Arunachal Pradesh,LOWER SIANG,Small millets,2
Arunachal Pradesh,LOWER SIANG,Soyabean,2
Arunachal Pradesh,LOWER SIANG,Sugarcane,2
Arunachal Pradesh,LOWER SIANG,Sunflower,2
Arunachal Pradesh,LOWER SIANG,Turmeric,2
Arunachal Pradesh,LOWER SIANG,Urad,4
Arunachal Pradesh,LOWER SIANG,Wheat,2
Arunachal Pradesh,LOWER SUBANSIRI,Arhar/Tur,4
Arunachal Pradesh,LOWER SUBANSIRI,Dry chillies,22
Arunachal Pradesh,LOWER SUBANSIRI,Ginger,22
Arunachal Pradesh,LOWER SUBANSIRI,Groundnut,6
Arunachal Pradesh,LOWER SUBANSIRI,Maize,23
Arunachal Pradesh,LOWER SUBANSIRI,Masoor,4
Arunachal Pradesh,LOWER SUBANSIRI,Moong(Green Gram),3
Arunachal Pradesh,LOWER SUBANSIRI,Oilseeds total,19
Arunachal Pradesh,LOWER SUBANSIRI,Other Kharif pulses,4
Arunachal Pradesh,LOWER SUBANSIRI,Peas & beans (Pulses),8
Arunachal Pradesh,LOWER SUBANSIRI,Potato,22
Arunachal Pradesh,LOWER SUBANSIRI,Rapeseed &Mustard,6
Arunachal Pradesh,LOWER SUBANSIRI,Rice,23
Arunachal Pradesh,LOWER SUBANSIRI,Sesamum,6
Arunachal Pradesh,LOWER SUBANSIRI,Small millets,23
Arunachal Pradesh,LOWER SUBANSIRI,Soyabean,6
Arunachal Pradesh,LOWER SUBANSIRI,Sugarcane,22
Arunachal Pradesh,LOWER SUBANSIRI,Sunflower,6
Arunachal Pradesh,LOWER SUBANSIRI,Turmeric,6
Arunachal Pradesh,LOWER SUBANSIRI,Urad,8
Arunachal Pradesh,LOWER SUBANSIRI,Wheat,9
Arunachal Pradesh,NAMSAI,Arhar/Tur,4
Arunachal Pradesh,NAMSAI,Dry chillies,5
Arunachal Pradesh,NAMSAI,Ginger,5
Arunachal Pradesh,NAMSAI,Groundnut,4
Arunachal Pradesh,NAMSAI,Maize,5
Arunachal Pradesh,NAMSAI,Moong(Green Gram),4
Arunachal Pradesh,NAMSAI,Oilseeds total,1
Arunachal Pradesh,NAMSAI,Other  Rabi pulses,4
Arunachal Pradesh,NAMSAI,Other Kharif pulses,4
Arunachal Pradesh,NAMSAI,Peas & beans (Pulses),8
Arunachal Pradesh,NAMSAI,Potato,6
Arunachal Pradesh,NAMSAI,Rapeseed &Mustard,4
Arunachal Pradesh,NAMSAI,Rice,5
Arunachal Pradesh,NAMSAI,Sesamum,4
Arunachal Pradesh,NAMSAI,Small millets,5
Arunachal Pradesh,NAMSAI,Soyabean,4
Arunachal Pradesh,NAMSAI,Sugarcane,5
Arunachal Pradesh,NAMSAI,Sunflower,4
Arunachal Pradesh,NAMSAI,Turmeric,5
Arunachal Pradesh,NAMSAI,Urad,8
Arunachal Pradesh,NAMSAI,Wheat,5
Arunachal Pradesh,NAMSAI,other oilseeds,4
Arunachal Pradesh,PAKKE KESSANG,Arhar/Tur,1
Arunachal Pradesh,PAKKE KESSANG,Dry chillies,1
Arunachal Pradesh,PAKKE KESSANG,Ginger,1
Arunachal Pradesh,PAKKE KESSANG,Maize,1
Arunachal Pradesh,PAKKE KESSANG,Moong(Green Gram),1
Arunachal Pradesh,PAKKE KESSANG,Other  Rabi pulses,1
Arunachal Pradesh,PAKKE KESSANG,Other Kharif pulses,1
Arunachal Pradesh,PAKKE KESSANG,Peas & beans (Pulses),2
Arunachal Pradesh,PAKKE KESSANG,Potato,1
Arunachal Pradesh,PAKKE KESSANG,Rapeseed &Mustard,1
Arunachal Pradesh,PAKKE KESSANG,Rice,1
Arunachal Pradesh,PAKKE KESSANG,Sesamum,1
Arunachal Pradesh,PAKKE KESSANG,Small millets,1
Arunachal Pradesh,PAKKE KESSANG,Soyabean,1
Arunachal Pradesh,PAKKE KESSANG,Urad,2
Arunachal Pradesh,PAKKE KESSANG,Wheat,1
Arunachal Pradesh,PAPUM PARE,Arhar/Tur,4
Arunachal Pradesh,PAPUM PARE,Dry chillies,22
Arunachal Pradesh,PAPUM PARE,Ginger,22
Arunachal Pradesh,PAPUM PARE,Groundnut,6
Arunachal Pradesh,PAPUM PARE,Maize,23
Arunachal Pradesh,PAPUM PARE,Masoor,4
Arunachal Pradesh,PAPUM PARE,Moong(Green Gram),4
Arunachal Pradesh,PAPUM PARE,Oilseeds total,19
Arunachal Pradesh,PAPUM PARE,Other Kharif pulses,4
Arunachal Pradesh,PAPUM PARE,Peas & beans (Pulses),8
Arunachal Pradesh,PAPUM PARE,Potato,22
Arunachal Pradesh,PAPUM PARE,Rapeseed &Mustard,6
Arunachal Pradesh,PAPUM PARE,Rice,23
Arunachal Pradesh,PAPUM PARE,Sesamum,6
Arunachal Pradesh,PAPUM PARE,Small millets,23
Arunachal Pradesh,PAPUM PARE,Soyabean,6
Arunachal Pradesh,PAPUM PARE,Sugarcane,22
Arunachal Pradesh,PAPUM PARE,Sunflower,6
Arunachal Pradesh,PAPUM PARE,Turmeric,15
Arunachal Pradesh,PAPUM PARE,Urad,8
Arunachal Pradesh,PAPUM PARE,Wheat,23
Arunachal Pradesh,PAPUM PARE,other oilseeds,4
Arunachal Pradesh,SHI YOMI,Dry chillies,1
Arunachal Pradesh,SHI YOMI,Ginger,1
Arunachal Pradesh,SHI YOMI,Maize,1
Arunachal Pradesh,SHI YOMI,Other  Rabi pulses,1
Arunachal Pradesh,SHI YOMI,Other Kharif pulses,1
Arunachal Pradesh,SHI YOMI,Peas & beans (Pulses),1
Arunachal Pradesh,SHI YOMI,Potato,1
Arunachal Pradesh,SHI YOMI,Rapeseed &Mustard,1
Arunachal Pradesh,SHI YOMI,Rice,1
Arunachal Pradesh,SHI YOMI,Sesamum,1
Arunachal Pradesh,SHI YOMI,Small millets,1
Arunachal Pradesh,SHI YOMI,Soyabean,1
Arunachal Pradesh,SHI YOMI,Sugarcane,1
Arunachal Pradesh,SHI YOMI,Sunflower,1
Arunachal Pradesh,SHI YOMI,Turmeric,1
Arunachal Pradesh,SHI YOMI,Urad,2
Arunachal Pradesh,SIANG,Arhar/Tur,4
Arunachal Pradesh,SIANG,Dry chillies,5
Arunachal Pradesh,SIANG,Ginger,5
Arunachal Pradesh,SIANG,Groundnut,4
Arunachal Pradesh,SIANG,Maize,5
Arunachal Pradesh,SIANG,Masoor,4
Arunachal Pradesh,SIANG,Moong(Green Gram),4
Arunachal Pradesh,SIANG,Oilseeds total,1
Arunachal Pradesh,SIANG,Other  Rabi pulses,4
Arunachal Pradesh,SIANG,Other Kharif pulses,4
Arunachal Pradesh,SIANG,Peas & beans (Pulses),8
Arunachal Pradesh,SIANG,Potato,5
Arunachal Pradesh,SIANG,Rapeseed &Mustard,4
Arunachal Pradesh,SIANG,Rice,5
Arunachal Pradesh,SIANG,Sesamum,4
Arunachal Pradesh,SIANG,Small millets,5
Arunachal Pradesh,SIANG,Soyabean,4
Arunachal Pradesh,SIANG,Sugarcane,5
Arunachal Pradesh,SIANG,Sunflower,4
Arunachal Pradesh,SIANG,Turmeric,5
Arunachal Pradesh,SIANG,Urad,8
Arunachal Pradesh,SIANG,other oilseeds,4
Arunachal Pradesh,TAWANG,Dry chillies,18
Arunachal Pradesh,TAWANG,Ginger,18
Arunachal Pradesh,TAWANG,Groundnut,2
Arunachal Pradesh,TAWANG,Maize,23
Arunachal Pradesh,TAWANG,Moong(Green Gram),4
Arunachal Pradesh,TAWANG,Oilseeds total,19
Arunachal Pradesh,TAWANG,Other  Rabi pulses,4
Arunachal Pradesh,TAWANG,Other Kharif pulses,4
Arunachal Pradesh,TAWANG,Potato,22
Arunachal Pradesh,TAWANG,Rapeseed &Mustard,2
Arunachal Pradesh,TAWANG,Rice,23
Arunachal Pradesh,TAWANG,Small millets,23
Arunachal Pradesh,TAWANG,Soyabean,6
Arunachal Pradesh,TAWANG,Sunflower,2
Arunachal Pradesh,TAWANG,Turmeric,18
Arunachal Pradesh,TAWANG,Wheat,23
Arunachal Pradesh,TIRAP,Arhar/Tur,4
Arunachal Pradesh,TIRAP,Dry chillies,21
Arunachal Pradesh,TIRAP,Ginger,21
Arunachal Pradesh,TIRAP,Groundnut,2
Arunachal Pradesh,TIRAP,Maize,23
Arunachal Pradesh,TIRAP,Masoor,4
Arunachal Pradesh,TIRAP,Moong(Green Gram),4
Arunachal Pradesh,TIRAP,Oilseeds total,19
Arunachal Pradesh,TIRAP,Other Kharif pulses,4
Arunachal Pradesh,TIRAP,Peas & beans (Pulses),8
Arunachal Pradesh,TIRAP,Potato,22
Arunachal Pradesh,TIRAP,Rapeseed &Mustard,6
Arunachal Pradesh,TIRAP,Rice,23
Arunachal Pradesh,TIRAP,Small millets,23
Arunachal Pradesh,TIRAP,Soyabean,6
Arunachal Pradesh,TIRAP,Sugarcane,9
Arunachal Pradesh,TIRAP,Sunflower,2
Arunachal Pradesh,TIRAP,Turmeric,6
Arunachal Pradesh,TIRAP,Urad,8
Arunachal Pradesh,TIRAP,Wheat,16
Arunachal Pradesh,UPPER SIANG,Arhar/Tur,4
Arunachal Pradesh,UPPER SIANG,Dry chillies,22
Arunachal Pradesh,UPPER SIANG,Ginger,17
Arunachal Pradesh,UPPER SIANG,Groundnut,2
Arunachal Pradesh,UPPER SIANG,Maize,23
Arunachal Pradesh,UPPER SIANG,Moong(Green Gram),4
Arunachal Pradesh,UPPER SIANG,Oilseeds total,19
Arunachal Pradesh,UPPER SIANG,Other  Rabi pulses,4
Arunachal Pradesh,UPPER SIANG,Other Kharif pulses,4
Arunachal Pradesh,UPPER SIANG,Peas & beans (Pulses),8
Arunachal Pradesh,UPPER SIANG,Potato,22
Arunachal Pradesh,UPPER SIANG,Rapeseed &Mustard,6
Arunachal Pradesh,UPPER SIANG,Rice,23
Arunachal Pradesh,UPPER SIANG,Sesamum,6
Arunachal Pradesh,UPPER SIANG,Small millets,23
Arunachal Pradesh,UPPER SIANG,Soyabean,2
Arunachal Pradesh,UPPER SIANG,Sugarcane,17
Arunachal Pradesh,UPPER SIANG,Sunflower,2
Arunachal Pradesh,UPPER SIANG,Urad,8
Arunachal Pradesh,UPPER SIANG,Wheat,1
Arunachal Pradesh,UPPER SIANG,other oilseeds,4
Arunachal Pradesh,UPPER SUBANSIRI,Arhar/Tur,4
Arunachal Pradesh,UPPER SUBANSIRI,Dry chillies,22
Arunachal Pradesh,UPPER SUBANSIRI,Ginger,21
Arunachal Pradesh,UPPER SUBANSIRI,Groundnut,6
Arunachal Pradesh,UPPER SUBANSIRI,Maize,23
Arunachal Pradesh,UPPER SUBANSIRI,Masoor,4
Arunachal Pradesh,UPPER SUBANSIRI,Moong(Green Gram),4
Arunachal Pradesh,UPPER SUBANSIRI,Oilseeds total,19
Arunachal Pradesh,UPPER SUBANSIRI,Other Kharif pulses,4
Arunachal Pradesh,UPPER SUBANSIRI,Peas & beans (Pulses),8
Arunachal Pradesh,UPPER SUBANSIRI,Potato,21
Arunachal Pradesh,UPPER SUBANSIRI,Rapeseed &Mustard,6
Arunachal Pradesh,UPPER SUBANSIRI,Rice,23
Arunachal Pradesh,UPPER SUBANSIRI,Sesamum,6
Arunachal Pradesh,UPPER SUBANSIRI,Small millets,23
Arunachal Pradesh,UPPER SUBANSIRI,Soyabean,6
Arunachal Pradesh,UPPER SUBANSIRI,Sugarcane,21
Arunachal Pradesh,UPPER SUBANSIRI,Sunflower,2
Arunachal Pradesh,UPPER SUBANSIRI,Turmeric,6
Arunachal Pradesh,UPPER SUBANSIRI,Urad,8
Arunachal Pradesh,UPPER SUBANSIRI,Wheat,11
Arunachal Pradesh,WEST KAMENG,Dry chillies,21
Arunachal Pradesh,WEST KAMENG,Ginger,22
Arunachal Pradesh,WEST KAMENG,Groundnut,2
Arunachal Pradesh,WEST KAMENG,Maize,23
Arunachal Pradesh,WEST KAMENG,Moong(Green Gram),1
Arunachal Pradesh,WEST KAMENG,Oilseeds total,19
Arunachal Pradesh,WEST KAMENG,Other  Rabi pulses,4
Arunachal Pradesh,WEST KAMENG,Other Kharif pulses,4
Arunachal Pradesh,WEST KAMENG,Peas & beans (Pulses),8
Arunachal Pradesh,WEST KAMENG,Potato,22
Arunachal Pradesh,WEST KAMENG,Rapeseed &Mustard,6
Arunachal Pradesh,WEST KAMENG,Rice,23
Arunachal Pradesh,WEST KAMENG,Small millets,23
Arunachal Pradesh,WEST KAMENG,Soyabean,6
Arunachal Pradesh,WEST KAMENG,Sunflower,2
Arunachal Pradesh,WEST KAMENG,Wheat,23
Arunachal Pradesh,WEST SIANG,Arhar/Tur,4
Arunachal Pradesh,WEST SIANG,Dry chillies,22
Arunachal Pradesh,WEST SIANG,Ginger,22
Arunachal Pradesh,WEST SIANG,Groundnut,6
Arunachal Pradesh,WEST SIANG,Maize,23
Arunachal Pradesh,WEST SIANG,Masoor,4
Arunachal Pradesh,WEST SIANG,Moong(Green Gram),4
Arunachal Pradesh,WEST SIANG,Oilseeds total,19
Arunachal Pradesh,WEST SIANG,Other  Rabi pulses,4
Arunachal Pradesh,WEST SIANG,Other Kharif pulses,4
Arunachal Pradesh,WEST SIANG,Peas & beans (Pulses),8
Arunachal Pradesh,WEST SIANG,Potato,22
Arunachal Pradesh,WEST SIANG,Rapeseed &Mustard,6
Arunachal Pradesh,WEST SIANG,Rice,23
Arunachal Pradesh,WEST SIANG,Sesamum,6
Arunachal Pradesh,WEST SIANG,Small millets,23
Arunachal Pradesh,WEST SIANG,Soyabean,6
Arunachal Pradesh,WEST SIANG,Sugarcane,23
Arunachal Pradesh,WEST SIANG,Sunflower,6
Arunachal Pradesh,WEST SIANG,Turmeric,20
Arunachal Pradesh,WEST SIANG,Urad,8
Arunachal Pradesh,WEST SIANG,Wheat,15
Arunachal Pradesh,WEST SIANG,other oilseeds,4
Assam,BAKSA,Arecanut,14
Assam,BAKSA,Arhar/Tur,15
Assam,BAKSA,Banana,15
Assam,BAKSA,Black pepper,13
Assam,BAKSA,Castor seed,15
Assam,BAKSA,Coconut,14
Assam,BAKSA,Cotton(lint),15
Assam,BAKSA,Dry chillies,15
Assam,BAKSA,Ginger,13
Assam,BAKSA,Gram,15
Assam,BAKSA,Jute,15
Assam,BAKSA,Linseed,15
Assam,BAKSA,Maize,15
Assam,BAKSA,Masoor,15
Assam,BAKSA,Mesta,15
Assam,BAKSA,Moong(Green Gram),15
Assam,BAKSA,Niger seed,15
Assam,BAKSA,Onion,15
Assam,BAKSA,Other  Rabi pulses,7
Assam,BAKSA,Peas & beans (Pulses),15
Assam,BAKSA,Potato,15
Assam,BAKSA,Rapeseed &Mustard,15
Assam,BAKSA,Rice,45
Assam,BAKSA,Sesamum,15
Assam,BAKSA,Small millets,15
Assam,BAKSA,Sugarcane,15
Assam,BAKSA,Sweet potato,15
Assam,BAKSA,Tapioca,15
Assam,BAKSA,Tobacco,15
Assam,BAKSA,Turmeric,15
Assam,BAKSA,Urad,15
Assam,BAKSA,Wheat,15
Assam,BARPETA,Arecanut,22
Assam,BARPETA,Arhar/Tur,23
Assam,BARPETA,Banana,21
Assam,BARPETA,Black pepper,13
Assam,BARPETA,Castor seed,23
Assam,BARPETA,Coconut,22
Assam,BARPETA,Cotton(lint),23
Assam,BARPETA,Dry chillies,23
Assam,BARPETA,Ginger,13
Assam,BARPETA,Gram,23
Assam,BARPETA,Jute,23
Assam,BARPETA,Linseed,23
Assam,BARPETA,Maize,22
Assam,BARPETA,Masoor,19
Assam,BARPETA,Mesta,23
Assam,BARPETA,Moong(Green Gram),19
Assam,BARPETA,Niger seed,23
Assam,BARPETA,Onion,23
Assam,BARPETA,Other  Rabi pulses,14
Assam,BARPETA,Peas & beans (Pulses),19
Assam,BARPETA,Potato,23
Assam,BARPETA,Rapeseed &Mustard,23
Assam,BARPETA,Rice,69
Assam,BARPETA,Sesamum,23
Assam,BARPETA,Small millets,23
Assam,BARPETA,Sugarcane,23
Assam,BARPETA,Sweet potato,23
Assam,BARPETA,Tapioca,22
Assam,BARPETA,Tobacco,21
Assam,BARPETA,Turmeric,23
Assam,BARPETA,Urad,19
Assam,BARPETA,Wheat,23
Assam,BISWANATH,Arecanut,1
Assam,BISWANATH,Coconut,1
Assam,BONGAIGAON,Arecanut,22
Assam,BONGAIGAON,Arhar/Tur,23
Assam,BONGAIGAON,Banana,21
Assam,BONGAIGAON,Black pepper,13
Assam,BONGAIGAON,Castor seed,22
Assam,BONGAIGAON,Coconut,22
Assam,BONGAIGAON,Cotton(lint),15
Assam,BONGAIGAON,Dry chillies,23
Assam,BONGAIGAON,Ginger,13
Assam,BONGAIGAON,Gram,23
Assam,BONGAIGAON,Jute,23
Assam,BONGAIGAON,Linseed,23
Assam,BONGAIGAON,Maize,22
Assam,BONGAIGAON,Masoor,19
Assam,BONGAIGAON,Mesta,23
Assam,BONGAIGAON,Moong(Green Gram),19
Assam,BONGAIGAON,Niger seed,23
Assam,BONGAIGAON,Onion,23
Assam,BONGAIGAON,Other  Rabi pulses,14
Assam,BONGAIGAON,Peas & beans (Pulses),19
Assam,BONGAIGAON,Potato,23
Assam,BONGAIGAON,Rapeseed &Mustard,23
Assam,BONGAIGAON,Rice,69
Assam,BONGAIGAON,Sesamum,23
Assam,BONGAIGAON,Small millets,23
Assam,BONGAIGAON,Sugarcane,23
Assam,BONGAIGAON,Sweet potato,23
Assam,BONGAIGAON,Tapioca,22
Assam,BONGAIGAON,Tobacco,16
Assam,BONGAIGAON,Turmeric,23
Assam,BONGAIGAON,Urad,19
Assam,BONGAIGAON,Wheat,23
Assam,CACHAR,Arecanut,22
Assam,CACHAR,Arhar/Tur,23
Assam,CACHAR,Banana,21
Assam,CACHAR,Black pepper,13
Assam,CACHAR,Castor seed,5
Assam,CACHAR,Coconut,22
Assam,CACHAR,Cotton(lint),23
Assam,CACHAR,Dry chillies,23
Assam,CACHAR,Ginger,13
Assam,CACHAR,Gram,23
Assam,CACHAR,Jute,23
Assam,CACHAR,Linseed,23
Assam,CACHAR,Maize,22
Assam,CACHAR,Masoor,19
Assam,CACHAR,Mesta,23
Assam,CACHAR,Moong(Green Gram),19
Assam,CACHAR,Niger seed,23
Assam,CACHAR,Onion,23
Assam,CACHAR,Other  Rabi pulses,14
Assam,CACHAR,Peas & beans (Pulses),19
Assam,CACHAR,Potato,23
Assam,CACHAR,Rapeseed &Mustard,23
Assam,CACHAR,Rice,69
Assam,CACHAR,Sesamum,23
Assam,CACHAR,Small millets,23
Assam,CACHAR,Sugarcane,23
Assam,CACHAR,Sweet potato,23
Assam,CACHAR,Tapioca,22
Assam,CACHAR,Tobacco,23
Assam,CACHAR,Turmeric,23
Assam,CACHAR,Urad,19
Assam,CACHAR,Wheat,23
Assam,CHARAIDEO,Arecanut,1
Assam,CHARAIDEO,Coconut,1
Assam,CHIRANG,Arecanut,14
Assam,CHIRANG,Arhar/Tur,15
Assam,CHIRANG,Banana,15
Assam,CHIRANG,Black pepper,13
Assam,CHIRANG,Castor seed,13
Assam,CHIRANG,Coconut,14
Assam,CHIRANG,Cotton(lint),14
Assam,CHIRANG,Dry chillies,15
Assam,CHIRANG,Ginger,13
Assam,CHIRANG,Gram,15
Assam,CHIRANG,Jute,15
Assam,CHIRANG,Linseed,15
Assam,CHIRANG,Maize,15
Assam,CHIRANG,Masoor,15
Assam,CHIRANG,Mesta,15
Assam,CHIRANG,Moong(Green Gram),15
Assam,CHIRANG,Niger seed,15
Assam,CHIRANG,Onion,15
Assam,CHIRANG,Other  Rabi pulses,7
Assam,CHIRANG,Peas & beans (Pulses),15
Assam,CHIRANG,Potato,15
Assam,CHIRANG,Rapeseed &Mustard,15
Assam,CHIRANG,Rice,45
Assam,CHIRANG,Sesamum,15
Assam,CHIRANG,Small millets,15
Assam,CHIRANG,Sugarcane,15
Assam,CHIRANG,Sweet potato,15
Assam,CHIRANG,Tapioca,15
Assam,CHIRANG,Tobacco,15
Assam,CHIRANG,Turmeric,15
Assam,CHIRANG,Urad,15
Assam,CHIRANG,Wheat,15
Assam,DARRANG,Arecanut,22
Assam,DARRANG,Arhar/Tur,23
Assam,DARRANG,Banana,21
Assam,DARRANG,Black pepper,13
Assam,DARRANG,Castor seed,21
Assam,DARRANG,Coconut,22
Assam,DARRANG,Cotton(lint),22
Assam,DARRANG,Dry chillies,23
Assam,DARRANG,Ginger,13
Assam,DARRANG,Gram,23
Assam,DARRANG,Jute,23
Assam,DARRANG,Linseed,23
Assam,DARRANG,Maize,22
Assam,DARRANG,Masoor,19
Assam,DARRANG,Mesta,23
Assam,DARRANG,Moong(Green Gram),19
Assam,DARRANG,Niger seed,23
Assam,DARRANG,Onion,23
Assam,DARRANG,Other  Rabi pulses,14
Assam,DARRANG,Peas & beans (Pulses),19
Assam,DARRANG,Potato,23
Assam,DARRANG,Rapeseed &Mustard,23
Assam,DARRANG,Rice,69
Assam,DARRANG,Sesamum,23
Assam,DARRANG,Small millets,22
Assam,DARRANG,Sugarcane,23
Assam,DARRANG,Sweet potato,23
Assam,DARRANG,Tapioca,19
Assam,DARRANG,Tobacco,11
Assam,DARRANG,Turmeric,23
Assam,DARRANG,Urad,19
Assam,DARRANG,Wheat,23
Assam,DHEMAJI,Arecanut,22
Assam,DHEMAJI,Arhar/Tur,23
Assam,DHEMAJI,Banana,21
Assam,DHEMAJI,Black pepper,13
Assam,DHEMAJI,Castor seed,22
Assam,DHEMAJI,Coconut,22
Assam,DHEMAJI,Cotton(lint),23
Assam,DHEMAJI,Dry chillies,23
Assam,DHEMAJI,Ginger,13
Assam,DHEMAJI,Gram,23
Assam,DHEMAJI,Jute,23
Assam,DHEMAJI,Linseed,23
Assam,DHEMAJI,Maize,22
Assam,DHEMAJI,Masoor,19
Assam,DHEMAJI,Mesta,23
Assam,DHEMAJI,Moong(Green Gram),19
Assam,DHEMAJI,Niger seed,23
Assam,DHEMAJI,Onion,23
Assam,DHEMAJI,Other  Rabi pulses,13
Assam,DHEMAJI,Peas & beans (Pulses),19
Assam,DHEMAJI,Potato,23
Assam,DHEMAJI,Rapeseed &Mustard,23
Assam,DHEMAJI,Rice,69
Assam,DHEMAJI,Sesamum,23
Assam,DHEMAJI,Small millets,23
Assam,DHEMAJI,Sugarcane,23
Assam,DHEMAJI,Sweet potato,23
Assam,DHEMAJI,Tapioca,22
Assam,DHEMAJI,Tobacco,20
Assam,DHEMAJI,Turmeric,23
Assam,DHEMAJI,Urad,19
Assam,DHEMAJI,Wheat,23
Assam,DHUBRI,Arecanut,22
Assam,DHUBRI,Arhar/Tur,23
Assam,DHUBRI,Banana,21
Assam,DHUBRI,Black pepper,12
Assam,DHUBRI,Castor seed,22
Assam,DHUBRI,Coconut,22
Assam,DHUBRI,Cotton(lint),8
Assam,DHUBRI,Dry chillies,23
Assam,DHUBRI,Ginger,13
Assam,DHUBRI,Gram,23
Assam,DHUBRI,Jute,23
Assam,DHUBRI,Linseed,23
Assam,DHUBRI,Maize,22
Assam,DHUBRI,Masoor,19
Assam,DHUBRI,Mesta,23
Assam,DHUBRI,Moong(Green Gram),19
Assam,DHUBRI,Niger seed,23
Assam,DHUBRI,Onion,23
Assam,DHUBRI,Other  Rabi pulses,14
Assam,DHUBRI,Peas & beans (Pulses),19
Assam,DHUBRI,Potato,23
Assam,DHUBRI,Rapeseed &Mustard,23
Assam,DHUBRI,Rice,69
Assam,DHUBRI,Sesamum,23
Assam,DHUBRI,Small millets,23
Assam,DHUBRI,Sugarcane,23
Assam,DHUBRI,Sweet potato,23
Assam,DHUBRI,Tapioca,22
Assam,DHUBRI,Tobacco,12
Assam,DHUBRI,Turmeric,23
Assam,DHUBRI,Urad,19
Assam,DHUBRI,Wheat,23
Assam,DIBRUGARH,Arecanut,22
Assam,DIBRUGARH,Arhar/Tur,23
Assam,DIBRUGARH,Banana,21
Assam,DIBRUGARH,Black pepper,13
Assam,DIBRUGARH,Castor seed,18
Assam,DIBRUGARH,Coconut,22
Assam,DIBRUGARH,Cotton(lint),12
Assam,DIBRUGARH,Dry chillies,23
Assam,DIBRUGARH,Ginger,13
Assam,DIBRUGARH,Gram,19
Assam,DIBRUGARH,Jute,23
Assam,DIBRUGARH,Linseed,16
Assam,DIBRUGARH,Maize,21
Assam,DIBRUGARH,Masoor,18
Assam,DIBRUGARH,Mesta,17
Assam,DIBRUGARH,Moong(Green Gram),19
Assam,DIBRUGARH,Niger seed,4
Assam,DIBRUGARH,Onion,23
Assam,DIBRUGARH,Other  Rabi pulses,13
Assam,DIBRUGARH,Peas & beans (Pulses),19
Assam,DIBRUGARH,Potato,23
Assam,DIBRUGARH,Rapeseed &Mustard,23
Assam,DIBRUGARH,Rice,69
Assam,DIBRUGARH,Sesamum,23
Assam,DIBRUGARH,Small millets,15
Assam,DIBRUGARH,Sugarcane,23
Assam,DIBRUGARH,Sweet potato,23
Assam,DIBRUGARH,Tapioca,22
Assam,DIBRUGARH,Tobacco,9
Assam,DIBRUGARH,Turmeric,23
Assam,DIBRUGARH,Urad,19
Assam,DIBRUGARH,Wheat,22
Assam,DIMA HASAO,Arecanut,22
Assam,DIMA HASAO,Arhar/Tur,23
Assam,DIMA HASAO,Banana,21
Assam,DIMA HASAO,Black pepper,13
Assam,DIMA HASAO,Castor seed,22
Assam,DIMA HASAO,Coconut,22
Assam,DIMA HASAO,Cotton(lint),23
Assam,DIMA HASAO,Dry chillies,23
Assam,DIMA HASAO,Ginger,13
Assam,DIMA HASAO,Gram,16
Assam,DIMA HASAO,Jute,23
Assam,DIMA HASAO,Linseed,16
Assam,DIMA HASAO,Maize,22
Assam,DIMA HASAO,Masoor,19
Assam,DIMA HASAO,Mesta,23
Assam,DIMA HASAO,Moong(Green Gram),19
Assam,DIMA HASAO,Niger seed,20
Assam,DIMA HASAO,Onion,23
Assam,DIMA HASAO,Other  Rabi pulses,13
Assam,DIMA HASAO,Peas & beans (Pulses),19
Assam,DIMA HASAO,Potato,23
Assam,DIMA HASAO,Rapeseed &Mustard,23
Assam,DIMA HASAO,Rice,61
Assam,DIMA HASAO,Sesamum,23
Assam,DIMA HASAO,Small millets,16
Assam,DIMA HASAO,Sugarcane,23
Assam,DIMA HASAO,Sweet potato,23
Assam,DIMA HASAO,Tapioca,22
Assam,DIMA HASAO,Tobacco,22
Assam,DIMA HASAO,Turmeric,23
Assam,DIMA HASAO,Urad,19
Assam,DIMA HASAO,Wheat,16
Assam,GOALPARA,Arecanut,22
Assam,GOALPARA,Arhar/Tur,23
Assam,GOALPARA,Banana,21
Assam,GOALPARA,Black pepper,13
Assam,GOALPARA,Castor seed,22
Assam,GOALPARA,Coconut,22
Assam,GOALPARA,Cotton(lint),19
Assam,GOALPARA,Dry chillies,23
Assam,GOALPARA,Ginger,13
Assam,GOALPARA,Gram,23
Assam,GOALPARA,Jute,23
Assam,GOALPARA,Linseed,23
Assam,GOALPARA,Maize,22
Assam,GOALPARA,Masoor,19
Assam,GOALPARA,Mesta,22
Assam,GOALPARA,Moong(Green Gram),19
Assam,GOALPARA,Niger seed,23
Assam,GOALPARA,Onion,23
Assam,GOALPARA,Other  Rabi pulses,14
Assam,GOALPARA,Peas & beans (Pulses),19
Assam,GOALPARA,Potato,23
Assam,GOALPARA,Rapeseed &Mustard,23
Assam,GOALPARA,Rice,69
Assam,GOALPARA,Sesamum,23
Assam,GOALPARA,Small millets,23
Assam,GOALPARA,Sugarcane,23
Assam,GOALPARA,Sweet potato,23
Assam,GOALPARA,Tapioca,22
Assam,GOALPARA,Tobacco,19
Assam,GOALPARA,Turmeric,23
Assam,GOALPARA,Urad,19
Assam,GOALPARA,Wheat,23
Assam,GOLAGHAT,Arecanut,22
Assam,GOLAGHAT,Arhar/Tur,23
Assam,GOLAGHAT,Banana,21
Assam,GOLAGHAT,Black pepper,13
Assam,GOLAGHAT,Castor seed,22
Assam,GOLAGHAT,Coconut,22
Assam,GOLAGHAT,Cotton(lint),23
Assam,GOLAGHAT,Dry chillies,23
Assam,GOLAGHAT,Ginger,13
Assam,GOLAGHAT,Gram,22
Assam,GOLAGHAT,Jute,23
Assam,GOLAGHAT,Linseed,12
Assam,GOLAGHAT,Maize,22
Assam,GOLAGHAT,Masoor,19
Assam,GOLAGHAT,Mesta,21
Assam,GOLAGHAT,Moong(Green Gram),19
Assam,GOLAGHAT,Niger seed,16
Assam,GOLAGHAT,Onion,23
Assam,GOLAGHAT,Other  Rabi pulses,13
Assam,GOLAGHAT,Peas & beans (Pulses),19
Assam,GOLAGHAT,Potato,23
Assam,GOLAGHAT,Rapeseed &Mustard,23
Assam,GOLAGHAT,Rice,69
Assam,GOLAGHAT,Sesamum,23
Assam,GOLAGHAT,Small millets,23
Assam,GOLAGHAT,Sugarcane,23
Assam,GOLAGHAT,Sweet potato,23
Assam,GOLAGHAT,Tapioca,22
Assam,GOLAGHAT,Tobacco,18
Assam,GOLAGHAT,Turmeric,23
Assam,GOLAGHAT,Urad,19
Assam,GOLAGHAT,Wheat,23
Assam,HAILAKANDI,Arecanut,22
Assam,HAILAKANDI,Arhar/Tur,23
Assam,HAILAKANDI,Banana,21
Assam,HAILAKANDI,Black pepper,13
Assam,HAILAKANDI,Castor seed,16
Assam,HAILAKANDI,Coconut,22
Assam,HAILAKANDI,Cotton(lint),23
Assam,HAILAKANDI,Dry chillies,23
Assam,HAILAKANDI,Ginger,13
Assam,HAILAKANDI,Gram,23
Assam,HAILAKANDI,Jute,23
Assam,HAILAKANDI,Linseed,22
Assam,HAILAKANDI,Maize,21
Assam,HAILAKANDI,Masoor,3
Assam,HAILAKANDI,Mesta,1
Assam,HAILAKANDI,Moong(Green Gram),19
Assam,HAILAKANDI,Niger seed,12
Assam,HAILAKANDI,Onion,23
Assam,HAILAKANDI,Other  Rabi pulses,14
Assam,HAILAKANDI,Peas & beans (Pulses),19
Assam,HAILAKANDI,Potato,23
Assam,HAILAKANDI,Rapeseed &Mustard,23
Assam,HAILAKANDI,Rice,68
Assam,HAILAKANDI,Sesamum,23
Assam,HAILAKANDI,Small millets,22
Assam,HAILAKANDI,Sugarcane,23
Assam,HAILAKANDI,Sweet potato,23
Assam,HAILAKANDI,Tapioca,20
Assam,HAILAKANDI,Tobacco,14
Assam,HAILAKANDI,Turmeric,23
Assam,HAILAKANDI,Urad,19
Assam,HAILAKANDI,Wheat,13
Assam,HOJAI,Arecanut,1
Assam,HOJAI,Coconut,1
Assam,JORHAT,Arecanut,22
Assam,JORHAT,Arhar/Tur,23
Assam,JORHAT,Banana,21
Assam,JORHAT,Black pepper,13
Assam,JORHAT,Castor seed,22
Assam,JORHAT,Coconut,22
Assam,JORHAT,Cotton(lint),23
Assam,JORHAT,Dry chillies,23
Assam,JORHAT,Ginger,13
Assam,JORHAT,Gram,20
Assam,JORHAT,Jute,23
Assam,JORHAT,Linseed,11
Assam,JORHAT,Maize,22
Assam,JORHAT,Masoor,19
Assam,JORHAT,Mesta,16
Assam,JORHAT,Moong(Green Gram),19
Assam,JORHAT,Niger seed,3
Assam,JORHAT,Onion,23
Assam,JORHAT,Other  Rabi pulses,13
Assam,JORHAT,Peas & beans (Pulses),19
Assam,JORHAT,Potato,23
Assam,JORHAT,Rapeseed &Mustard,23
Assam,JORHAT,Rice,69
Assam,JORHAT,Sesamum,23
Assam,JORHAT,Small millets,20
Assam,JORHAT,Sugarcane,23
Assam,JORHAT,Sweet potato,23
Assam,JORHAT,Tapioca,22
Assam,JORHAT,Tobacco,22
Assam,JORHAT,Turmeric,23
Assam,JORHAT,Urad,19
Assam,JORHAT,Wheat,23
Assam,KAMRUP,Arecanut,22
Assam,KAMRUP,Arhar/Tur,23
Assam,KAMRUP,Banana,21
Assam,KAMRUP,Black pepper,13
Assam,KAMRUP,Castor seed,22
Assam,KAMRUP,Coconut,22
Assam,KAMRUP,Cotton(lint),21
Assam,KAMRUP,Dry chillies,23
Assam,KAMRUP,Ginger,13
Assam,KAMRUP,Gram,23
Assam,KAMRUP,Jute,23
Assam,KAMRUP,Linseed,23
Assam,KAMRUP,Maize,22
Assam,KAMRUP,Masoor,19
Assam,KAMRUP,Mesta,23
Assam,KAMRUP,Moong(Green Gram),19
Assam,KAMRUP,Niger seed,23
Assam,KAMRUP,Onion,23
Assam,KAMRUP,Other  Rabi pulses,14
Assam,KAMRUP,Peas & beans (Pulses),19
Assam,KAMRUP,Potato,23
Assam,KAMRUP,Rapeseed &Mustard,23
Assam,KAMRUP,Rice,69
Assam,KAMRUP,Sesamum,23
Assam,KAMRUP,Small millets,22
Assam,KAMRUP,Sugarcane,23
Assam,KAMRUP,Sweet potato,23
Assam,KAMRUP,Tapioca,22
Assam,KAMRUP,Tobacco,19
Assam,KAMRUP,Turmeric,23
Assam,KAMRUP,Urad,19
Assam,KAMRUP,Wheat,23
Assam,KAMRUP METRO,Arecanut,14
Assam,KAMRUP METRO,Arhar/Tur,15
Assam,KAMRUP METRO,Banana,15
Assam,KAMRUP METRO,Black pepper,13
Assam,KAMRUP METRO,Castor seed,11
Assam,KAMRUP METRO,Coconut,14
Assam,KAMRUP METRO,Cotton(lint),12
Assam,KAMRUP METRO,Dry chillies,15
Assam,KAMRUP METRO,Ginger,13
Assam,KAMRUP METRO,Gram,14
Assam,KAMRUP METRO,Jute,15
Assam,KAMRUP METRO,Linseed,15
Assam,KAMRUP METRO,Maize,15
Assam,KAMRUP METRO,Masoor,15
Assam,KAMRUP METRO,Mesta,15
Assam,KAMRUP METRO,Moong(Green Gram),15
Assam,KAMRUP METRO,Niger seed,15
Assam,KAMRUP METRO,Onion,15
Assam,KAMRUP METRO,Other  Rabi pulses,7
Assam,KAMRUP METRO,Peas & beans (Pulses),15
Assam,KAMRUP METRO,Potato,15
Assam,KAMRUP METRO,Rapeseed &Mustard,15
Assam,KAMRUP METRO,Rice,45
Assam,KAMRUP METRO,Sesamum,15
Assam,KAMRUP METRO,Small millets,15
Assam,KAMRUP METRO,Sugarcane,15
Assam,KAMRUP METRO,Sweet potato,15
Assam,KAMRUP METRO,Tapioca,11
Assam,KAMRUP METRO,Tobacco,8
Assam,KAMRUP METRO,Turmeric,15
Assam,KAMRUP METRO,Urad,15
Assam,KAMRUP METRO,Wheat,15
Assam,KARBI ANGLONG,Arecanut,22
Assam,KARBI ANGLONG,Arhar/Tur,23
Assam,KARBI ANGLONG,Banana,21
Assam,KARBI ANGLONG,Black pepper,13
Assam,KARBI ANGLONG,Castor seed,23
Assam,KARBI ANGLONG,Coconut,22
Assam,KARBI ANGLONG,Cotton(lint),23
Assam,KARBI ANGLONG,Dry chillies,23
Assam,KARBI ANGLONG,Ginger,13
Assam,KARBI ANGLONG,Gram,23
Assam,KARBI ANGLONG,Jute,23
Assam,KARBI ANGLONG,Linseed,23
Assam,KARBI ANGLONG,Maize,22
Assam,KARBI ANGLONG,Masoor,19
Assam,KARBI ANGLONG,Mesta,23
Assam,KARBI ANGLONG,Moong(Green Gram),19
Assam,KARBI ANGLONG,Niger seed,23
Assam,KARBI ANGLONG,Onion,23
Assam,KARBI ANGLONG,Other  Rabi pulses,11
Assam,KARBI ANGLONG,Peas & beans (Pulses),19
Assam,KARBI ANGLONG,Potato,23
Assam,KARBI ANGLONG,Rapeseed &Mustard,23
Assam,KARBI ANGLONG,Rice,69
Assam,KARBI ANGLONG,Sesamum,23
Assam,KARBI ANGLONG,Small millets,22
Assam,KARBI ANGLONG,Sugarcane,23
Assam,KARBI ANGLONG,Sweet potato,23
Assam,KARBI ANGLONG,Tapioca,22
Assam,KARBI ANGLONG,Tobacco,22
Assam,KARBI ANGLONG,Turmeric,23
Assam,KARBI ANGLONG,Urad,19
Assam,KARBI ANGLONG,Wheat,22
Assam,KARIMGANJ,Arecanut,22
Assam,KARIMGANJ,Arhar/Tur,23
Assam,KARIMGANJ,Banana,21
Assam,KARIMGANJ,Black pepper,13
Assam,KARIMGANJ,Castor seed,8
Assam,KARIMGANJ,Coconut,22
Assam,KARIMGANJ,Cotton(lint),23
Assam,KARIMGANJ,Dry chillies,23
Assam,KARIMGANJ,Ginger,13
Assam,KARIMGANJ,Gram,21
Assam,KARIMGANJ,Jute,23
Assam,KARIMGANJ,Linseed,23
Assam,KARIMGANJ,Maize,22
Assam,KARIMGANJ,Masoor,7
Assam,KARIMGANJ,Mesta,12
Assam,KARIMGANJ,Moong(Green Gram),19
Assam,KARIMGANJ,Niger seed,3
Assam,KARIMGANJ,Onion,23
Assam,KARIMGANJ,Other  Rabi pulses,14
Assam,KARIMGANJ,Peas & beans (Pulses),19
Assam,KARIMGANJ,Potato,23
Assam,KARIMGANJ,Rapeseed &Mustard,23
Assam,KARIMGANJ,Rice,69
Assam,KARIMGANJ,Sesamum,23
Assam,KARIMGANJ,Small millets,15
Assam,KARIMGANJ,Sugarcane,23
Assam,KARIMGANJ,Sweet potato,23
Assam,KARIMGANJ,Tapioca,9
Assam,KARIMGANJ,Tobacco,22
Assam,KARIMGANJ,Turmeric,23
Assam,KARIMGANJ,Urad,19
Assam,KARIMGANJ,Wheat,15
Assam,KOKRAJHAR,Arecanut,22
Assam,KOKRAJHAR,Arhar/Tur,23
Assam,KOKRAJHAR,Banana,21
Assam,KOKRAJHAR,Black pepper,13
Assam,KOKRAJHAR,Castor seed,22
Assam,KOKRAJHAR,Coconut,22
Assam,KOKRAJHAR,Cotton(lint),23
Assam,KOKRAJHAR,Dry chillies,23
Assam,KOKRAJHAR,Ginger,13
Assam,KOKRAJHAR,Gram,23
Assam,KOKRAJHAR,Jute,23
Assam,KOKRAJHAR,Linseed,23
Assam,KOKRAJHAR,Maize,22
Assam,KOKRAJHAR,Masoor,19
Assam,KOKRAJHAR,Mesta,23
Assam,KOKRAJHAR,Moong(Green Gram),19
Assam,KOKRAJHAR,Niger seed,23
Assam,KOKRAJHAR,Onion,23
Assam,KOKRAJHAR,Other  Rabi pulses,14
Assam,KOKRAJHAR,Peas & beans (Pulses),19
Assam,KOKRAJHAR,Potato,23
Assam,KOKRAJHAR,Rapeseed &Mustard,23
Assam,KOKRAJHAR,Rice,69
Assam,KOKRAJHAR,Sesamum,23
Assam,KOKRAJHAR,Small millets,23
Assam,KOKRAJHAR,Sugarcane,23
Assam,KOKRAJHAR,Sweet potato,23
Assam,KOKRAJHAR,Tapioca,22
Assam,KOKRAJHAR,Tobacco,22
Assam,KOKRAJHAR,Turmeric,23
Assam,KOKRAJHAR,Urad,19
Assam,KOKRAJHAR,Wheat,23
Assam,LAKHIMPUR,Arecanut,22
Assam,LAKHIMPUR,Arhar/Tur,23
Assam,LAKHIMPUR,Banana,21
Assam,LAKHIMPUR,Black pepper,13
Assam,LAKHIMPUR,Castor seed,23
Assam,LAKHIMPUR,Coconut,22
Assam,LAKHIMPUR,Cotton(lint),23
Assam,LAKHIMPUR,Dry chillies,23
Assam,LAKHIMPUR,Ginger,13
Assam,LAKHIMPUR,Gram,23
Assam,LAKHIMPUR,Jute,23
Assam,LAKHIMPUR,Linseed,22
Assam,LAKHIMPUR,Maize,22
Assam,LAKHIMPUR,Masoor,19
Assam,LAKHIMPUR,Mesta,23
Assam,LAKHIMPUR,Moong(Green Gram),19
Assam,LAKHIMPUR,Niger seed,22
Assam,LAKHIMPUR,Onion,23
Assam,LAKHIMPUR,Other  Rabi pulses,13
Assam,LAKHIMPUR,Peas & beans (Pulses),19
Assam,LAKHIMPUR,Potato,23
Assam,LAKHIMPUR,Rapeseed &Mustard,23
Assam,LAKHIMPUR,Rice,69
Assam,LAKHIMPUR,Sesamum,23
Assam,LAKHIMPUR,Small millets,23
Assam,LAKHIMPUR,Sugarcane,23
Assam,LAKHIMPUR,Sweet potato,23
Assam,LAKHIMPUR,Tapioca,22
Assam,LAKHIMPUR,Tobacco,22
Assam,LAKHIMPUR,Turmeric,23
Assam,LAKHIMPUR,Urad,19
Assam,LAKHIMPUR,Wheat,23
Assam,MAJULI,Arecanut,1
Assam,MAJULI,Coconut,1
Assam,MARIGAON,Arecanut,22
Assam,MARIGAON,Arhar/Tur,23
Assam,MARIGAON,Banana,21
Assam,MARIGAON,Black pepper,13
Assam,MARIGAON,Castor seed,23
Assam,MARIGAON,Coconut,22
Assam,MARIGAON,Cotton(lint),22
Assam,MARIGAON,Dry chillies,23
Assam,MARIGAON,Ginger,13
Assam,MARIGAON,Gram,23
Assam,MARIGAON,Jute,23
Assam,MARIGAON,Linseed,23
Assam,MARIGAON,Maize,22
Assam,MARIGAON,Masoor,19
Assam,MARIGAON,Mesta,23
Assam,MARIGAON,Moong(Green Gram),19
Assam,MARIGAON,Niger seed,23
Assam,MARIGAON,Onion,23
Assam,MARIGAON,Other  Rabi pulses,14
Assam,MARIGAON,Peas & beans (Pulses),19
Assam,MARIGAON,Potato,23
Assam,MARIGAON,Rapeseed &Mustard,23
Assam,MARIGAON,Rice,69
Assam,MARIGAON,Sesamum,23
Assam,MARIGAON,Small millets,23
Assam,MARIGAON,Sugarcane,23
Assam,MARIGAON,Sweet potato,23
Assam,MARIGAON,Tapioca,22
Assam,MARIGAON,Tobacco,20
Assam,MARIGAON,Turmeric,23
Assam,MARIGAON,Urad,19
Assam,MARIGAON,Wheat,23
Assam,NAGAON,Arecanut,22
Assam,NAGAON,Arhar/Tur,23
Assam,NAGAON,Banana,21
Assam,NAGAON,Black pepper,13
Assam,NAGAON,Castor seed,22
Assam,NAGAON,Coconut,22
Assam,NAGAON,Cotton(lint),23
Assam,NAGAON,Dry chillies,23
Assam,NAGAON,Ginger,13
Assam,NAGAON,Gram,23
Assam,NAGAON,Jute,23
Assam,NAGAON,Linseed,23
Assam,NAGAON,Maize,22
Assam,NAGAON,Masoor,19
Assam,NAGAON,Mesta,23
Assam,NAGAON,Moong(Green Gram),19
Assam,NAGAON,Niger seed,23
Assam,NAGAON,Onion,23
Assam,NAGAON,Other  Rabi pulses,14
Assam,NAGAON,Peas & beans (Pulses),19
Assam,NAGAON,Potato,23
Assam,NAGAON,Rapeseed &Mustard,23
Assam,NAGAON,Rice,69
Assam,NAGAON,Sesamum,23
Assam,NAGAON,Small millets,23
Assam,NAGAON,Sugarcane,23
Assam,NAGAON,Sweet potato,23
Assam,NAGAON,Tapioca,22
Assam,NAGAON,Tobacco,18
Assam,NAGAON,Turmeric,23
Assam,NAGAON,Urad,19
Assam,NAGAON,Wheat,23
Assam,NALBARI,Arecanut,22
Assam,NALBARI,Arhar/Tur,23
Assam,NALBARI,Banana,21
Assam,NALBARI,Black pepper,13
Assam,NALBARI,Castor seed,22
Assam,NALBARI,Coconut,22
Assam,NALBARI,Cotton(lint),23
Assam,NALBARI,Dry chillies,23
Assam,NALBARI,Ginger,13
Assam,NALBARI,Gram,23
Assam,NALBARI,Jute,23
Assam,NALBARI,Linseed,23
Assam,NALBARI,Maize,22
Assam,NALBARI,Masoor,19
Assam,NALBARI,Mesta,23
Assam,NALBARI,Moong(Green Gram),19
Assam,NALBARI,Niger seed,23
Assam,NALBARI,Onion,23
Assam,NALBARI,Other  Rabi pulses,14
Assam,NALBARI,Peas & beans (Pulses),19
Assam,NALBARI,Potato,23
Assam,NALBARI,Rapeseed &Mustard,23
Assam,NALBARI,Rice,69
Assam,NALBARI,Sesamum,23
Assam,NALBARI,Small millets,23
Assam,NALBARI,Sugarcane,23
Assam,NALBARI,Sweet potato,23
Assam,NALBARI,Tapioca,22
Assam,NALBARI,Tobacco,19
Assam,NALBARI,Turmeric,23
Assam,NALBARI,Urad,19
Assam,NALBARI,Wheat,23
Assam,SIVASAGAR,Arecanut,22
Assam,SIVASAGAR,Arhar/Tur,23
Assam,SIVASAGAR,Banana,21
Assam,SIVASAGAR,Black pepper,13
Assam,SIVASAGAR,Castor seed,22
Assam,SIVASAGAR,Coconut,22
Assam,SIVASAGAR,Cotton(lint),20
Assam,SIVASAGAR,Dry chillies,23
Assam,SIVASAGAR,Ginger,13
Assam,SIVASAGAR,Gram,22
Assam,SIVASAGAR,Jute,23
Assam,SIVASAGAR,Linseed,14
Assam,SIVASAGAR,Maize,22
Assam,SIVASAGAR,Masoor,19
Assam,SIVASAGAR,Mesta,20
Assam,SIVASAGAR,Moong(Green Gram),19
Assam,SIVASAGAR,Niger seed,4
Assam,SIVASAGAR,Onion,23
Assam,SIVASAGAR,Other  Rabi pulses,13
Assam,SIVASAGAR,Peas & beans (Pulses),19
Assam,SIVASAGAR,Potato,23
Assam,SIVASAGAR,Rapeseed &Mustard,23
Assam,SIVASAGAR,Rice,69
Assam,SIVASAGAR,Sesamum,23
Assam,SIVASAGAR,Small millets,22
Assam,SIVASAGAR,Sugarcane,23
Assam,SIVASAGAR,Sweet potato,23
Assam,SIVASAGAR,Tapioca,22
Assam,SIVASAGAR,Tobacco,13
Assam,SIVASAGAR,Turmeric,23
Assam,SIVASAGAR,Urad,19
Assam,SIVASAGAR,Wheat,23
Assam,SONITPUR,Arecanut,22
Assam,SONITPUR,Arhar/Tur,23
Assam,SONITPUR,Banana,21
Assam,SONITPUR,Black pepper,13
Assam,SONITPUR,Castor seed,22
Assam,SONITPUR,Coconut,22
Assam,SONITPUR,Cotton(lint),23
Assam,SONITPUR,Dry chillies,22
Assam,SONITPUR,Ginger,13
Assam,SONITPUR,Gram,23
Assam,SONITPUR,Jute,23
Assam,SONITPUR,Linseed,23
Assam,SONITPUR,Maize,22
Assam,SONITPUR,Masoor,19
Assam,SONITPUR,Mesta,23
Assam,SONITPUR,Moong(Green Gram),19
Assam,SONITPUR,Niger seed,23
Assam,SONITPUR,Onion,23
Assam,SONITPUR,Other  Rabi pulses,14
Assam,SONITPUR,Peas & beans (Pulses),19
Assam,SONITPUR,Potato,23
Assam,SONITPUR,Rapeseed &Mustard,23
Assam,SONITPUR,Rice,69
Assam,SONITPUR,Sesamum,23
Assam,SONITPUR,Small millets,23
Assam,SONITPUR,Sugarcane,23
Assam,SONITPUR,Sweet potato,23
Assam,SONITPUR,Tapioca,22
Assam,SONITPUR,Tobacco,21
Assam,SONITPUR,Turmeric,23
Assam,SONITPUR,Urad,19
Assam,SONITPUR,Wheat,23
Assam,SOUTH SALMARA MANCACHAR,Arecanut,1
Assam,TINSUKIA,Arecanut,22
Assam,TINSUKIA,Arhar/Tur,23
Assam,TINSUKIA,Banana,21
Assam,TINSUKIA,Black pepper,13
Assam,TINSUKIA,Castor seed,21
Assam,TINSUKIA,Coconut,22
Assam,TINSUKIA,Cotton(lint),18
Assam,TINSUKIA,Dry chillies,23
Assam,TINSUKIA,Ginger,13
Assam,TINSUKIA,Gram,18
Assam,TINSUKIA,Jute,23
Assam,TINSUKIA,Linseed,11
Assam,TINSUKIA,Maize,22
Assam,TINSUKIA,Masoor,19
Assam,TINSUKIA,Mesta,22
Assam,TINSUKIA,Moong(Green Gram),19
Assam,TINSUKIA,Niger seed,23
Assam,TINSUKIA,Onion,23
Assam,TINSUKIA,Other  Rabi pulses,13
Assam,TINSUKIA,Peas & beans (Pulses),19
Assam,TINSUKIA,Potato,23
Assam,TINSUKIA,Rapeseed &Mustard,23
Assam,TINSUKIA,Rice,67
Assam,TINSUKIA,Sesamum,23
Assam,TINSUKIA,Small millets,23
Assam,TINSUKIA,Sugarcane,23
Assam,TINSUKIA,Sweet potato,23
Assam,TINSUKIA,Tapioca,22
Assam,TINSUKIA,Tobacco,16
Assam,TINSUKIA,Turmeric,23
Assam,TINSUKIA,Urad,19
Assam,TINSUKIA,Wheat,23
Assam,UDALGURI,Arecanut,14
Assam,UDALGURI,Arhar/Tur,15
Assam,UDALGURI,Banana,15
Assam,UDALGURI,Black pepper,13
Assam,UDALGURI,Castor seed,13
Assam,UDALGURI,Coconut,14
Assam,UDALGURI,Cotton(lint),6
Assam,UDALGURI,Dry chillies,15
Assam,UDALGURI,Ginger,13
Assam,UDALGURI,Gram,15
Assam,UDALGURI,Jute,15
Assam,UDALGURI,Linseed,15
Assam,UDALGURI,Maize,15
Assam,UDALGURI,Masoor,15
Assam,UDALGURI,Mesta,15
Assam,UDALGURI,Moong(Green Gram),15
Assam,UDALGURI,Niger seed,15
Assam,UDALGURI,Onion,15
Assam,UDALGURI,Other  Rabi pulses,7
Assam,UDALGURI,Peas & beans (Pulses),15
Assam,UDALGURI,Potato,15
Assam,UDALGURI,Rapeseed &Mustard,15
Assam,UDALGURI,Rice,45
Assam,UDALGURI,Sesamum,15
Assam,UDALGURI,Small millets,15
Assam,UDALGURI,Sugarcane,15
Assam,UDALGURI,Sweet potato,15
Assam,UDALGURI,Tapioca,15
Assam,UDALGURI,Tobacco,6
Assam,UDALGURI,Turmeric,15
Assam,UDALGURI,Urad,15
Assam,UDALGURI,Wheat,15
Assam,WEST KARBI ANGLONG,Arecanut,1
Assam,WEST KARBI ANGLONG,Coconut,1
Bihar,ARARIA,Arhar/Tur,19
Bihar,ARARIA,Bajra,2
Bihar,ARARIA,Banana,10
Bihar,ARARIA,Barley,14
Bihar,ARARIA,Coriander,13
Bihar,ARARIA,Dry chillies,11
Bihar,ARARIA,Garlic,14
Bihar,ARARIA,Ginger,13
Bihar,ARARIA,Gram,22
Bihar,ARARIA,Groundnut,9
Bihar,ARARIA,Horse-gram,15
Bihar,ARARIA,Jowar,6
Bihar,ARARIA,Jute,23
Bihar,ARARIA,Khesari,16
Bihar,ARARIA,Linseed,18
Bihar,ARARIA,Maize,66
Bihar,ARARIA,Masoor,21
Bihar,ARARIA,Mesta,20
Bihar,ARARIA,Moong(Green Gram),38
Bihar,ARARIA,Onion,15
Bihar,ARARIA,Other  Rabi pulses,6
Bihar,ARARIA,Other Kharif pulses,9
Bihar,ARARIA,Peas & beans (Pulses),16
Bihar,ARARIA,Potato,20
Bihar,ARARIA,Ragi,19
Bihar,ARARIA,Rapeseed &Mustard,21
Bihar,ARARIA,Rice,66
Bihar,ARARIA,Safflower,2
Bihar,ARARIA,Sannhamp,10
Bihar,ARARIA,Sesamum,17
Bihar,ARARIA,Small millets,9
Bihar,ARARIA,Sugarcane,9
Bihar,ARARIA,Sunflower,23
Bihar,ARARIA,Sweet potato,12
Bihar,ARARIA,Tobacco,2
Bihar,ARARIA,Turmeric,14
Bihar,ARARIA,Urad,19
Bihar,ARARIA,Wheat,23
Bihar,ARWAL,Arhar/Tur,15
Bihar,ARWAL,Banana,1
Bihar,ARWAL,Barley,16
Bihar,ARWAL,Castor seed,2
Bihar,ARWAL,Coriander,7
Bihar,ARWAL,Dry chillies,4
Bihar,ARWAL,Garlic,8
Bihar,ARWAL,Ginger,2
Bihar,ARWAL,Gram,16
Bihar,ARWAL,Groundnut,9
Bihar,ARWAL,Horse-gram,7
Bihar,ARWAL,Jute,2
Bihar,ARWAL,Khesari,16
Bihar,ARWAL,Linseed,16
Bihar,ARWAL,Maize,48
Bihar,ARWAL,Masoor,16
Bihar,ARWAL,Mesta,9
Bihar,ARWAL,Moong(Green Gram),32
Bihar,ARWAL,Onion,9
Bihar,ARWAL,Other  Rabi pulses,1
Bihar,ARWAL,Other Kharif pulses,8
Bihar,ARWAL,Peas & beans (Pulses),16
Bihar,ARWAL,Potato,14
Bihar,ARWAL,Ragi,16
Bihar,ARWAL,Rapeseed &Mustard,16
Bihar,ARWAL,Rice,24
Bihar,ARWAL,Sannhamp,8
Bihar,ARWAL,Sesamum,15
Bihar,ARWAL,Small millets,2
Bihar,ARWAL,Sugarcane,15
Bihar,ARWAL,Sunflower,8
Bihar,ARWAL,Sweet potato,5
Bihar,ARWAL,Turmeric,5
Bihar,ARWAL,Urad,15
Bihar,ARWAL,Wheat,16
Bihar,AURANGABAD,Arhar/Tur,23
Bihar,AURANGABAD,Bajra,1
Bihar,AURANGABAD,Barley,22
Bihar,AURANGABAD,Castor seed,1
Bihar,AURANGABAD,Coriander,13
Bihar,AURANGABAD,Dry chillies,11
Bihar,AURANGABAD,Garlic,10
Bihar,AURANGABAD,Ginger,5
Bihar,AURANGABAD,Gram,23
Bihar,AURANGABAD,Groundnut,5
Bihar,AURANGABAD,Horse-gram,9
Bihar,AURANGABAD,Jowar,1
Bihar,AURANGABAD,Khesari,21
Bihar,AURANGABAD,Linseed,23
Bihar,AURANGABAD,Maize,56
Bihar,AURANGABAD,Masoor,21
Bihar,AURANGABAD,Mesta,2
Bihar,AURANGABAD,Moong(Green Gram),34
Bihar,AURANGABAD,Onion,15
Bihar,AURANGABAD,Other  Rabi pulses,6
Bihar,AURANGABAD,Other Kharif pulses,18
Bihar,AURANGABAD,Peas & beans (Pulses),21
Bihar,AURANGABAD,Potato,20
Bihar,AURANGABAD,Ragi,22
Bihar,AURANGABAD,Rapeseed &Mustard,23
Bihar,AURANGABAD,Rice,26
Bihar,AURANGABAD,Safflower,1
Bihar,AURANGABAD,Sannhamp,3
Bihar,AURANGABAD,Sesamum,22
Bihar,AURANGABAD,Small millets,9
Bihar,AURANGABAD,Sugarcane,21
Bihar,AURANGABAD,Sunflower,10
Bihar,AURANGABAD,Sweet potato,11
Bihar,AURANGABAD,Turmeric,6
Bihar,AURANGABAD,Urad,17
Bihar,AURANGABAD,Wheat,23
Bihar,BANKA,Arhar/Tur,23
Bihar,BANKA,Bajra,5
Bihar,BANKA,Barley,22
Bihar,BANKA,Castor seed,1
Bihar,BANKA,Coriander,4
Bihar,BANKA,Dry chillies,10
Bihar,BANKA,Garlic,9
Bihar,BANKA,Gram,23
Bihar,BANKA,Groundnut,2
Bihar,BANKA,Horse-gram,18
Bihar,BANKA,Jowar,1
Bihar,BANKA,Jute,2
Bihar,BANKA,Khesari,21
Bihar,BANKA,Linseed,23
Bihar,BANKA,Maize,69
Bihar,BANKA,Masoor,21
Bihar,BANKA,Mesta,6
Bihar,BANKA,Moong(Green Gram),42
Bihar,BANKA,Onion,15
Bihar,BANKA,Other  Rabi pulses,20
Bihar,BANKA,Other Kharif pulses,21
Bihar,BANKA,Peas & beans (Pulses),21
Bihar,BANKA,Potato,20
Bihar,BANKA,Ragi,3
Bihar,BANKA,Rapeseed &Mustard,23
Bihar,BANKA,Rice,33
Bihar,BANKA,Safflower,4
Bihar,BANKA,Sannhamp,18
Bihar,BANKA,Sesamum,12
Bihar,BANKA,Small millets,5
Bihar,BANKA,Sugarcane,21
Bihar,BANKA,Sunflower,1
Bihar,BANKA,Sweet potato,2
Bihar,BANKA,Turmeric,2
Bihar,BANKA,Urad,15
Bihar,BANKA,Wheat,23
Bihar,BEGUSARAI,Arhar/Tur,23
Bihar,BEGUSARAI,Bajra,1
Bihar,BEGUSARAI,Banana,10
Bihar,BEGUSARAI,Barley,21
Bihar,BEGUSARAI,Castor seed,7
Bihar,BEGUSARAI,Coriander,14
Bihar,BEGUSARAI,Dry chillies,11
Bihar,BEGUSARAI,Garlic,13
Bihar,BEGUSARAI,Ginger,4
Bihar,BEGUSARAI,Gram,22
Bihar,BEGUSARAI,Groundnut,11
Bihar,BEGUSARAI,Horse-gram,17
Bihar,BEGUSARAI,Jowar,17
Bihar,BEGUSARAI,Jute,6
Bihar,BEGUSARAI,Khesari,21
Bihar,BEGUSARAI,Linseed,15
Bihar,BEGUSARAI,Maize,69
Bihar,BEGUSARAI,Masoor,21
Bihar,BEGUSARAI,Mesta,15
Bihar,BEGUSARAI,Moong(Green Gram),41
Bihar,BEGUSARAI,Onion,13
Bihar,BEGUSARAI,Other  Rabi pulses,14
Bihar,BEGUSARAI,Other Kharif pulses,19
Bihar,BEGUSARAI,Peas & beans (Pulses),21
Bihar,BEGUSARAI,Potato,19
Bihar,BEGUSARAI,Ragi,22
Bihar,BEGUSARAI,Rapeseed &Mustard,23
Bihar,BEGUSARAI,Rice,60
Bihar,BEGUSARAI,Safflower,6
Bihar,BEGUSARAI,Sannhamp,15
Bihar,BEGUSARAI,Sesamum,21
Bihar,BEGUSARAI,Small millets,19
Bihar,BEGUSARAI,Soyabean,1
Bihar,BEGUSARAI,Sugarcane,21
Bihar,BEGUSARAI,Sunflower,23
Bihar,BEGUSARAI,Sweet potato,10
Bihar,BEGUSARAI,Tobacco,15
Bihar,BEGUSARAI,Turmeric,14
Bihar,BEGUSARAI,Urad,22
Bihar,BEGUSARAI,Wheat,23
Bihar,BHAGALPUR,Arhar/Tur,23
Bihar,BHAGALPUR,Bajra,18
Bihar,BHAGALPUR,Banana,10
Bihar,BHAGALPUR,Barley,22
Bihar,BHAGALPUR,Castor seed,16
Bihar,BHAGALPUR,Coriander,14
Bihar,BHAGALPUR,Dry chillies,11
Bihar,BHAGALPUR,Garlic,15
Bihar,BHAGALPUR,Ginger,8
Bihar,BHAGALPUR,Gram,23
Bihar,BHAGALPUR,Groundnut,1
Bihar,BHAGALPUR,Horse-gram,18
Bihar,BHAGALPUR,Jowar,18
Bihar,BHAGALPUR,Jute,7
Bihar,BHAGALPUR,Khesari,21
Bihar,BHAGALPUR,Linseed,23
Bihar,BHAGALPUR,Maize,69
Bihar,BHAGALPUR,Masoor,21
Bihar,BHAGALPUR,Mesta,18
Bihar,BHAGALPUR,Moong(Green Gram),41
Bihar,BHAGALPUR,Onion,15
Bihar,BHAGALPUR,Other  Rabi pulses,17
Bihar,BHAGALPUR,Other Kharif pulses,21
Bihar,BHAGALPUR,Peas & beans (Pulses),21
Bihar,BHAGALPUR,Potato,20
Bihar,BHAGALPUR,Rapeseed &Mustard,23
Bihar,BHAGALPUR,Rice,60
Bihar,BHAGALPUR,Safflower,9
Bihar,BHAGALPUR,Sannhamp,18
Bihar,BHAGALPUR,Sesamum,22
Bihar,BHAGALPUR,Small millets,21
Bihar,BHAGALPUR,Sugarcane,21
Bihar,BHAGALPUR,Sunflower,23
Bihar,BHAGALPUR,Sweet potato,12
Bihar,BHAGALPUR,Tobacco,20
Bihar,BHAGALPUR,Turmeric,15
Bihar,BHAGALPUR,Urad,22
Bihar,BHAGALPUR,Wheat,23
Bihar,BHOJPUR,Arhar/Tur,23
Bihar,BHOJPUR,Bajra,23
Bihar,BHOJPUR,Barley,22
Bihar,BHOJPUR,Coriander,11
Bihar,BHOJPUR,Dry chillies,6
Bihar,BHOJPUR,Garlic,11
Bihar,BHOJPUR,Ginger,1
Bihar,BHOJPUR,Gram,23
Bihar,BHOJPUR,Horse-gram,8
Bihar,BHOJPUR,Jowar,23
Bihar,BHOJPUR,Khesari,21
Bihar,BHOJPUR,Linseed,23
Bihar,BHOJPUR,Maize,69
Bihar,BHOJPUR,Masoor,21
Bihar,BHOJPUR,Mesta,8
Bihar,BHOJPUR,Moong(Green Gram),38
Bihar,BHOJPUR,Onion,15
Bihar,BHOJPUR,Other  Rabi pulses,14
Bihar,BHOJPUR,Other Kharif pulses,19
Bihar,BHOJPUR,Peas & beans (Pulses),21
Bihar,BHOJPUR,Potato,20
Bihar,BHOJPUR,Ragi,16
Bihar,BHOJPUR,Rapeseed &Mustard,22
Bihar,BHOJPUR,Rice,58
Bihar,BHOJPUR,Safflower,3
Bihar,BHOJPUR,Sannhamp,7
Bihar,BHOJPUR,Sesamum,18
Bihar,BHOJPUR,Small millets,19
Bihar,BHOJPUR,Sugarcane,21
Bihar,BHOJPUR,Sweet potato,5
Bihar,BHOJPUR,Turmeric,4
Bihar,BHOJPUR,Urad,17
Bihar,BHOJPUR,Wheat,23
Bihar,BOKARO,Arhar/Tur,2
Bihar,BOKARO,Bajra,2
Bihar,BOKARO,Barley,2
Bihar,BOKARO,Gram,2
Bihar,BOKARO,Groundnut,2
Bihar,BOKARO,Jowar,2
Bihar,BOKARO,Maize,4
Bihar,BOKARO,Mesta,1
Bihar,BOKARO,Niger seed,1
Bihar,BOKARO,Onion,2
Bihar,BOKARO,Other Kharif pulses,2
Bihar,BOKARO,Potato,2
Bihar,BOKARO,Ragi,3
Bihar,BOKARO,Rapeseed &Mustard,1
Bihar,BOKARO,Rice,6
Bihar,BOKARO,Sannhamp,1
Bihar,BOKARO,Sesamum,2
Bihar,BOKARO,Small millets,2
Bihar,BOKARO,Sugarcane,2
Bihar,BOKARO,Sweet potato,2
Bihar,BOKARO,Wheat,2
Bihar,BUXAR,Arhar/Tur,23
Bihar,BUXAR,Bajra,23
Bihar,BUXAR,Barley,22
Bihar,BUXAR,Coriander,9
Bihar,BUXAR,Dry chillies,6
Bihar,BUXAR,Garlic,12
Bihar,BUXAR,Gram,23
Bihar,BUXAR,Horse-gram,1
Bihar,BUXAR,Jowar,23
Bihar,BUXAR,Jute,1
Bihar,BUXAR,Khesari,21
Bihar,BUXAR,Linseed,23
Bihar,BUXAR,Maize,58
Bihar,BUXAR,Masoor,21
Bihar,BUXAR,Moong(Green Gram),27
Bihar,BUXAR,Onion,15
Bihar,BUXAR,Other  Rabi pulses,16
Bihar,BUXAR,Other Kharif pulses,11
Bihar,BUXAR,Peas & beans (Pulses),21
Bihar,BUXAR,Potato,20
Bihar,BUXAR,Ragi,3
Bihar,BUXAR,Rapeseed &Mustard,23
Bihar,BUXAR,Rice,29
Bihar,BUXAR,Safflower,7
Bihar,BUXAR,Sannhamp,3
Bihar,BUXAR,Sesamum,3
Bihar,BUXAR,Small millets,7
Bihar,BUXAR,Sugarcane,21
Bihar,BUXAR,Sunflower,15
Bihar,BUXAR,Sweet potato,2
Bihar,BUXAR,Urad,8
Bihar,BUXAR,Wheat,23
Bihar,CHATRA,Arhar/Tur,2
Bihar,CHATRA,Bajra,2
Bihar,CHATRA,Barley,2
Bihar,CHATRA,Dry chillies,2
Bihar,CHATRA,Garlic,1
Bihar,CHATRA,Gram,2
Bihar,CHATRA,Groundnut,2
Bihar,CHATRA,Linseed,2
Bihar,CHATRA,Maize,5
Bihar,CHATRA,Mesta,1
Bihar,CHATRA,Niger seed,2
Bihar,CHATRA,Onion,2
Bihar,CHATRA,Other  Rabi pulses,2
Bihar,CHATRA,Other Kharif pulses,2
Bihar,CHATRA,Potato,2
Bihar,CHATRA,Ragi,3
Bihar,CHATRA,Rapeseed &Mustard,2
Bihar,CHATRA,Rice,5
Bihar,CHATRA,Sesamum,2
Bihar,CHATRA,Small millets,2
Bihar,CHATRA,Sugarcane,3
Bihar,CHATRA,Sunflower,2
Bihar,CHATRA,Wheat,2
Bihar,DARBHANGA,Arhar/Tur,23
Bihar,DARBHANGA,Bajra,1
Bihar,DARBHANGA,Banana,10
Bihar,DARBHANGA,Barley,21
Bihar,DARBHANGA,Coriander,14
Bihar,DARBHANGA,Dry chillies,9
Bihar,DARBHANGA,Garlic,10
Bihar,DARBHANGA,Gram,23
Bihar,DARBHANGA,Groundnut,1
Bihar,DARBHANGA,Horse-gram,8
Bihar,DARBHANGA,Jowar,4
Bihar,DARBHANGA,Jute,1
Bihar,DARBHANGA,Khesari,21
Bihar,DARBHANGA,Linseed,22
Bihar,DARBHANGA,Maize,69
Bihar,DARBHANGA,Masoor,21
Bihar,DARBHANGA,Mesta,6
Bihar,DARBHANGA,Moong(Green Gram),38
Bihar,DARBHANGA,Onion,15
Bihar,DARBHANGA,Other  Rabi pulses,9
Bihar,DARBHANGA,Other Kharif pulses,4
Bihar,DARBHANGA,Peas & beans (Pulses),19
Bihar,DARBHANGA,Potato,20
Bihar,DARBHANGA,Ragi,23
Bihar,DARBHANGA,Rapeseed &Mustard,23
Bihar,DARBHANGA,Rice,67
Bihar,DARBHANGA,Safflower,12
Bihar,DARBHANGA,Sannhamp,2
Bihar,DARBHANGA,Sesamum,13
Bihar,DARBHANGA,Small millets,5
Bihar,DARBHANGA,Sugarcane,21
Bihar,DARBHANGA,Sunflower,17
Bihar,DARBHANGA,Sweet potato,11
Bihar,DARBHANGA,Tobacco,8
Bihar,DARBHANGA,Turmeric,9
Bihar,DARBHANGA,Urad,21
Bihar,DARBHANGA,Wheat,23
Bihar,DEOGHAR,Arhar/Tur,2
Bihar,DEOGHAR,Bajra,2
Bihar,DEOGHAR,Barley,2
Bihar,DEOGHAR,Dry chillies,1
Bihar,DEOGHAR,Gram,2
Bihar,DEOGHAR,Linseed,1
Bihar,DEOGHAR,Maize,5
Bihar,DEOGHAR,Mesta,3
Bihar,DEOGHAR,Onion,2
Bihar,DEOGHAR,Other  Rabi pulses,2
Bihar,DEOGHAR,Other Kharif pulses,2
Bihar,DEOGHAR,Potato,2
Bihar,DEOGHAR,Ragi,3
Bihar,DEOGHAR,Rapeseed &Mustard,2
Bihar,DEOGHAR,Rice,6
Bihar,DEOGHAR,Sannhamp,1
Bihar,DEOGHAR,Sesamum,2
Bihar,DEOGHAR,Small millets,2
Bihar,DEOGHAR,Wheat,2
Bihar,DHANBAD,Arhar/Tur,1
Bihar,DHANBAD,Bajra,2
Bihar,DHANBAD,Gram,2
Bihar,DHANBAD,Maize,3
Bihar,DHANBAD,Niger seed,2
Bihar,DHANBAD,Onion,2
Bihar,DHANBAD,Other Kharif pulses,2
Bihar,DHANBAD,Potato,2
Bihar,DHANBAD,Ragi,3
Bihar,DHANBAD,Rapeseed &Mustard,2
Bihar,DHANBAD,Rice,6
Bihar,DHANBAD,Sesamum,1
Bihar,DHANBAD,Small millets,2
Bihar,DHANBAD,Sugarcane,1
Bihar,DHANBAD,Wheat,2
Bihar,DUMKA,Arhar/Tur,2
Bihar,DUMKA,Bajra,2
Bihar,DUMKA,Castor seed,1
Bihar,DUMKA,Dry chillies,2
Bihar,DUMKA,Gram,2
Bihar,DUMKA,Jute,3
Bihar,DUMKA,Linseed,2
Bihar,DUMKA,Maize,7
Bihar,DUMKA,Mesta,3
Bihar,DUMKA,Niger seed,2
Bihar,DUMKA,Onion,2
Bihar,DUMKA,Other  Rabi pulses,1
Bihar,DUMKA,Other Kharif pulses,2
Bihar,DUMKA,Potato,2
Bihar,DUMKA,Ragi,3
Bihar,DUMKA,Rapeseed &Mustard,2
Bihar,DUMKA,Rice,6
Bihar,DUMKA,Sannhamp,2
Bihar,DUMKA,Sesamum,2
Bihar,DUMKA,Small millets,2
Bihar,DUMKA,Sugarcane,3
Bihar,DUMKA,Sweet potato,2
Bihar,DUMKA,Tobacco,2
Bihar,DUMKA,Wheat,2
Bihar,EAST SINGHBUM,Arhar/Tur,2
Bihar,EAST SINGHBUM,Bajra,2
Bihar,EAST SINGHBUM,Gram,2
Bihar,EAST SINGHBUM,Jowar,2
Bihar,EAST SINGHBUM,Linseed,2
Bihar,EAST SINGHBUM,Maize,3
Bihar,EAST SINGHBUM,Niger seed,2
Bihar,EAST SINGHBUM,Onion,2
Bihar,EAST SINGHBUM,Other  Rabi pulses,1
Bihar,EAST SINGHBUM,Other Kharif pulses,2
Bihar,EAST SINGHBUM,Potato,2
Bihar,EAST SINGHBUM,Ragi,1
Bihar,EAST SINGHBUM,Rapeseed &Mustard,2
Bihar,EAST SINGHBUM,Rice,6
Bihar,EAST SINGHBUM,Sannhamp,2
Bihar,EAST SINGHBUM,Sesamum,1
Bihar,EAST SINGHBUM,Small millets,1
Bihar,EAST SINGHBUM,Sweet potato,1
Bihar,EAST SINGHBUM,Wheat,2
Bihar,GARHWA,Arhar/Tur,2
Bihar,GARHWA,Bajra,2
Bihar,GARHWA,Barley,2
Bihar,GARHWA,Castor seed,2
Bihar,GARHWA,Coriander,2
Bihar,GARHWA,Dry chillies,2
Bihar,GARHWA,Garlic,2
Bihar,GARHWA,Ginger,2
Bihar,GARHWA,Gram,2
Bihar,GARHWA,Groundnut,2
Bihar,GARHWA,Jowar,2
Bihar,GARHWA,Linseed,2
Bihar,GARHWA,Maize,7
Bihar,GARHWA,Niger seed,2
Bihar,GARHWA,Onion,2
Bihar,GARHWA,Other  Rabi pulses,2
Bihar,GARHWA,Other Kharif pulses,2
Bihar,GARHWA,Potato,2
Bihar,GARHWA,Ragi,3
Bihar,GARHWA,Rapeseed &Mustard,2
Bihar,GARHWA,Rice,4
Bihar,GARHWA,Safflower,2
Bihar,GARHWA,Sannhamp,2
Bihar,GARHWA,Sesamum,2
Bihar,GARHWA,Small millets,2
Bihar,GARHWA,Sugarcane,3
Bihar,GARHWA,Sunflower,2
Bihar,GARHWA,Sweet potato,2
Bihar,GARHWA,Wheat,2
Bihar,GAYA,Arhar/Tur,23
Bihar,GAYA,Bajra,7
Bihar,GAYA,Banana,4
Bihar,GAYA,Barley,22
Bihar,GAYA,Castor seed,4
Bihar,GAYA,Coriander,10
Bihar,GAYA,Dry chillies,11
Bihar,GAYA,Garlic,13
Bihar,GAYA,Ginger,4
Bihar,GAYA,Gram,23
Bihar,GAYA,Groundnut,19
Bihar,GAYA,Horse-gram,18
Bihar,GAYA,Jowar,10
Bihar,GAYA,Jute,6
Bihar,GAYA,Khesari,21
Bihar,GAYA,Linseed,21
Bihar,GAYA,Maize,67
Bihar,GAYA,Masoor,21
Bihar,GAYA,Mesta,9
Bihar,GAYA,Moong(Green Gram),41
Bihar,GAYA,Onion,15
Bihar,GAYA,Other  Rabi pulses,11
Bihar,GAYA,Other Kharif pulses,20
Bihar,GAYA,Peas & beans (Pulses),19
Bihar,GAYA,Potato,20
Bihar,GAYA,Ragi,23
Bihar,GAYA,Rapeseed &Mustard,23
Bihar,GAYA,Rice,50
Bihar,GAYA,Safflower,5
Bihar,GAYA,Sannhamp,16
Bihar,GAYA,Sesamum,22
Bihar,GAYA,Small millets,14
Bihar,GAYA,Sugarcane,20
Bihar,GAYA,Sunflower,18
Bihar,GAYA,Sweet potato,10
Bihar,GAYA,Turmeric,10
Bihar,GAYA,Urad,22
Bihar,GAYA,Wheat,23
Bihar,GIRIDIH,Arhar/Tur,2
Bihar,GIRIDIH,Bajra,2
Bihar,GIRIDIH,Barley,2
Bihar,GIRIDIH,Dry chillies,2
Bihar,GIRIDIH,Gram,2
Bihar,GIRIDIH,Groundnut,2
Bihar,GIRIDIH,Jowar,2
Bihar,GIRIDIH,Linseed,2
Bihar,GIRIDIH,Maize,6
Bihar,GIRIDIH,Niger seed,2
Bihar,GIRIDIH,Onion,2
Bihar,GIRIDIH,Other  Rabi pulses,1
Bihar,GIRIDIH,Other Kharif pulses,2
Bihar,GIRIDIH,Potato,2
Bihar,GIRIDIH,Ragi,3
Bihar,GIRIDIH,Rapeseed &Mustard,2
Bihar,GIRIDIH,Rice,6
Bihar,GIRIDIH,Sannhamp,1
Bihar,GIRIDIH,Sesamum,2
Bihar,GIRIDIH,Small millets,2
Bihar,GIRIDIH,Sugarcane,3
Bihar,GIRIDIH,Wheat,2
Bihar,GODDA,Arhar/Tur,2
Bihar,GODDA,Bajra,2
Bihar,GODDA,Barley,2
Bihar,GODDA,Dry chillies,2
Bihar,GODDA,Gram,2
Bihar,GODDA,Groundnut,2
Bihar,GODDA,Jowar,2
Bihar,GODDA,Linseed,2
Bihar,GODDA,Maize,7
Bihar,GODDA,Mesta,3
Bihar,GODDA,Niger seed,2
Bihar,GODDA,Onion,2
Bihar,GODDA,Other  Rabi pulses,2
Bihar,GODDA,Other Kharif pulses,2
Bihar,GODDA,Potato,2
Bihar,GODDA,Ragi,3
Bihar,GODDA,Rapeseed &Mustard,2
Bihar,GODDA,Rice,5
Bihar,GODDA,Sannhamp,2
Bihar,GODDA,Sesamum,2
Bihar,GODDA,Small millets,2
Bihar,GODDA,Sugarcane,3
Bihar,GODDA,Sunflower,2
Bihar,GODDA,Sweet potato,2
Bihar,GODDA,Wheat,2
Bihar,GOPALGANJ,Arhar/Tur,23
Bihar,GOPALGANJ,Bajra,14
Bihar,GOPALGANJ,Banana,10
Bihar,GOPALGANJ,Barley,14
Bihar,GOPALGANJ,Coriander,8
Bihar,GOPALGANJ,Dry chillies,9
Bihar,GOPALGANJ,Garlic,11
Bihar,GOPALGANJ,Gram,12
Bihar,GOPALGANJ,Groundnut,2
Bihar,GOPALGANJ,Jowar,5
Bihar,GOPALGANJ,Jute,12
Bihar,GOPALGANJ,Khesari,12
Bihar,GOPALGANJ,Linseed,16
Bihar,GOPALGANJ,Maize,69
Bihar,GOPALGANJ,Masoor,21
Bihar,GOPALGANJ,Mesta,13
Bihar,GOPALGANJ,Moong(Green Gram),34
Bihar,GOPALGANJ,Onion,15
Bihar,GOPALGANJ,Other  Rabi pulses,13
Bihar,GOPALGANJ,Other Kharif pulses,13
Bihar,GOPALGANJ,Peas & beans (Pulses),21
Bihar,GOPALGANJ,Potato,20
Bihar,GOPALGANJ,Ragi,23
Bihar,GOPALGANJ,Rapeseed &Mustard,23
Bihar,GOPALGANJ,Rice,52
Bihar,GOPALGANJ,Safflower,4
Bihar,GOPALGANJ,Sannhamp,11
Bihar,GOPALGANJ,Sesamum,10
Bihar,GOPALGANJ,Small millets,17
Bihar,GOPALGANJ,Sugarcane,21
Bihar,GOPALGANJ,Sunflower,8
Bihar,GOPALGANJ,Sweet potato,10
Bihar,GOPALGANJ,Tobacco,21
Bihar,GOPALGANJ,Turmeric,3
Bihar,GOPALGANJ,Urad,22
Bihar,GOPALGANJ,Wheat,23
Bihar,GUMLA,Arhar/Tur,2
Bihar,GUMLA,Bajra,1
Bihar,GUMLA,Banana,2
Bihar,GUMLA,Barley,2
Bihar,GUMLA,Coriander,2
Bihar,GUMLA,Dry chillies,2
Bihar,GUMLA,Garlic,2
Bihar,GUMLA,Ginger,2
Bihar,GUMLA,Gram,2
Bihar,GUMLA,Groundnut,2
Bihar,GUMLA,Linseed,2
Bihar,GUMLA,Maize,7
Bihar,GUMLA,Niger seed,2
Bihar,GUMLA,Onion,2
Bihar,GUMLA,Other  Rabi pulses,2
Bihar,GUMLA,Other Kharif pulses,2
Bihar,GUMLA,Potato,2
Bihar,GUMLA,Ragi,3
Bihar,GUMLA,Rapeseed &Mustard,2
Bihar,GUMLA,Rice,6
Bihar,GUMLA,Sannhamp,2
Bihar,GUMLA,Sesamum,2
Bihar,GUMLA,Small millets,2
Bihar,GUMLA,Sunflower,2
Bihar,GUMLA,Sweet potato,2
Bihar,GUMLA,Wheat,2
Bihar,HAZARIBAGH,Arhar/Tur,2
Bihar,HAZARIBAGH,Bajra,2
Bihar,HAZARIBAGH,Barley,2
Bihar,HAZARIBAGH,Coriander,1
Bihar,HAZARIBAGH,Dry chillies,2
Bihar,HAZARIBAGH,Garlic,2
Bihar,HAZARIBAGH,Gram,2
Bihar,HAZARIBAGH,Groundnut,2
Bihar,HAZARIBAGH,Jowar,2
Bihar,HAZARIBAGH,Jute,1
Bihar,HAZARIBAGH,Linseed,2
Bihar,HAZARIBAGH,Maize,7
Bihar,HAZARIBAGH,Niger seed,2
Bihar,HAZARIBAGH,Onion,2
Bihar,HAZARIBAGH,Other  Rabi pulses,2
Bihar,HAZARIBAGH,Other Kharif pulses,2
Bihar,HAZARIBAGH,Potato,2
Bihar,HAZARIBAGH,Ragi,3
Bihar,HAZARIBAGH,Rapeseed &Mustard,2
Bihar,HAZARIBAGH,Rice,6
Bihar,HAZARIBAGH,Safflower,2
Bihar,HAZARIBAGH,Sesamum,2
Bihar,HAZARIBAGH,Small millets,2
Bihar,HAZARIBAGH,Sugarcane,3
Bihar,HAZARIBAGH,Sunflower,2
Bihar,HAZARIBAGH,Sweet potato,2
Bihar,HAZARIBAGH,Wheat,2
Bihar,JAMUI,Arhar/Tur,23
Bihar,JAMUI,Bajra,1
Bihar,JAMUI,Barley,22
Bihar,JAMUI,Castor seed,1
Bihar,JAMUI,Garlic,3
Bihar,JAMUI,Gram,23
Bihar,JAMUI,Horse-gram,17
Bihar,JAMUI,Jowar,2
Bihar,JAMUI,Khesari,18
Bihar,JAMUI,Linseed,19
Bihar,JAMUI,Maize,69
Bihar,JAMUI,Masoor,21
Bihar,JAMUI,Mesta,3
Bihar,JAMUI,Moong(Green Gram),41
Bihar,JAMUI,Onion,14
Bihar,JAMUI,Other  Rabi pulses,9
Bihar,JAMUI,Other Kharif pulses,13
Bihar,JAMUI,Peas & beans (Pulses),18
Bihar,JAMUI,Potato,20
Bihar,JAMUI,Ragi,11
Bihar,JAMUI,Rapeseed &Mustard,23
Bihar,JAMUI,Rice,33
Bihar,JAMUI,Sesamum,2
Bihar,JAMUI,Sugarcane,21
Bihar,JAMUI,Sunflower,3
Bihar,JAMUI,Tobacco,1
Bihar,JAMUI,Urad,14
Bihar,JAMUI,Wheat,23
Bihar,JEHANABAD,Arhar/Tur,23
Bihar,JEHANABAD,Bajra,2
Bihar,JEHANABAD,Barley,22
Bihar,JEHANABAD,Castor seed,1
Bihar,JEHANABAD,Coriander,14
Bihar,JEHANABAD,Dry chillies,10
Bihar,JEHANABAD,Garlic,15
Bihar,JEHANABAD,Ginger,3
Bihar,JEHANABAD,Gram,23
Bihar,JEHANABAD,Groundnut,7
Bihar,JEHANABAD,Horse-gram,7
Bihar,JEHANABAD,Jowar,5
Bihar,JEHANABAD,Jute,1
Bihar,JEHANABAD,Khesari,21
Bihar,JEHANABAD,Linseed,23
Bihar,JEHANABAD,Maize,69
Bihar,JEHANABAD,Masoor,21
Bihar,JEHANABAD,Mesta,5
Bihar,JEHANABAD,Moong(Green Gram),39
Bihar,JEHANABAD,Onion,15
Bihar,JEHANABAD,Other  Rabi pulses,4
Bihar,JEHANABAD,Other Kharif pulses,10
Bihar,JEHANABAD,Peas & beans (Pulses),21
Bihar,JEHANABAD,Potato,20
Bihar,JEHANABAD,Ragi,23
Bihar,JEHANABAD,Rapeseed &Mustard,23
Bihar,JEHANABAD,Rice,35
Bihar,JEHANABAD,Sannhamp,15
Bihar,JEHANABAD,Sesamum,16
Bihar,JEHANABAD,Small millets,2
Bihar,JEHANABAD,Sugarcane,20
Bihar,JEHANABAD,Sunflower,22
Bihar,JEHANABAD,Sweet potato,7
Bihar,JEHANABAD,Tobacco,3
Bihar,JEHANABAD,Turmeric,4
Bihar,JEHANABAD,Urad,21
Bihar,JEHANABAD,Wheat,23
Bihar,KAIMUR (BHABUA),Arhar/Tur,23
Bihar,KAIMUR (BHABUA),Bajra,6
Bihar,KAIMUR (BHABUA),Banana,1
Bihar,KAIMUR (BHABUA),Barley,22
Bihar,KAIMUR (BHABUA),Coriander,10
Bihar,KAIMUR (BHABUA),Dry chillies,8
Bihar,KAIMUR (BHABUA),Garlic,11
Bihar,KAIMUR (BHABUA),Gram,23
Bihar,KAIMUR (BHABUA),Horse-gram,2
Bihar,KAIMUR (BHABUA),Jowar,9
Bihar,KAIMUR (BHABUA),Khesari,21
Bihar,KAIMUR (BHABUA),Linseed,23
Bihar,KAIMUR (BHABUA),Maize,42
Bihar,KAIMUR (BHABUA),Masoor,21
Bihar,KAIMUR (BHABUA),Mesta,1
Bihar,KAIMUR (BHABUA),Moong(Green Gram),29
Bihar,KAIMUR (BHABUA),Onion,13
Bihar,KAIMUR (BHABUA),Other  Rabi pulses,2
Bihar,KAIMUR (BHABUA),Other Kharif pulses,10
Bihar,KAIMUR (BHABUA),Peas & beans (Pulses),21
Bihar,KAIMUR (BHABUA),Potato,19
Bihar,KAIMUR (BHABUA),Ragi,12
Bihar,KAIMUR (BHABUA),Rapeseed &Mustard,23
Bihar,KAIMUR (BHABUA),Rice,34
Bihar,KAIMUR (BHABUA),Safflower,2
Bihar,KAIMUR (BHABUA),Sannhamp,3
Bihar,KAIMUR (BHABUA),Sesamum,15
Bihar,KAIMUR (BHABUA),Small millets,9
Bihar,KAIMUR (BHABUA),Sugarcane,21
Bihar,KAIMUR (BHABUA),Sunflower,5
Bihar,KAIMUR (BHABUA),Sweet potato,3
Bihar,KAIMUR (BHABUA),Tobacco,4
Bihar,KAIMUR (BHABUA),Turmeric,3
Bihar,KAIMUR (BHABUA),Urad,18
Bihar,KAIMUR (BHABUA),Wheat,23
Bihar,KATIHAR,Arhar/Tur,21
Bihar,KATIHAR,Bajra,4
Bihar,KATIHAR,Banana,10
Bihar,KATIHAR,Barley,20
Bihar,KATIHAR,Castor seed,1
Bihar,KATIHAR,Coriander,13
Bihar,KATIHAR,Dry chillies,11
Bihar,KATIHAR,Garlic,15
Bihar,KATIHAR,Ginger,13
Bihar,KATIHAR,Gram,22
Bihar,KATIHAR,Groundnut,2
Bihar,KATIHAR,Horse-gram,18
Bihar,KATIHAR,Jowar,2
Bihar,KATIHAR,Jute,23
Bihar,KATIHAR,Khesari,20
Bihar,KATIHAR,Linseed,22
Bihar,KATIHAR,Maize,69
Bihar,KATIHAR,Masoor,21
Bihar,KATIHAR,Mesta,22
Bihar,KATIHAR,Moong(Green Gram),40
Bihar,KATIHAR,Niger seed,1
Bihar,KATIHAR,Onion,15
Bihar,KATIHAR,Other  Rabi pulses,18
Bihar,KATIHAR,Other Kharif pulses,8
Bihar,KATIHAR,Peas & beans (Pulses),21
Bihar,KATIHAR,Potato,20
Bihar,KATIHAR,Ragi,9
Bihar,KATIHAR,Rapeseed &Mustard,23
Bihar,KATIHAR,Rice,67
Bihar,KATIHAR,Safflower,2
Bihar,KATIHAR,Sannhamp,9
Bihar,KATIHAR,Sesamum,17
Bihar,KATIHAR,Small millets,20
Bihar,KATIHAR,Sugarcane,19
Bihar,KATIHAR,Sunflower,21
Bihar,KATIHAR,Sweet potato,12
Bihar,KATIHAR,Tobacco,18
Bihar,KATIHAR,Turmeric,15
Bihar,KATIHAR,Urad,22
Bihar,KATIHAR,Wheat,23
Bihar,KHAGARIA,Arhar/Tur,23
Bihar,KHAGARIA,Bajra,1
Bihar,KHAGARIA,Banana,10
Bihar,KHAGARIA,Barley,22
Bihar,KHAGARIA,Castor seed,5
Bihar,KHAGARIA,Coriander,14
Bihar,KHAGARIA,Dry chillies,11
Bihar,KHAGARIA,Garlic,15
Bihar,KHAGARIA,Ginger,1
Bihar,KHAGARIA,Gram,23
Bihar,KHAGARIA,Groundnut,1
Bihar,KHAGARIA,Horse-gram,18
Bihar,KHAGARIA,Jowar,9
Bihar,KHAGARIA,Jute,10
Bihar,KHAGARIA,Khesari,21
Bihar,KHAGARIA,Linseed,23
Bihar,KHAGARIA,Maize,69
Bihar,KHAGARIA,Masoor,21
Bihar,KHAGARIA,Mesta,11
Bihar,KHAGARIA,Moong(Green Gram),41
Bihar,KHAGARIA,Onion,15
Bihar,KHAGARIA,Other  Rabi pulses,22
Bihar,KHAGARIA,Other Kharif pulses,20
Bihar,KHAGARIA,Peas & beans (Pulses),21
Bihar,KHAGARIA,Potato,20
Bihar,KHAGARIA,Ragi,21
Bihar,KHAGARIA,Rapeseed &Mustard,23
Bihar,KHAGARIA,Rice,67
Bihar,KHAGARIA,Safflower,10
Bihar,KHAGARIA,Sannhamp,18
Bihar,KHAGARIA,Sesamum,16
Bihar,KHAGARIA,Small millets,21
Bihar,KHAGARIA,Soyabean,1
Bihar,KHAGARIA,Sugarcane,17
Bihar,KHAGARIA,Sunflower,23
Bihar,KHAGARIA,Sweet potato,11
Bihar,KHAGARIA,Tobacco,4
Bihar,KHAGARIA,Turmeric,15
Bihar,KHAGARIA,Urad,22
Bihar,KHAGARIA,Wheat,23
Bihar,KISHANGANJ,Arhar/Tur,23
Bihar,KISHANGANJ,Banana,10
Bihar,KISHANGANJ,Barley,10
Bihar,KISHANGANJ,Castor seed,3
Bihar,KISHANGANJ,Coriander,14
Bihar,KISHANGANJ,Dry chillies,11
Bihar,KISHANGANJ,Garlic,15
Bihar,KISHANGANJ,Ginger,16
Bihar,KISHANGANJ,Gram,23
Bihar,KISHANGANJ,Groundnut,2
Bihar,KISHANGANJ,Horse-gram,16
Bihar,KISHANGANJ,Jowar,1
Bihar,KISHANGANJ,Jute,23
Bihar,KISHANGANJ,Khesari,21
Bihar,KISHANGANJ,Linseed,23
Bihar,KISHANGANJ,Maize,67
Bihar,KISHANGANJ,Masoor,21
Bihar,KISHANGANJ,Mesta,23
Bihar,KISHANGANJ,Moong(Green Gram),38
Bihar,KISHANGANJ,Niger seed,1
Bihar,KISHANGANJ,Onion,15
Bihar,KISHANGANJ,Other  Rabi pulses,6
Bihar,KISHANGANJ,Other Kharif pulses,16
Bihar,KISHANGANJ,Peas & beans (Pulses),18
Bihar,KISHANGANJ,Potato,20
Bihar,KISHANGANJ,Ragi,23
Bihar,KISHANGANJ,Rapeseed &Mustard,23
Bihar,KISHANGANJ,Rice,67
Bihar,KISHANGANJ,Safflower,3
Bihar,KISHANGANJ,Sannhamp,1
Bihar,KISHANGANJ,Sesamum,22
Bihar,KISHANGANJ,Small millets,8
Bihar,KISHANGANJ,Sugarcane,17
Bihar,KISHANGANJ,Sunflower,5
Bihar,KISHANGANJ,Sweet potato,12
Bihar,KISHANGANJ,Tobacco,20
Bihar,KISHANGANJ,Turmeric,15
Bihar,KISHANGANJ,Urad,22
Bihar,KISHANGANJ,Wheat,23
Bihar,KODERMA,Arhar/Tur,2
Bihar,KODERMA,Bajra,2
Bihar,KODERMA,Barley,2
Bihar,KODERMA,Dry chillies,2
Bihar,KODERMA,Garlic,1
Bihar,KODERMA,Gram,2
Bihar,KODERMA,Groundnut,1
Bihar,KODERMA,Jowar,2
Bihar,KODERMA,Linseed,2
Bihar,KODERMA,Maize,3
Bihar,KODERMA,Mesta,1
Bihar,KODERMA,Niger seed,2
Bihar,KODERMA,Onion,2
Bihar,KODERMA,Other  Rabi pulses,1
Bihar,KODERMA,Other Kharif pulses,2
Bihar,KODERMA,Potato,2
Bihar,KODERMA,Ragi,3
Bihar,KODERMA,Rapeseed &Mustard,2
Bihar,KODERMA,Rice,4
Bihar,KODERMA,Sannhamp,1
Bihar,KODERMA,Sesamum,2
Bihar,KODERMA,Small millets,2
Bihar,KODERMA,Sugarcane,3
Bihar,KODERMA,Sunflower,1
Bihar,KODERMA,Wheat,2
Bihar,LAKHISARAI,Arhar/Tur,19
Bihar,LAKHISARAI,Barley,9
Bihar,LAKHISARAI,Coriander,1
Bihar,LAKHISARAI,Dry chillies,7
Bihar,LAKHISARAI,Gram,23
Bihar,LAKHISARAI,Horse-gram,5
Bihar,LAKHISARAI,Jowar,1
Bihar,LAKHISARAI,Khesari,21
Bihar,LAKHISARAI,Linseed,20
Bihar,LAKHISARAI,Maize,46
Bihar,LAKHISARAI,Masoor,21
Bihar,LAKHISARAI,Mesta,1
Bihar,LAKHISARAI,Moong(Green Gram),22
Bihar,LAKHISARAI,Onion,13
Bihar,LAKHISARAI,Other  Rabi pulses,2
Bihar,LAKHISARAI,Other Kharif pulses,5
Bihar,LAKHISARAI,Peas & beans (Pulses),21
Bihar,LAKHISARAI,Potato,15
Bihar,LAKHISARAI,Ragi,1
Bihar,LAKHISARAI,Rapeseed &Mustard,22
Bihar,LAKHISARAI,Rice,23
Bihar,LAKHISARAI,Sannhamp,3
Bihar,LAKHISARAI,Small millets,4
Bihar,LAKHISARAI,Soyabean,1
Bihar,LAKHISARAI,Sugarcane,1
Bihar,LAKHISARAI,Sweet potato,1
Bihar,LAKHISARAI,Turmeric,1
Bihar,LAKHISARAI,Urad,6
Bihar,LAKHISARAI,Wheat,23
Bihar,LOHARDAGA,Arhar/Tur,2
Bihar,LOHARDAGA,Banana,2
Bihar,LOHARDAGA,Barley,2
Bihar,LOHARDAGA,Coriander,2
Bihar,LOHARDAGA,Dry chillies,2
Bihar,LOHARDAGA,Garlic,2
Bihar,LOHARDAGA,Ginger,2
Bihar,LOHARDAGA,Gram,2
Bihar,LOHARDAGA,Groundnut,2
Bihar,LOHARDAGA,Linseed,2
Bihar,LOHARDAGA,Maize,7
Bihar,LOHARDAGA,Niger seed,2
Bihar,LOHARDAGA,Onion,2
Bihar,LOHARDAGA,Other  Rabi pulses,2
Bihar,LOHARDAGA,Other Kharif pulses,2
Bihar,LOHARDAGA,Potato,2
Bihar,LOHARDAGA,Ragi,3
Bihar,LOHARDAGA,Rapeseed &Mustard,2
Bihar,LOHARDAGA,Rice,6
Bihar,LOHARDAGA,Sannhamp,2
Bihar,LOHARDAGA,Sesamum,2
Bihar,LOHARDAGA,Small millets,2
Bihar,LOHARDAGA,Sugarcane,3
Bihar,LOHARDAGA,Sunflower,2
Bihar,LOHARDAGA,Sweet potato,2
Bihar,LOHARDAGA,Tobacco,1
Bihar,LOHARDAGA,Turmeric,1
Bihar,LOHARDAGA,Wheat,2
Bihar,MADHEPURA,Arhar/Tur,23
Bihar,MADHEPURA,Bajra,2
Bihar,MADHEPURA,Banana,10
Bihar,MADHEPURA,Barley,12
Bihar,MADHEPURA,Castor seed,8
Bihar,MADHEPURA,Coriander,14
Bihar,MADHEPURA,Dry chillies,10
Bihar,MADHEPURA,Garlic,14
Bihar,MADHEPURA,Ginger,12
Bihar,MADHEPURA,Gram,8
Bihar,MADHEPURA,Groundnut,3
Bihar,MADHEPURA,Horse-gram,17
Bihar,MADHEPURA,Jowar,2
Bihar,MADHEPURA,Jute,23
Bihar,MADHEPURA,Khesari,21
Bihar,MADHEPURA,Linseed,23
Bihar,MADHEPURA,Maize,69
Bihar,MADHEPURA,Masoor,21
Bihar,MADHEPURA,Mesta,23
Bihar,MADHEPURA,Moong(Green Gram),38
Bihar,MADHEPURA,Onion,15
Bihar,MADHEPURA,Other  Rabi pulses,3
Bihar,MADHEPURA,Other Kharif pulses,10
Bihar,MADHEPURA,Peas & beans (Pulses),21
Bihar,MADHEPURA,Potato,20
Bihar,MADHEPURA,Ragi,23
Bihar,MADHEPURA,Rapeseed &Mustard,23
Bihar,MADHEPURA,Rice,67
Bihar,MADHEPURA,Safflower,4
Bihar,MADHEPURA,Sannhamp,17
Bihar,MADHEPURA,Sesamum,21
Bihar,MADHEPURA,Small millets,18
Bihar,MADHEPURA,Sugarcane,20
Bihar,MADHEPURA,Sunflower,23
Bihar,MADHEPURA,Sweet potato,11
Bihar,MADHEPURA,Tobacco,1
Bihar,MADHEPURA,Turmeric,13
Bihar,MADHEPURA,Urad,22
Bihar,MADHEPURA,Wheat,23
Bihar,MADHUBANI,Arhar/Tur,23
Bihar,MADHUBANI,Bajra,4
Bihar,MADHUBANI,Banana,10
Bihar,MADHUBANI,Barley,22
Bihar,MADHUBANI,Castor seed,12
Bihar,MADHUBANI,Coriander,14
Bihar,MADHUBANI,Dry chillies,11
Bihar,MADHUBANI,Garlic,15
Bihar,MADHUBANI,Ginger,9
Bihar,MADHUBANI,Gram,23
Bihar,MADHUBANI,Horse-gram,18
Bihar,MADHUBANI,Jowar,4
Bihar,MADHUBANI,Jute,8
Bihar,MADHUBANI,Khesari,21
Bihar,MADHUBANI,Linseed,23
Bihar,MADHUBANI,Maize,67
Bihar,MADHUBANI,Masoor,21
Bihar,MADHUBANI,Mesta,19
Bihar,MADHUBANI,Moong(Green Gram),39
Bihar,MADHUBANI,Onion,15
Bihar,MADHUBANI,Other  Rabi pulses,22
Bihar,MADHUBANI,Other Kharif pulses,19
Bihar,MADHUBANI,Peas & beans (Pulses),21
Bihar,MADHUBANI,Potato,20
Bihar,MADHUBANI,Ragi,23
Bihar,MADHUBANI,Rapeseed &Mustard,23
Bihar,MADHUBANI,Rice,67
Bihar,MADHUBANI,Safflower,2
Bihar,MADHUBANI,Sannhamp,17
Bihar,MADHUBANI,Sesamum,22
Bihar,MADHUBANI,Small millets,10
Bihar,MADHUBANI,Sugarcane,21
Bihar,MADHUBANI,Sunflower,21
Bihar,MADHUBANI,Sweet potato,12
Bihar,MADHUBANI,Tobacco,8
Bihar,MADHUBANI,Turmeric,15
Bihar,MADHUBANI,Urad,22
Bihar,MADHUBANI,Wheat,23
Bihar,MUNGER,Arhar/Tur,23
Bihar,MUNGER,Barley,17
Bihar,MUNGER,Coriander,2
Bihar,MUNGER,Dry chillies,2
Bihar,MUNGER,Garlic,1
Bihar,MUNGER,Gram,23
Bihar,MUNGER,Groundnut,1
Bihar,MUNGER,Horse-gram,18
Bihar,MUNGER,Jowar,1
Bihar,MUNGER,Jute,2
Bihar,MUNGER,Khesari,21
Bihar,MUNGER,Linseed,23
Bihar,MUNGER,Maize,69
Bihar,MUNGER,Masoor,21
Bihar,MUNGER,Moong(Green Gram),41
Bihar,MUNGER,Onion,15
Bihar,MUNGER,Other  Rabi pulses,5
Bihar,MUNGER,Other Kharif pulses,13
Bihar,MUNGER,Peas & beans (Pulses),21
Bihar,MUNGER,Potato,20
Bihar,MUNGER,Ragi,6
Bihar,MUNGER,Rapeseed &Mustard,23
Bihar,MUNGER,Rice,48
Bihar,MUNGER,Safflower,1
Bihar,MUNGER,Sannhamp,16
Bihar,MUNGER,Small millets,13
Bihar,MUNGER,Sugarcane,11
Bihar,MUNGER,Sunflower,11
Bihar,MUNGER,Sweet potato,11
Bihar,MUNGER,Tobacco,3
Bihar,MUNGER,Urad,15
Bihar,MUNGER,Wheat,23
Bihar,MUZAFFARPUR,Arhar/Tur,23
Bihar,MUZAFFARPUR,Bajra,2
Bihar,MUZAFFARPUR,Banana,9
Bihar,MUZAFFARPUR,Barley,22
Bihar,MUZAFFARPUR,Castor seed,2
Bihar,MUZAFFARPUR,Coriander,14
Bihar,MUZAFFARPUR,Dry chillies,11
Bihar,MUZAFFARPUR,Garlic,15
Bihar,MUZAFFARPUR,Ginger,15
Bihar,MUZAFFARPUR,Gram,20
Bihar,MUZAFFARPUR,Groundnut,1
Bihar,MUZAFFARPUR,Jowar,5
Bihar,MUZAFFARPUR,Jute,4
Bihar,MUZAFFARPUR,Khesari,19
Bihar,MUZAFFARPUR,Linseed,22
Bihar,MUZAFFARPUR,Maize,69
Bihar,MUZAFFARPUR,Masoor,21
Bihar,MUZAFFARPUR,Mesta,19
Bihar,MUZAFFARPUR,Moong(Green Gram),25
Bihar,MUZAFFARPUR,Onion,15
Bihar,MUZAFFARPUR,Other  Rabi pulses,19
Bihar,MUZAFFARPUR,Other Kharif pulses,6
Bihar,MUZAFFARPUR,Peas & beans (Pulses),21
Bihar,MUZAFFARPUR,Potato,20
Bihar,MUZAFFARPUR,Ragi,21
Bihar,MUZAFFARPUR,Rapeseed &Mustard,23
Bihar,MUZAFFARPUR,Rice,61
Bihar,MUZAFFARPUR,Safflower,11
Bihar,MUZAFFARPUR,Sannhamp,9
Bihar,MUZAFFARPUR,Sesamum,22
Bihar,MUZAFFARPUR,Small millets,16
Bihar,MUZAFFARPUR,Sugarcane,21
Bihar,MUZAFFARPUR,Sunflower,23
Bihar,MUZAFFARPUR,Sweet potato,12
Bihar,MUZAFFARPUR,Tobacco,21
Bihar,MUZAFFARPUR,Turmeric,15
Bihar,MUZAFFARPUR,Urad,16
Bihar,MUZAFFARPUR,Wheat,23
Bihar,NALANDA,Arhar/Tur,23
Bihar,NALANDA,Barley,22
Bihar,NALANDA,Castor seed,3
Bihar,NALANDA,Coriander,14
Bihar,NALANDA,Dry chillies,11
Bihar,NALANDA,Garlic,15
Bihar,NALANDA,Ginger,1
Bihar,NALANDA,Gram,23
Bihar,NALANDA,Groundnut,18
Bihar,NALANDA,Horse-gram,1
Bihar,NALANDA,Jowar,1
Bihar,NALANDA,Khesari,21
Bihar,NALANDA,Linseed,21
Bihar,NALANDA,Maize,69
Bihar,NALANDA,Masoor,21
Bihar,NALANDA,Mesta,1
Bihar,NALANDA,Moong(Green Gram),41
Bihar,NALANDA,Onion,15
Bihar,NALANDA,Other  Rabi pulses,9
Bihar,NALANDA,Other Kharif pulses,12
Bihar,NALANDA,Peas & beans (Pulses),21
Bihar,NALANDA,Potato,20
Bihar,NALANDA,Ragi,22
Bihar,NALANDA,Rapeseed &Mustard,23
Bihar,NALANDA,Rice,42
Bihar,NALANDA,Safflower,1
Bihar,NALANDA,Sannhamp,11
Bihar,NALANDA,Sesamum,15
Bihar,NALANDA,Small millets,16
Bihar,NALANDA,Sugarcane,20
Bihar,NALANDA,Sunflower,23
Bihar,NALANDA,Turmeric,6
Bihar,NALANDA,Urad,12
Bihar,NALANDA,Wheat,23
Bihar,NAWADA,Arhar/Tur,23
Bihar,NAWADA,Bajra,6
Bihar,NAWADA,Banana,1
Bihar,NAWADA,Barley,21
Bihar,NAWADA,Castor seed,2
Bihar,NAWADA,Coriander,10
Bihar,NAWADA,Dry chillies,11
Bihar,NAWADA,Garlic,11
Bihar,NAWADA,Ginger,3
Bihar,NAWADA,Gram,22
Bihar,NAWADA,Groundnut,21
Bihar,NAWADA,Horse-gram,18
Bihar,NAWADA,Jowar,4
Bihar,NAWADA,Jute,1
Bihar,NAWADA,Khesari,21
Bihar,NAWADA,Linseed,23
Bihar,NAWADA,Maize,63
Bihar,NAWADA,Masoor,21
Bihar,NAWADA,Mesta,7
Bihar,NAWADA,Moong(Green Gram),41
Bihar,NAWADA,Onion,15
Bihar,NAWADA,Other  Rabi pulses,5
Bihar,NAWADA,Other Kharif pulses,16
Bihar,NAWADA,Peas & beans (Pulses),21
Bihar,NAWADA,Potato,20
Bihar,NAWADA,Ragi,23
Bihar,NAWADA,Rapeseed &Mustard,23
Bihar,NAWADA,Rice,41
Bihar,NAWADA,Safflower,5
Bihar,NAWADA,Sannhamp,18
Bihar,NAWADA,Sesamum,22
Bihar,NAWADA,Small millets,12
Bihar,NAWADA,Sugarcane,21
Bihar,NAWADA,Sunflower,23
Bihar,NAWADA,Sweet potato,12
Bihar,NAWADA,Turmeric,2
Bihar,NAWADA,Urad,22
Bihar,NAWADA,Wheat,23
Bihar,PAKUR,Arhar/Tur,2
Bihar,PAKUR,Bajra,2
Bihar,PAKUR,Barley,2
Bihar,PAKUR,Coriander,1
Bihar,PAKUR,Garlic,1
Bihar,PAKUR,Gram,2
Bihar,PAKUR,Jute,3
Bihar,PAKUR,Linseed,2
Bihar,PAKUR,Maize,5
Bihar,PAKUR,Mesta,2
Bihar,PAKUR,Niger seed,2
Bihar,PAKUR,Onion,2
Bihar,PAKUR,Other  Rabi pulses,2
Bihar,PAKUR,Other Kharif pulses,2
Bihar,PAKUR,Potato,2
Bihar,PAKUR,Ragi,3
Bihar,PAKUR,Rapeseed &Mustard,2
Bihar,PAKUR,Rice,6
Bihar,PAKUR,Sannhamp,1
Bihar,PAKUR,Sesamum,2
Bihar,PAKUR,Small millets,2
Bihar,PAKUR,Sugarcane,3
Bihar,PAKUR,Wheat,2
Bihar,PALAMU,Arhar/Tur,2
Bihar,PALAMU,Bajra,2
Bihar,PALAMU,Barley,2
Bihar,PALAMU,Coriander,2
Bihar,PALAMU,Dry chillies,2
Bihar,PALAMU,Garlic,2
Bihar,PALAMU,Gram,2
Bihar,PALAMU,Groundnut,2
Bihar,PALAMU,Jowar,2
Bihar,PALAMU,Linseed,2
Bihar,PALAMU,Maize,7
Bihar,PALAMU,Niger seed,2
Bihar,PALAMU,Onion,2
Bihar,PALAMU,Other  Rabi pulses,2
Bihar,PALAMU,Other Kharif pulses,2
Bihar,PALAMU,Potato,2
Bihar,PALAMU,Ragi,3
Bihar,PALAMU,Rapeseed &Mustard,2
Bihar,PALAMU,Rice,6
Bihar,PALAMU,Sannhamp,2
Bihar,PALAMU,Sesamum,2
Bihar,PALAMU,Small millets,2
Bihar,PALAMU,Sugarcane,3
Bihar,PALAMU,Sunflower,2
Bihar,PALAMU,Sweet potato,2
Bihar,PALAMU,Turmeric,2
Bihar,PALAMU,Wheat,2
Bihar,PASHCHIM CHAMPARAN,Arhar/Tur,23
Bihar,PASHCHIM CHAMPARAN,Bajra,15
Bihar,PASHCHIM CHAMPARAN,Banana,10
Bihar,PASHCHIM CHAMPARAN,Barley,19
Bihar,PASHCHIM CHAMPARAN,Coriander,14
Bihar,PASHCHIM CHAMPARAN,Dry chillies,11
Bihar,PASHCHIM CHAMPARAN,Garlic,15
Bihar,PASHCHIM CHAMPARAN,Ginger,16
Bihar,PASHCHIM CHAMPARAN,Gram,21
Bihar,PASHCHIM CHAMPARAN,Groundnut,11
Bihar,PASHCHIM CHAMPARAN,Horse-gram,6
Bihar,PASHCHIM CHAMPARAN,Jowar,10
Bihar,PASHCHIM CHAMPARAN,Jute,7
Bihar,PASHCHIM CHAMPARAN,Khesari,21
Bihar,PASHCHIM CHAMPARAN,Linseed,23
Bihar,PASHCHIM CHAMPARAN,Maize,69
Bihar,PASHCHIM CHAMPARAN,Masoor,21
Bihar,PASHCHIM CHAMPARAN,Mesta,8
Bihar,PASHCHIM CHAMPARAN,Moong(Green Gram),40
Bihar,PASHCHIM CHAMPARAN,Onion,15
Bihar,PASHCHIM CHAMPARAN,Other  Rabi pulses,22
Bihar,PASHCHIM CHAMPARAN,Other Kharif pulses,12
Bihar,PASHCHIM CHAMPARAN,Peas & beans (Pulses),21
Bihar,PASHCHIM CHAMPARAN,Potato,20
Bihar,PASHCHIM CHAMPARAN,Ragi,22
Bihar,PASHCHIM CHAMPARAN,Rapeseed &Mustard,23
Bihar,PASHCHIM CHAMPARAN,Rice,62
Bihar,PASHCHIM CHAMPARAN,Safflower,14
Bihar,PASHCHIM CHAMPARAN,Sannhamp,8
Bihar,PASHCHIM CHAMPARAN,Sesamum,22
Bihar,PASHCHIM CHAMPARAN,Small millets,12
Bihar,PASHCHIM CHAMPARAN,Sugarcane,21
Bihar,PASHCHIM CHAMPARAN,Sunflower,23
Bihar,PASHCHIM CHAMPARAN,Sweet potato,10
Bihar,PASHCHIM CHAMPARAN,Turmeric,14
Bihar,PASHCHIM CHAMPARAN,Urad,22
Bihar,PASHCHIM CHAMPARAN,Wheat,23
Bihar,PATNA,Arhar/Tur,23
Bihar,PATNA,Bajra,6
Bihar,PATNA,Barley,22
Bihar,PATNA,Castor seed,4
Bihar,PATNA,Coriander,14
Bihar,PATNA,Dry chillies,11
Bihar,PATNA,Garlic,14
Bihar,PATNA,Ginger,1
Bihar,PATNA,Gram,23
Bihar,PATNA,Jowar,13
Bihar,PATNA,Khesari,21
Bihar,PATNA,Linseed,23
Bihar,PATNA,Maize,69
Bihar,PATNA,Masoor,21
Bihar,PATNA,Mesta,1
Bihar,PATNA,Moong(Green Gram),34
Bihar,PATNA,Onion,15
Bihar,PATNA,Other  Rabi pulses,4
Bihar,PATNA,Other Kharif pulses,14
Bihar,PATNA,Peas & beans (Pulses),21
Bihar,PATNA,Potato,19
Bihar,PATNA,Ragi,15
Bihar,PATNA,Rapeseed &Mustard,23
Bihar,PATNA,Rice,53
Bihar,PATNA,Safflower,1
Bihar,PATNA,Sannhamp,9
Bihar,PATNA,Sesamum,9
Bihar,PATNA,Small millets,13
Bihar,PATNA,Sugarcane,21
Bihar,PATNA,Sunflower,23
Bihar,PATNA,Sweet potato,10
Bihar,PATNA,Turmeric,2
Bihar,PATNA,Urad,12
Bihar,PATNA,Wheat,23
Bihar,PURBI CHAMPARAN,Arhar/Tur,23
Bihar,PURBI CHAMPARAN,Bajra,4
Bihar,PURBI CHAMPARAN,Banana,10
Bihar,PURBI CHAMPARAN,Barley,15
Bihar,PURBI CHAMPARAN,Castor seed,4
Bihar,PURBI CHAMPARAN,Coriander,10
Bihar,PURBI CHAMPARAN,Dry chillies,11
Bihar,PURBI CHAMPARAN,Garlic,14
Bihar,PURBI CHAMPARAN,Ginger,11
Bihar,PURBI CHAMPARAN,Gram,12
Bihar,PURBI CHAMPARAN,Jowar,6
Bihar,PURBI CHAMPARAN,Jute,15
Bihar,PURBI CHAMPARAN,Khesari,20
Bihar,PURBI CHAMPARAN,Linseed,22
Bihar,PURBI CHAMPARAN,Maize,69
Bihar,PURBI CHAMPARAN,Masoor,21
Bihar,PURBI CHAMPARAN,Mesta,15
Bihar,PURBI CHAMPARAN,Moong(Green Gram),40
Bihar,PURBI CHAMPARAN,Onion,15
Bihar,PURBI CHAMPARAN,Other  Rabi pulses,15
Bihar,PURBI CHAMPARAN,Other Kharif pulses,10
Bihar,PURBI CHAMPARAN,Peas & beans (Pulses),21
Bihar,PURBI CHAMPARAN,Potato,20
Bihar,PURBI CHAMPARAN,Ragi,16
Bihar,PURBI CHAMPARAN,Rapeseed &Mustard,23
Bihar,PURBI CHAMPARAN,Rice,58
Bihar,PURBI CHAMPARAN,Sannhamp,10
Bihar,PURBI CHAMPARAN,Sesamum,18
Bihar,PURBI CHAMPARAN,Small millets,13
Bihar,PURBI CHAMPARAN,Sugarcane,21
Bihar,PURBI CHAMPARAN,Sunflower,23
Bihar,PURBI CHAMPARAN,Sweet potato,12
Bihar,PURBI CHAMPARAN,Tobacco,4
Bihar,PURBI CHAMPARAN,Turmeric,11
Bihar,PURBI CHAMPARAN,Urad,16
Bihar,PURBI CHAMPARAN,Wheat,23
Bihar,PURNIA,Arhar/Tur,21
Bihar,PURNIA,Bajra,1
Bihar,PURNIA,Banana,10
Bihar,PURNIA,Barley,10
Bihar,PURNIA,Coriander,10
Bihar,PURNIA,Dry chillies,11
Bihar,PURNIA,Garlic,11
Bihar,PURNIA,Ginger,11
Bihar,PURNIA,Gram,19
Bihar,PURNIA,Groundnut,6
Bihar,PURNIA,Horse-gram,18
Bihar,PURNIA,Jowar,2
Bihar,PURNIA,Jute,23
Bihar,PURNIA,Khesari,19
Bihar,PURNIA,Linseed,22
Bihar,PURNIA,Maize,69
Bihar,PURNIA,Masoor,21
Bihar,PURNIA,Mesta,23
Bihar,PURNIA,Moong(Green Gram),40
Bihar,PURNIA,Niger seed,1
Bihar,PURNIA,Onion,15
Bihar,PURNIA,Other  Rabi pulses,4
Bihar,PURNIA,Other Kharif pulses,9
Bihar,PURNIA,Peas & beans (Pulses),20
Bihar,PURNIA,Potato,20
Bihar,PURNIA,Ragi,10
Bihar,PURNIA,Rapeseed &Mustard,23
Bihar,PURNIA,Rice,67
Bihar,PURNIA,Safflower,3
Bihar,PURNIA,Sannhamp,1
Bihar,PURNIA,Sesamum,21
Bihar,PURNIA,Small millets,7
Bihar,PURNIA,Sugarcane,16
Bihar,PURNIA,Sunflower,23
Bihar,PURNIA,Sweet potato,12
Bihar,PURNIA,Tobacco,11
Bihar,PURNIA,Turmeric,11
Bihar,PURNIA,Urad,22
Bihar,PURNIA,Wheat,23
Bihar,RANCHI,Arhar/Tur,2
Bihar,RANCHI,Bajra,2
Bihar,RANCHI,Banana,1
Bihar,RANCHI,Barley,2
Bihar,RANCHI,Castor seed,1
Bihar,RANCHI,Coriander,2
Bihar,RANCHI,Dry chillies,2
Bihar,RANCHI,Garlic,2
Bihar,RANCHI,Ginger,2
Bihar,RANCHI,Gram,2
Bihar,RANCHI,Groundnut,2
Bihar,RANCHI,Jowar,2
Bihar,RANCHI,Jute,2
Bihar,RANCHI,Linseed,2
Bihar,RANCHI,Maize,6
Bihar,RANCHI,Mesta,1
Bihar,RANCHI,Niger seed,2
Bihar,RANCHI,Onion,2
Bihar,RANCHI,Other  Rabi pulses,2
Bihar,RANCHI,Other Kharif pulses,2
Bihar,RANCHI,Potato,2
Bihar,RANCHI,Ragi,3
Bihar,RANCHI,Rapeseed &Mustard,2
Bihar,RANCHI,Rice,6
Bihar,RANCHI,Safflower,2
Bihar,RANCHI,Sannhamp,2
Bihar,RANCHI,Sesamum,2
Bihar,RANCHI,Small millets,2
Bihar,RANCHI,Sugarcane,1
Bihar,RANCHI,Sunflower,2
Bihar,RANCHI,Sweet potato,2
Bihar,RANCHI,Tobacco,2
Bihar,RANCHI,Turmeric,2
Bihar,RANCHI,Wheat,2
Bihar,ROHTAS,Arhar/Tur,23
Bihar,ROHTAS,Bajra,11
Bihar,ROHTAS,Barley,22
Bihar,ROHTAS,Castor seed,1
Bihar,ROHTAS,Coriander,14
Bihar,ROHTAS,Cotton(lint),1
Bihar,ROHTAS,Dry chillies,11
Bihar,ROHTAS,Garlic,13
Bihar,ROHTAS,Ginger,4
Bihar,ROHTAS,Gram,23
Bihar,ROHTAS,Groundnut,15
Bihar,ROHTAS,Horse-gram,12
Bihar,ROHTAS,Jowar,9
Bihar,ROHTAS,Jute,2
Bihar,ROHTAS,Khesari,21
Bihar,ROHTAS,Linseed,23
Bihar,ROHTAS,Maize,49
Bihar,ROHTAS,Masoor,21
Bihar,ROHTAS,Mesta,8
Bihar,ROHTAS,Moong(Green Gram),36
Bihar,ROHTAS,Onion,15
Bihar,ROHTAS,Other  Rabi pulses,7
Bihar,ROHTAS,Other Kharif pulses,15
Bihar,ROHTAS,Peas & beans (Pulses),21
Bihar,ROHTAS,Potato,20
Bihar,ROHTAS,Ragi,12
Bihar,ROHTAS,Rapeseed &Mustard,23
Bihar,ROHTAS,Rice,52
Bihar,ROHTAS,Safflower,2
Bihar,ROHTAS,Sannhamp,6
Bihar,ROHTAS,Sesamum,16
Bihar,ROHTAS,Small millets,5
Bihar,ROHTAS,Sugarcane,15
Bihar,ROHTAS,Sunflower,12
Bihar,ROHTAS,Sweet potato,10
Bihar,ROHTAS,Turmeric,10
Bihar,ROHTAS,Urad,20
Bihar,ROHTAS,Wheat,23
Bihar,SAHARSA,Arhar/Tur,12
Bihar,SAHARSA,Bajra,1
Bihar,SAHARSA,Banana,10
Bihar,SAHARSA,Barley,13
Bihar,SAHARSA,Coriander,10
Bihar,SAHARSA,Dry chillies,8
Bihar,SAHARSA,Garlic,9
Bihar,SAHARSA,Ginger,5
Bihar,SAHARSA,Gram,6
Bihar,SAHARSA,Horse-gram,17
Bihar,SAHARSA,Jowar,3
Bihar,SAHARSA,Jute,23
Bihar,SAHARSA,Khesari,20
Bihar,SAHARSA,Linseed,23
Bihar,SAHARSA,Maize,66
Bihar,SAHARSA,Masoor,21
Bihar,SAHARSA,Mesta,21
Bihar,SAHARSA,Moong(Green Gram),24
Bihar,SAHARSA,Onion,14
Bihar,SAHARSA,Other  Rabi pulses,4
Bihar,SAHARSA,Other Kharif pulses,5
Bihar,SAHARSA,Peas & beans (Pulses),21
Bihar,SAHARSA,Potato,20
Bihar,SAHARSA,Ragi,23
Bihar,SAHARSA,Rapeseed &Mustard,23
Bihar,SAHARSA,Rice,67
Bihar,SAHARSA,Safflower,3
Bihar,SAHARSA,Sannhamp,18
Bihar,SAHARSA,Sesamum,22
Bihar,SAHARSA,Small millets,9
Bihar,SAHARSA,Sugarcane,21
Bihar,SAHARSA,Sunflower,23
Bihar,SAHARSA,Sweet potato,10
Bihar,SAHARSA,Turmeric,7
Bihar,SAHARSA,Urad,21
Bihar,SAHARSA,Wheat,23
Bihar,SAHEBGANJ,Arhar/Tur,2
Bihar,SAHEBGANJ,Bajra,2
Bihar,SAHEBGANJ,Barley,2
Bihar,SAHEBGANJ,Coriander,2
Bihar,SAHEBGANJ,Garlic,2
Bihar,SAHEBGANJ,Gram,2
Bihar,SAHEBGANJ,Jute,1
Bihar,SAHEBGANJ,Linseed,2
Bihar,SAHEBGANJ,Maize,7
Bihar,SAHEBGANJ,Mesta,3
Bihar,SAHEBGANJ,Niger seed,1
Bihar,SAHEBGANJ,Onion,2
Bihar,SAHEBGANJ,Other  Rabi pulses,2
Bihar,SAHEBGANJ,Other Kharif pulses,2
Bihar,SAHEBGANJ,Potato,2
Bihar,SAHEBGANJ,Ragi,2
Bihar,SAHEBGANJ,Rapeseed &Mustard,2
Bihar,SAHEBGANJ,Rice,6
Bihar,SAHEBGANJ,Sesamum,1
Bihar,SAHEBGANJ,Small millets,2
Bihar,SAHEBGANJ,Sugarcane,2
Bihar,SAHEBGANJ,Sunflower,1
Bihar,SAHEBGANJ,Wheat,2
Bihar,SAMASTIPUR,Arhar/Tur,23
Bihar,SAMASTIPUR,Bajra,1
Bihar,SAMASTIPUR,Banana,10
Bihar,SAMASTIPUR,Barley,22
Bihar,SAMASTIPUR,Castor seed,10
Bihar,SAMASTIPUR,Coriander,14
Bihar,SAMASTIPUR,Dry chillies,11
Bihar,SAMASTIPUR,Garlic,15
Bihar,SAMASTIPUR,Ginger,16
Bihar,SAMASTIPUR,Gram,23
Bihar,SAMASTIPUR,Horse-gram,9
Bihar,SAMASTIPUR,Jowar,4
Bihar,SAMASTIPUR,Jute,11
Bihar,SAMASTIPUR,Khesari,21
Bihar,SAMASTIPUR,Linseed,23
Bihar,SAMASTIPUR,Maize,67
Bihar,SAMASTIPUR,Masoor,21
Bihar,SAMASTIPUR,Mesta,20
Bihar,SAMASTIPUR,Moong(Green Gram),41
Bihar,SAMASTIPUR,Niger seed,1
Bihar,SAMASTIPUR,Onion,15
Bihar,SAMASTIPUR,Other  Rabi pulses,21
Bihar,SAMASTIPUR,Other Kharif pulses,14
Bihar,SAMASTIPUR,Peas & beans (Pulses),21
Bihar,SAMASTIPUR,Potato,20
Bihar,SAMASTIPUR,Ragi,14
Bihar,SAMASTIPUR,Rapeseed &Mustard,23
Bihar,SAMASTIPUR,Rice,64
Bihar,SAMASTIPUR,Safflower,6
Bihar,SAMASTIPUR,Sannhamp,15
Bihar,SAMASTIPUR,Sesamum,22
Bihar,SAMASTIPUR,Small millets,16
Bihar,SAMASTIPUR,Soyabean,1
Bihar,SAMASTIPUR,Sugarcane,21
Bihar,SAMASTIPUR,Sunflower,20
Bihar,SAMASTIPUR,Sweet potato,12
Bihar,SAMASTIPUR,Tobacco,21
Bihar,SAMASTIPUR,Turmeric,15
Bihar,SAMASTIPUR,Urad,22
Bihar,SAMASTIPUR,Wheat,23
Bihar,SARAN,Arhar/Tur,23
Bihar,SARAN,Bajra,13
Bihar,SARAN,Banana,10
Bihar,SARAN,Barley,20
Bihar,SARAN,Castor seed,1
Bihar,SARAN,Coriander,2
Bihar,SARAN,Dry chillies,5
Bihar,SARAN,Garlic,11
Bihar,SARAN,Gram,22
Bihar,SARAN,Jowar,6
Bihar,SARAN,Jute,8
Bihar,SARAN,Khesari,21
Bihar,SARAN,Linseed,17
Bihar,SARAN,Maize,69
Bihar,SARAN,Masoor,21
Bihar,SARAN,Mesta,19
Bihar,SARAN,Moong(Green Gram),32
Bihar,SARAN,Onion,15
Bihar,SARAN,Other  Rabi pulses,17
Bihar,SARAN,Other Kharif pulses,7
Bihar,SARAN,Peas & beans (Pulses),21
Bihar,SARAN,Potato,20
Bihar,SARAN,Ragi,23
Bihar,SARAN,Rapeseed &Mustard,23
Bihar,SARAN,Rice,61
Bihar,SARAN,Safflower,2
Bihar,SARAN,Sannhamp,15
Bihar,SARAN,Sesamum,9
Bihar,SARAN,Small millets,21
Bihar,SARAN,Sugarcane,20
Bihar,SARAN,Sunflower,12
Bihar,SARAN,Sweet potato,11
Bihar,SARAN,Tobacco,3
Bihar,SARAN,Urad,22
Bihar,SARAN,Wheat,23
Bihar,SHEIKHPURA,Arhar/Tur,23
Bihar,SHEIKHPURA,Barley,10
Bihar,SHEIKHPURA,Coriander,5
Bihar,SHEIKHPURA,Garlic,1
Bihar,SHEIKHPURA,Ginger,1
Bihar,SHEIKHPURA,Gram,23
Bihar,SHEIKHPURA,Groundnut,1
Bihar,SHEIKHPURA,Horse-gram,1
Bihar,SHEIKHPURA,Jowar,2
Bihar,SHEIKHPURA,Khesari,21
Bihar,SHEIKHPURA,Linseed,21
Bihar,SHEIKHPURA,Maize,66
Bihar,SHEIKHPURA,Masoor,21
Bihar,SHEIKHPURA,Moong(Green Gram),21
Bihar,SHEIKHPURA,Onion,15
Bihar,SHEIKHPURA,Other  Rabi pulses,2
Bihar,SHEIKHPURA,Other Kharif pulses,3
Bihar,SHEIKHPURA,Peas & beans (Pulses),17
Bihar,SHEIKHPURA,Potato,19
Bihar,SHEIKHPURA,Ragi,4
Bihar,SHEIKHPURA,Rapeseed &Mustard,23
Bihar,SHEIKHPURA,Rice,26
Bihar,SHEIKHPURA,Sannhamp,7
Bihar,SHEIKHPURA,Sesamum,4
Bihar,SHEIKHPURA,Small millets,7
Bihar,SHEIKHPURA,Sugarcane,21
Bihar,SHEIKHPURA,Sunflower,5
Bihar,SHEIKHPURA,Urad,5
Bihar,SHEIKHPURA,Wheat,23
Bihar,SHEOHAR,Arhar/Tur,23
Bihar,SHEOHAR,Bajra,2
Bihar,SHEOHAR,Banana,10
Bihar,SHEOHAR,Barley,12
Bihar,SHEOHAR,Coriander,13
Bihar,SHEOHAR,Dry chillies,7
Bihar,SHEOHAR,Garlic,14
Bihar,SHEOHAR,Ginger,1
Bihar,SHEOHAR,Gram,2
Bihar,SHEOHAR,Groundnut,2
Bihar,SHEOHAR,Jowar,1
Bihar,SHEOHAR,Jute,1
Bihar,SHEOHAR,Khesari,21
Bihar,SHEOHAR,Linseed,23
Bihar,SHEOHAR,Maize,65
Bihar,SHEOHAR,Masoor,21
Bihar,SHEOHAR,Mesta,3
Bihar,SHEOHAR,Moong(Green Gram),33
Bihar,SHEOHAR,Onion,12
Bihar,SHEOHAR,Other  Rabi pulses,19
Bihar,SHEOHAR,Peas & beans (Pulses),15
Bihar,SHEOHAR,Potato,20
Bihar,SHEOHAR,Ragi,15
Bihar,SHEOHAR,Rapeseed &Mustard,23
Bihar,SHEOHAR,Rice,52
Bihar,SHEOHAR,Safflower,1
Bihar,SHEOHAR,Sannhamp,2
Bihar,SHEOHAR,Sesamum,12
Bihar,SHEOHAR,Small millets,16
Bihar,SHEOHAR,Sugarcane,21
Bihar,SHEOHAR,Sunflower,14
Bihar,SHEOHAR,Sweet potato,9
Bihar,SHEOHAR,Tobacco,21
Bihar,SHEOHAR,Turmeric,12
Bihar,SHEOHAR,Wheat,23
Bihar,SITAMARHI,Arhar/Tur,23
Bihar,SITAMARHI,Bajra,6
Bihar,SITAMARHI,Banana,10
Bihar,SITAMARHI,Barley,22
Bihar,SITAMARHI,Castor seed,4
Bihar,SITAMARHI,Coriander,14
Bihar,SITAMARHI,Dry chillies,11
Bihar,SITAMARHI,Garlic,15
Bihar,SITAMARHI,Ginger,4
Bihar,SITAMARHI,Gram,8
Bihar,SITAMARHI,Groundnut,1
Bihar,SITAMARHI,Horse-gram,5
Bihar,SITAMARHI,Jowar,6
Bihar,SITAMARHI,Khesari,21
Bihar,SITAMARHI,Linseed,23
Bihar,SITAMARHI,Maize,68
Bihar,SITAMARHI,Masoor,21
Bihar,SITAMARHI,Mesta,16
Bihar,SITAMARHI,Moong(Green Gram),34
Bihar,SITAMARHI,Onion,15
Bihar,SITAMARHI,Other  Rabi pulses,22
Bihar,SITAMARHI,Other Kharif pulses,9
Bihar,SITAMARHI,Peas & beans (Pulses),21
Bihar,SITAMARHI,Potato,16
Bihar,SITAMARHI,Ragi,23
Bihar,SITAMARHI,Rapeseed &Mustard,23
Bihar,SITAMARHI,Rice,60
Bihar,SITAMARHI,Safflower,7
Bihar,SITAMARHI,Sannhamp,10
Bihar,SITAMARHI,Sesamum,13
Bihar,SITAMARHI,Small millets,10
Bihar,SITAMARHI,Sugarcane,21
Bihar,SITAMARHI,Sunflower,10
Bihar,SITAMARHI,Sweet potato,12
Bihar,SITAMARHI,Tobacco,9
Bihar,SITAMARHI,Turmeric,8
Bihar,SITAMARHI,Urad,15
Bihar,SITAMARHI,Wheat,23
Bihar,SIWAN,Arhar/Tur,23
Bihar,SIWAN,Bajra,23
Bihar,SIWAN,Banana,10
Bihar,SIWAN,Barley,22
Bihar,SIWAN,Castor seed,2
Bihar,SIWAN,Coriander,10
Bihar,SIWAN,Cotton(lint),1
Bihar,SIWAN,Dry chillies,8
Bihar,SIWAN,Garlic,14
Bihar,SIWAN,Ginger,11
Bihar,SIWAN,Gram,23
Bihar,SIWAN,Horse-gram,1
Bihar,SIWAN,Jowar,4
Bihar,SIWAN,Jute,2
Bihar,SIWAN,Khesari,5
Bihar,SIWAN,Linseed,23
Bihar,SIWAN,Maize,69
Bihar,SIWAN,Masoor,21
Bihar,SIWAN,Mesta,20
Bihar,SIWAN,Moong(Green Gram),38
Bihar,SIWAN,Onion,15
Bihar,SIWAN,Other  Rabi pulses,20
Bihar,SIWAN,Other Kharif pulses,17
Bihar,SIWAN,Peas & beans (Pulses),21
Bihar,SIWAN,Potato,20
Bihar,SIWAN,Ragi,23
Bihar,SIWAN,Rapeseed &Mustard,23
Bihar,SIWAN,Rice,59
Bihar,SIWAN,Safflower,3
Bihar,SIWAN,Sannhamp,18
Bihar,SIWAN,Sesamum,22
Bihar,SIWAN,Small millets,21
Bihar,SIWAN,Sugarcane,21
Bihar,SIWAN,Sunflower,11
Bihar,SIWAN,Sweet potato,12
Bihar,SIWAN,Tobacco,17
Bihar,SIWAN,Turmeric,11
Bihar,SIWAN,Urad,22
Bihar,SIWAN,Wheat,23
Bihar,SUPAUL,Arhar/Tur,20
Bihar,SUPAUL,Banana,10
Bihar,SUPAUL,Barley,11
Bihar,SUPAUL,Coriander,14
Bihar,SUPAUL,Dry chillies,11
Bihar,SUPAUL,Garlic,14
Bihar,SUPAUL,Ginger,13
Bihar,SUPAUL,Gram,9
Bihar,SUPAUL,Groundnut,8
Bihar,SUPAUL,Horse-gram,18
Bihar,SUPAUL,Jowar,3
Bihar,SUPAUL,Jute,23
Bihar,SUPAUL,Khesari,21
Bihar,SUPAUL,Linseed,23
Bihar,SUPAUL,Maize,67
Bihar,SUPAUL,Masoor,21
Bihar,SUPAUL,Mesta,23
Bihar,SUPAUL,Moong(Green Gram),40
Bihar,SUPAUL,Niger seed,1
Bihar,SUPAUL,Onion,15
Bihar,SUPAUL,Other  Rabi pulses,6
Bihar,SUPAUL,Other Kharif pulses,15
Bihar,SUPAUL,Peas & beans (Pulses),21
Bihar,SUPAUL,Potato,19
Bihar,SUPAUL,Ragi,23
Bihar,SUPAUL,Rapeseed &Mustard,23
Bihar,SUPAUL,Rice,68
Bihar,SUPAUL,Safflower,3
Bihar,SUPAUL,Sannhamp,13
Bihar,SUPAUL,Sesamum,22
Bihar,SUPAUL,Small millets,15
Bihar,SUPAUL,Sugarcane,7
Bihar,SUPAUL,Sunflower,23
Bihar,SUPAUL,Sweet potato,11
Bihar,SUPAUL,Tobacco,1
Bihar,SUPAUL,Turmeric,15
Bihar,SUPAUL,Urad,22
Bihar,SUPAUL,Wheat,23
Bihar,VAISHALI,Arhar/Tur,23
Bihar,VAISHALI,Bajra,7
Bihar,VAISHALI,Banana,10
Bihar,VAISHALI,Barley,22
Bihar,VAISHALI,Castor seed,3
Bihar,VAISHALI,Coriander,14
Bihar,VAISHALI,Dry chillies,11
Bihar,VAISHALI,Garlic,12
Bihar,VAISHALI,Ginger,3
Bihar,VAISHALI,Gram,21
Bihar,VAISHALI,Horse-gram,1
Bihar,VAISHALI,Jowar,6
Bihar,VAISHALI,Jute,12
Bihar,VAISHALI,Khesari,21
Bihar,VAISHALI,Linseed,22
Bihar,VAISHALI,Maize,69
Bihar,VAISHALI,Masoor,21
Bihar,VAISHALI,Mesta,21
Bihar,VAISHALI,Moong(Green Gram),40
Bihar,VAISHALI,Onion,15
Bihar,VAISHALI,Other  Rabi pulses,17
Bihar,VAISHALI,Other Kharif pulses,11
Bihar,VAISHALI,Peas & beans (Pulses),17
Bihar,VAISHALI,Potato,20
Bihar,VAISHALI,Ragi,23
Bihar,VAISHALI,Rapeseed &Mustard,23
Bihar,VAISHALI,Rice,64
Bihar,VAISHALI,Safflower,3
Bihar,VAISHALI,Sannhamp,4
Bihar,VAISHALI,Sesamum,21
Bihar,VAISHALI,Small millets,17
Bihar,VAISHALI,Sugarcane,21
Bihar,VAISHALI,Sunflower,18
Bihar,VAISHALI,Sweet potato,11
Bihar,VAISHALI,Tobacco,21
Bihar,VAISHALI,Turmeric,12
Bihar,VAISHALI,Urad,22
Bihar,VAISHALI,Wheat,23
Bihar,WEST SINGHBHUM,Arhar/Tur,2
Bihar,WEST SINGHBHUM,Bajra,2
Bihar,WEST SINGHBHUM,Barley,2
Bihar,WEST SINGHBHUM,Dry chillies,1
Bihar,WEST SINGHBHUM,Gram,2
Bihar,WEST SINGHBHUM,Groundnut,2
Bihar,WEST SINGHBHUM,Jowar,2
Bihar,WEST SINGHBHUM,Jute,1
Bihar,WEST SINGHBHUM,Linseed,2
Bihar,WEST SINGHBHUM,Maize,6
Bihar,WEST SINGHBHUM,Mesta,3
Bihar,WEST SINGHBHUM,Niger seed,2
Bihar,WEST SINGHBHUM,Onion,2
Bihar,WEST SINGHBHUM,Other  Rabi pulses,2
Bihar,WEST SINGHBHUM,Other Kharif pulses,2
Bihar,WEST SINGHBHUM,Potato,2
Bihar,WEST SINGHBHUM,Ragi,3
Bihar,WEST SINGHBHUM,Rapeseed &Mustard,2
Bihar,WEST SINGHBHUM,Rice,6
Bihar,WEST SINGHBHUM,Sannhamp,2
Bihar,WEST SINGHBHUM,Sesamum,2
Bihar,WEST SINGHBHUM,Small millets,2
Bihar,WEST SINGHBHUM,Sunflower,1
Bihar,WEST SINGHBHUM,Sweet potato,2
Bihar,WEST SINGHBHUM,Wheat,2
Chandigarh,CHANDIGARH,Arhar/Tur,2
Chandigarh,CHANDIGARH,Gram,3
Chandigarh,CHANDIGARH,Maize,19
Chandigarh,CHANDIGARH,Masoor,4
Chandigarh,CHANDIGARH,Moong(Green Gram),3
Chandigarh,CHANDIGARH,Onion,18
Chandigarh,CHANDIGARH,Potato,18
Chandigarh,CHANDIGARH,Rapeseed &Mustard,5
Chandigarh,CHANDIGARH,Rice,22
Chandigarh,CHANDIGARH,Sunflower,2
Chandigarh,CHANDIGARH,Urad,5
Chandigarh,CHANDIGARH,Wheat,22
Chhattisgarh,BALOD,Arhar/Tur,9
Chhattisgarh,BALOD,Bajra,8
Chhattisgarh,BALOD,Barley,1
Chhattisgarh,BALOD,Coriander,9
Chhattisgarh,BALOD,Cotton(lint),1
Chhattisgarh,BALOD,Dry chillies,7
Chhattisgarh,BALOD,Ginger,1
Chhattisgarh,BALOD,Gram,9
Chhattisgarh,BALOD,Groundnut,2
Chhattisgarh,BALOD,Horse-gram,16
Chhattisgarh,BALOD,Jowar,6
Chhattisgarh,BALOD,Khesari,9
Chhattisgarh,BALOD,Linseed,8
Chhattisgarh,BALOD,Maize,9
Chhattisgarh,BALOD,Masoor,9
Chhattisgarh,BALOD,Mesta,7
Chhattisgarh,BALOD,Moong(Green Gram),18
Chhattisgarh,BALOD,Niger seed,3
Chhattisgarh,BALOD,Onion,5
Chhattisgarh,BALOD,Other  Rabi pulses,3
Chhattisgarh,BALOD,Other Kharif pulses,4
Chhattisgarh,BALOD,Peas & beans (Pulses),9
Chhattisgarh,BALOD,Ragi,8
Chhattisgarh,BALOD,Rapeseed &Mustard,9
Chhattisgarh,BALOD,Rice,9
Chhattisgarh,BALOD,Safflower,6
Chhattisgarh,BALOD,Sannhamp,2
Chhattisgarh,BALOD,Sesamum,9
Chhattisgarh,BALOD,Small millets,9
Chhattisgarh,BALOD,Soyabean,6
Chhattisgarh,BALOD,Sugarcane,9
Chhattisgarh,BALOD,Sunflower,5
Chhattisgarh,BALOD,Sweet potato,6
Chhattisgarh,BALOD,Turmeric,4
Chhattisgarh,BALOD,Urad,18
Chhattisgarh,BALOD,Wheat,9
Chhattisgarh,BALODA BAZAR,Arhar/Tur,9
Chhattisgarh,BALODA BAZAR,Bajra,7
Chhattisgarh,BALODA BAZAR,Barley,1
Chhattisgarh,BALODA BAZAR,Castor seed,2
Chhattisgarh,BALODA BAZAR,Coriander,9
Chhattisgarh,BALODA BAZAR,Cotton(lint),2
Chhattisgarh,BALODA BAZAR,Dry chillies,9
Chhattisgarh,BALODA BAZAR,Garlic,7
Chhattisgarh,BALODA BAZAR,Ginger,8
Chhattisgarh,BALODA BAZAR,Gram,9
Chhattisgarh,BALODA BAZAR,Groundnut,9
Chhattisgarh,BALODA BAZAR,Horse-gram,15
Chhattisgarh,BALODA BAZAR,Jowar,6
Chhattisgarh,BALODA BAZAR,Khesari,9
Chhattisgarh,BALODA BAZAR,Linseed,7
Chhattisgarh,BALODA BAZAR,Maize,9
Chhattisgarh,BALODA BAZAR,Masoor,9
Chhattisgarh,BALODA BAZAR,Mesta,4
Chhattisgarh,BALODA BAZAR,Moong(Green Gram),18
Chhattisgarh,BALODA BAZAR,Niger seed,1
Chhattisgarh,BALODA BAZAR,Onion,9
Chhattisgarh,BALODA BAZAR,Other  Rabi pulses,9
Chhattisgarh,BALODA BAZAR,Other Kharif pulses,9
Chhattisgarh,BALODA BAZAR,Peas & beans (Pulses),9
Chhattisgarh,BALODA BAZAR,Potato,10
Chhattisgarh,BALODA BAZAR,Rapeseed &Mustard,9
Chhattisgarh,BALODA BAZAR,Rice,9
Chhattisgarh,BALODA BAZAR,Safflower,9
Chhattisgarh,BALODA BAZAR,Sannhamp,7
Chhattisgarh,BALODA BAZAR,Sesamum,9
Chhattisgarh,BALODA BAZAR,Small millets,9
Chhattisgarh,BALODA BAZAR,Soyabean,9
Chhattisgarh,BALODA BAZAR,Sugarcane,8
Chhattisgarh,BALODA BAZAR,Sunflower,5
Chhattisgarh,BALODA BAZAR,Sweet potato,9
Chhattisgarh,BALODA BAZAR,Turmeric,9
Chhattisgarh,BALODA BAZAR,Urad,17
Chhattisgarh,BALODA BAZAR,Wheat,9
Chhattisgarh,BALRAMPUR,Arhar/Tur,9
Chhattisgarh,BALRAMPUR,Bajra,8
Chhattisgarh,BALRAMPUR,Barley,8
Chhattisgarh,BALRAMPUR,Castor seed,1
Chhattisgarh,BALRAMPUR,Coriander,10
Chhattisgarh,BALRAMPUR,Cotton(lint),3
Chhattisgarh,BALRAMPUR,Dry chillies,9
Chhattisgarh,BALRAMPUR,Garlic,10
Chhattisgarh,BALRAMPUR,Ginger,9
Chhattisgarh,BALRAMPUR,Gram,9
Chhattisgarh,BALRAMPUR,Groundnut,9
Chhattisgarh,BALRAMPUR,Guar seed,1
Chhattisgarh,BALRAMPUR,Horse-gram,9
Chhattisgarh,BALRAMPUR,Jowar,9
Chhattisgarh,BALRAMPUR,Khesari,4
Chhattisgarh,BALRAMPUR,Linseed,8
Chhattisgarh,BALRAMPUR,Maize,11
Chhattisgarh,BALRAMPUR,Masoor,9
Chhattisgarh,BALRAMPUR,Mesta,9
Chhattisgarh,BALRAMPUR,Moong(Green Gram),18
Chhattisgarh,BALRAMPUR,Niger seed,9
Chhattisgarh,BALRAMPUR,Onion,11
Chhattisgarh,BALRAMPUR,Other  Rabi pulses,6
Chhattisgarh,BALRAMPUR,Other Kharif pulses,9
Chhattisgarh,BALRAMPUR,Peas & beans (Pulses),9
Chhattisgarh,BALRAMPUR,Potato,17
Chhattisgarh,BALRAMPUR,Ragi,8
Chhattisgarh,BALRAMPUR,Rapeseed &Mustard,9
Chhattisgarh,BALRAMPUR,Rice,9
Chhattisgarh,BALRAMPUR,Sannhamp,9
Chhattisgarh,BALRAMPUR,Sesamum,9
Chhattisgarh,BALRAMPUR,Small millets,9
Chhattisgarh,BALRAMPUR,Soyabean,9
Chhattisgarh,BALRAMPUR,Sugarcane,10
Chhattisgarh,BALRAMPUR,Sunflower,8
Chhattisgarh,BALRAMPUR,Sweet potato,9
Chhattisgarh,BALRAMPUR,Tobacco,5
Chhattisgarh,BALRAMPUR,Turmeric,9
Chhattisgarh,BALRAMPUR,Urad,9
Chhattisgarh,BALRAMPUR,Wheat,9
Chhattisgarh,BASTAR,Arhar/Tur,20
Chhattisgarh,BASTAR,Bajra,20
Chhattisgarh,BASTAR,Castor seed,17
Chhattisgarh,BASTAR,Coriander,20
Chhattisgarh,BASTAR,Cotton(lint),5
Chhattisgarh,BASTAR,Dry chillies,20
Chhattisgarh,BASTAR,Garlic,13
Chhattisgarh,BASTAR,Ginger,20
Chhattisgarh,BASTAR,Gram,20
Chhattisgarh,BASTAR,Groundnut,18
Chhattisgarh,BASTAR,Horse-gram,25
Chhattisgarh,BASTAR,Jowar,20
Chhattisgarh,BASTAR,Khesari,19
Chhattisgarh,BASTAR,Linseed,19
Chhattisgarh,BASTAR,Maize,20
Chhattisgarh,BASTAR,Masoor,19
Chhattisgarh,BASTAR,Mesta,20
Chhattisgarh,BASTAR,Moong(Green Gram),38
Chhattisgarh,BASTAR,Niger seed,20
Chhattisgarh,BASTAR,Onion,19
Chhattisgarh,BASTAR,Other  Rabi pulses,19
Chhattisgarh,BASTAR,Other Kharif pulses,20
Chhattisgarh,BASTAR,Peas & beans (Pulses),20
Chhattisgarh,BASTAR,Potato,31
Chhattisgarh,BASTAR,Ragi,19
Chhattisgarh,BASTAR,Rapeseed &Mustard,20
Chhattisgarh,BASTAR,Rice,20
Chhattisgarh,BASTAR,Safflower,1
Chhattisgarh,BASTAR,Sannhamp,20
Chhattisgarh,BASTAR,Sesamum,20
Chhattisgarh,BASTAR,Small millets,20
Chhattisgarh,BASTAR,Soyabean,15
Chhattisgarh,BASTAR,Sugarcane,20
Chhattisgarh,BASTAR,Sunflower,15
Chhattisgarh,BASTAR,Sweet potato,20
Chhattisgarh,BASTAR,Tobacco,16
Chhattisgarh,BASTAR,Turmeric,20
Chhattisgarh,BASTAR,Urad,28
Chhattisgarh,BASTAR,Wheat,20
Chhattisgarh,BEMETARA,Arhar/Tur,9
Chhattisgarh,BEMETARA,Bajra,10
Chhattisgarh,BEMETARA,Barley,6
Chhattisgarh,BEMETARA,Castor seed,1
Chhattisgarh,BEMETARA,Coriander,9
Chhattisgarh,BEMETARA,Cotton(lint),9
Chhattisgarh,BEMETARA,Dry chillies,9
Chhattisgarh,BEMETARA,Garlic,5
Chhattisgarh,BEMETARA,Ginger,9
Chhattisgarh,BEMETARA,Gram,9
Chhattisgarh,BEMETARA,Groundnut,9
Chhattisgarh,BEMETARA,Horse-gram,2
Chhattisgarh,BEMETARA,Jowar,5
Chhattisgarh,BEMETARA,Khesari,9
Chhattisgarh,BEMETARA,Linseed,8
Chhattisgarh,BEMETARA,Maize,9
Chhattisgarh,BEMETARA,Masoor,9
Chhattisgarh,BEMETARA,Moong(Green Gram),17
Chhattisgarh,BEMETARA,Onion,8
Chhattisgarh,BEMETARA,Other  Rabi pulses,9
Chhattisgarh,BEMETARA,Other Kharif pulses,7
Chhattisgarh,BEMETARA,Peas & beans (Pulses),9
Chhattisgarh,BEMETARA,Potato,8
Chhattisgarh,BEMETARA,Rapeseed &Mustard,9
Chhattisgarh,BEMETARA,Rice,9
Chhattisgarh,BEMETARA,Safflower,9
Chhattisgarh,BEMETARA,Sannhamp,1
Chhattisgarh,BEMETARA,Sesamum,9
Chhattisgarh,BEMETARA,Small millets,9
Chhattisgarh,BEMETARA,Soyabean,8
Chhattisgarh,BEMETARA,Sugarcane,9
Chhattisgarh,BEMETARA,Sunflower,6
Chhattisgarh,BEMETARA,Sweet potato,9
Chhattisgarh,BEMETARA,Turmeric,9
Chhattisgarh,BEMETARA,Urad,18
Chhattisgarh,BEMETARA,Wheat,9
Chhattisgarh,BIJAPUR,Arhar/Tur,13
Chhattisgarh,BIJAPUR,Bajra,13
Chhattisgarh,BIJAPUR,Coriander,2
Chhattisgarh,BIJAPUR,Dry chillies,13
Chhattisgarh,BIJAPUR,Ginger,2
Chhattisgarh,BIJAPUR,Gram,2
Chhattisgarh,BIJAPUR,Groundnut,13
Chhattisgarh,BIJAPUR,Horse-gram,26
Chhattisgarh,BIJAPUR,Jowar,13
Chhattisgarh,BIJAPUR,Maize,13
Chhattisgarh,BIJAPUR,Mesta,13
Chhattisgarh,BIJAPUR,Moong(Green Gram),26
Chhattisgarh,BIJAPUR,Niger seed,10
Chhattisgarh,BIJAPUR,Onion,6
Chhattisgarh,BIJAPUR,Other  Rabi pulses,12
Chhattisgarh,BIJAPUR,Other Kharif pulses,13
Chhattisgarh,BIJAPUR,Ragi,13
Chhattisgarh,BIJAPUR,Rapeseed &Mustard,13
Chhattisgarh,BIJAPUR,Rice,13
Chhattisgarh,BIJAPUR,Sannhamp,9
Chhattisgarh,BIJAPUR,Sesamum,13
Chhattisgarh,BIJAPUR,Small millets,14
Chhattisgarh,BIJAPUR,Soyabean,1
Chhattisgarh,BIJAPUR,Sugarcane,5
Chhattisgarh,BIJAPUR,Sweet potato,13
Chhattisgarh,BIJAPUR,Turmeric,12
Chhattisgarh,BIJAPUR,Urad,26
Chhattisgarh,BIJAPUR,Wheat,2
Chhattisgarh,BILASPUR,Arhar/Tur,20
Chhattisgarh,BILASPUR,Bajra,19
Chhattisgarh,BILASPUR,Barley,18
Chhattisgarh,BILASPUR,Castor seed,9
Chhattisgarh,BILASPUR,Coriander,20
Chhattisgarh,BILASPUR,Dry chillies,20
Chhattisgarh,BILASPUR,Garlic,18
Chhattisgarh,BILASPUR,Ginger,20
Chhattisgarh,BILASPUR,Gram,20
Chhattisgarh,BILASPUR,Groundnut,20
Chhattisgarh,BILASPUR,Horse-gram,28
Chhattisgarh,BILASPUR,Jowar,20
Chhattisgarh,BILASPUR,Khesari,20
Chhattisgarh,BILASPUR,Linseed,19
Chhattisgarh,BILASPUR,Maize,20
Chhattisgarh,BILASPUR,Masoor,20
Chhattisgarh,BILASPUR,Mesta,11
Chhattisgarh,BILASPUR,Moong(Green Gram),39
Chhattisgarh,BILASPUR,Niger seed,18
Chhattisgarh,BILASPUR,Onion,20
Chhattisgarh,BILASPUR,Other  Rabi pulses,20
Chhattisgarh,BILASPUR,Other Kharif pulses,20
Chhattisgarh,BILASPUR,Peas & beans (Pulses),20
Chhattisgarh,BILASPUR,Potato,31
Chhattisgarh,BILASPUR,Rapeseed &Mustard,20
Chhattisgarh,BILASPUR,Rice,20
Chhattisgarh,BILASPUR,Safflower,18
Chhattisgarh,BILASPUR,Sannhamp,19
Chhattisgarh,BILASPUR,Sesamum,20
Chhattisgarh,BILASPUR,Small millets,20
Chhattisgarh,BILASPUR,Soyabean,19
Chhattisgarh,BILASPUR,Sugarcane,20
Chhattisgarh,BILASPUR,Sunflower,16
Chhattisgarh,BILASPUR,Sweet potato,20
Chhattisgarh,BILASPUR,Turmeric,11
Chhattisgarh,BILASPUR,Urad,40
Chhattisgarh,BILASPUR,Wheat,20
Chhattisgarh,DANTEWADA,Arhar/Tur,20
Chhattisgarh,DANTEWADA,Bajra,20
Chhattisgarh,DANTEWADA,Castor seed,1
Chhattisgarh,DANTEWADA,Coriander,17
Chhattisgarh,DANTEWADA,Cotton(lint),4
Chhattisgarh,DANTEWADA,Dry chillies,20
Chhattisgarh,DANTEWADA,Garlic,4
Chhattisgarh,DANTEWADA,Ginger,17
Chhattisgarh,DANTEWADA,Gram,19
Chhattisgarh,DANTEWADA,Groundnut,14
Chhattisgarh,DANTEWADA,Horse-gram,34
Chhattisgarh,DANTEWADA,Jowar,20
Chhattisgarh,DANTEWADA,Maize,20
Chhattisgarh,DANTEWADA,Mesta,20
Chhattisgarh,DANTEWADA,Moong(Green Gram),40
Chhattisgarh,DANTEWADA,Niger seed,20
Chhattisgarh,DANTEWADA,Onion,2
Chhattisgarh,DANTEWADA,Other  Rabi pulses,14
Chhattisgarh,DANTEWADA,Other Kharif pulses,20
Chhattisgarh,DANTEWADA,Peas & beans (Pulses),8
Chhattisgarh,DANTEWADA,Potato,18
Chhattisgarh,DANTEWADA,Ragi,19
Chhattisgarh,DANTEWADA,Rapeseed &Mustard,20
Chhattisgarh,DANTEWADA,Rice,20
Chhattisgarh,DANTEWADA,Sannhamp,20
Chhattisgarh,DANTEWADA,Sesamum,20
Chhattisgarh,DANTEWADA,Small millets,20
Chhattisgarh,DANTEWADA,Soyabean,16
Chhattisgarh,DANTEWADA,Sugarcane,10
Chhattisgarh,DANTEWADA,Sunflower,8
Chhattisgarh,DANTEWADA,Sweet potato,18
Chhattisgarh,DANTEWADA,Tobacco,7
Chhattisgarh,DANTEWADA,Turmeric,19
Chhattisgarh,DANTEWADA,Urad,37
Chhattisgarh,DANTEWADA,Wheat,20
Chhattisgarh,DHAMTARI,Arhar/Tur,20
Chhattisgarh,DHAMTARI,Bajra,20
Chhattisgarh,DHAMTARI,Castor seed,9
Chhattisgarh,DHAMTARI,Coriander,20
Chhattisgarh,DHAMTARI,Dry chillies,20
Chhattisgarh,DHAMTARI,Garlic,14
Chhattisgarh,DHAMTARI,Ginger,12
Chhattisgarh,DHAMTARI,Gram,20
Chhattisgarh,DHAMTARI,Groundnut,20
Chhattisgarh,DHAMTARI,Horse-gram,35
Chhattisgarh,DHAMTARI,Jowar,17
Chhattisgarh,DHAMTARI,Khesari,20
Chhattisgarh,DHAMTARI,Linseed,19
Chhattisgarh,DHAMTARI,Maize,20
Chhattisgarh,DHAMTARI,Masoor,20
Chhattisgarh,DHAMTARI,Mesta,20
Chhattisgarh,DHAMTARI,Moong(Green Gram),40
Chhattisgarh,DHAMTARI,Niger seed,6
Chhattisgarh,DHAMTARI,Onion,20
Chhattisgarh,DHAMTARI,Other  Rabi pulses,20
Chhattisgarh,DHAMTARI,Other Kharif pulses,20
Chhattisgarh,DHAMTARI,Peas & beans (Pulses),20
Chhattisgarh,DHAMTARI,Potato,26
Chhattisgarh,DHAMTARI,Ragi,19
Chhattisgarh,DHAMTARI,Rapeseed &Mustard,20
Chhattisgarh,DHAMTARI,Rice,20
Chhattisgarh,DHAMTARI,Safflower,19
Chhattisgarh,DHAMTARI,Sannhamp,12
Chhattisgarh,DHAMTARI,Sesamum,20
Chhattisgarh,DHAMTARI,Small millets,20
Chhattisgarh,DHAMTARI,Soyabean,5
Chhattisgarh,DHAMTARI,Sugarcane,19
Chhattisgarh,DHAMTARI,Sunflower,15
Chhattisgarh,DHAMTARI,Sweet potato,19
Chhattisgarh,DHAMTARI,Turmeric,14
Chhattisgarh,DHAMTARI,Urad,40
Chhattisgarh,DHAMTARI,Wheat,20
Chhattisgarh,DURG,Arhar/Tur,20
Chhattisgarh,DURG,Bajra,24
Chhattisgarh,DURG,Barley,16
Chhattisgarh,DURG,Castor seed,12
Chhattisgarh,DURG,Coriander,20
Chhattisgarh,DURG,Cotton(lint),16
Chhattisgarh,DURG,Dry chillies,20
Chhattisgarh,DURG,Garlic,7
Chhattisgarh,DURG,Ginger,15
Chhattisgarh,DURG,Gram,20
Chhattisgarh,DURG,Groundnut,13
Chhattisgarh,DURG,Horse-gram,30
Chhattisgarh,DURG,Jowar,17
Chhattisgarh,DURG,Khesari,20
Chhattisgarh,DURG,Linseed,19
Chhattisgarh,DURG,Maize,20
Chhattisgarh,DURG,Masoor,20
Chhattisgarh,DURG,Mesta,11
Chhattisgarh,DURG,Moong(Green Gram),40
Chhattisgarh,DURG,Niger seed,2
Chhattisgarh,DURG,Onion,20
Chhattisgarh,DURG,Other  Rabi pulses,7
Chhattisgarh,DURG,Other Kharif pulses,11
Chhattisgarh,DURG,Peas & beans (Pulses),20
Chhattisgarh,DURG,Potato,18
Chhattisgarh,DURG,Ragi,9
Chhattisgarh,DURG,Rapeseed &Mustard,20
Chhattisgarh,DURG,Rice,20
Chhattisgarh,DURG,Safflower,20
Chhattisgarh,DURG,Sannhamp,15
Chhattisgarh,DURG,Sesamum,20
Chhattisgarh,DURG,Small millets,20
Chhattisgarh,DURG,Soyabean,20
Chhattisgarh,DURG,Sugarcane,20
Chhattisgarh,DURG,Sunflower,16
Chhattisgarh,DURG,Sweet potato,15
Chhattisgarh,DURG,Turmeric,13
Chhattisgarh,DURG,Urad,40
Chhattisgarh,DURG,Wheat,20
Chhattisgarh,GARIYABAND,Arhar/Tur,9
Chhattisgarh,GARIYABAND,Bajra,7
Chhattisgarh,GARIYABAND,Castor seed,3
Chhattisgarh,GARIYABAND,Coriander,9
Chhattisgarh,GARIYABAND,Cotton(lint),1
Chhattisgarh,GARIYABAND,Dry chillies,9
Chhattisgarh,GARIYABAND,Garlic,9
Chhattisgarh,GARIYABAND,Ginger,3
Chhattisgarh,GARIYABAND,Gram,9
Chhattisgarh,GARIYABAND,Groundnut,9
Chhattisgarh,GARIYABAND,Horse-gram,18
Chhattisgarh,GARIYABAND,Jowar,8
Chhattisgarh,GARIYABAND,Khesari,9
Chhattisgarh,GARIYABAND,Linseed,8
Chhattisgarh,GARIYABAND,Maize,9
Chhattisgarh,GARIYABAND,Masoor,9
Chhattisgarh,GARIYABAND,Mesta,5
Chhattisgarh,GARIYABAND,Moong(Green Gram),18
Chhattisgarh,GARIYABAND,Niger seed,2
Chhattisgarh,GARIYABAND,Onion,9
Chhattisgarh,GARIYABAND,Other  Rabi pulses,9
Chhattisgarh,GARIYABAND,Other Kharif pulses,9
Chhattisgarh,GARIYABAND,Peas & beans (Pulses),9
Chhattisgarh,GARIYABAND,Potato,18
Chhattisgarh,GARIYABAND,Ragi,9
Chhattisgarh,GARIYABAND,Rapeseed &Mustard,9
Chhattisgarh,GARIYABAND,Rice,9
Chhattisgarh,GARIYABAND,Sannhamp,6
Chhattisgarh,GARIYABAND,Sesamum,9
Chhattisgarh,GARIYABAND,Small millets,9
Chhattisgarh,GARIYABAND,Soyabean,1
Chhattisgarh,GARIYABAND,Sugarcane,8
Chhattisgarh,GARIYABAND,Sunflower,3
Chhattisgarh,GARIYABAND,Sweet potato,7
Chhattisgarh,GARIYABAND,Turmeric,6
Chhattisgarh,GARIYABAND,Urad,18
Chhattisgarh,GARIYABAND,Wheat,9
Chhattisgarh,GAURELLA-PENDRA-MARWAHI,Arhar/Tur,1
Chhattisgarh,GAURELLA-PENDRA-MARWAHI,Bajra,1
Chhattisgarh,GAURELLA-PENDRA-MARWAHI,Coriander,1
Chhattisgarh,GAURELLA-PENDRA-MARWAHI,Dry chillies,1
Chhattisgarh,GAURELLA-PENDRA-MARWAHI,Garlic,1
Chhattisgarh,GAURELLA-PENDRA-MARWAHI,Ginger,1
Chhattisgarh,GAURELLA-PENDRA-MARWAHI,Gram,1
Chhattisgarh,GAURELLA-PENDRA-MARWAHI,Groundnut,1
Chhattisgarh,GAURELLA-PENDRA-MARWAHI,Horse-gram,1
Chhattisgarh,GAURELLA-PENDRA-MARWAHI,Jowar,1
Chhattisgarh,GAURELLA-PENDRA-MARWAHI,Khesari,1
Chhattisgarh,GAURELLA-PENDRA-MARWAHI,Linseed,1
Chhattisgarh,GAURELLA-PENDRA-MARWAHI,Maize,1
Chhattisgarh,GAURELLA-PENDRA-MARWAHI,Masoor,1
Chhattisgarh,GAURELLA-PENDRA-MARWAHI,Moong(Green Gram),2
Chhattisgarh,GAURELLA-PENDRA-MARWAHI,Niger seed,1
Chhattisgarh,GAURELLA-PENDRA-MARWAHI,Onion,1
Chhattisgarh,GAURELLA-PENDRA-MARWAHI,Other  Rabi pulses,1
Chhattisgarh,GAURELLA-PENDRA-MARWAHI,Other Kharif pulses,1
Chhattisgarh,GAURELLA-PENDRA-MARWAHI,Peas & beans (Pulses),1
Chhattisgarh,GAURELLA-PENDRA-MARWAHI,Potato,1
Chhattisgarh,GAURELLA-PENDRA-MARWAHI,Rapeseed &Mustard,1
Chhattisgarh,GAURELLA-PENDRA-MARWAHI,Rice,1
Chhattisgarh,GAURELLA-PENDRA-MARWAHI,Safflower,1
Chhattisgarh,GAURELLA-PENDRA-MARWAHI,Sesamum,1
Chhattisgarh,GAURELLA-PENDRA-MARWAHI,Small millets,1
Chhattisgarh,GAURELLA-PENDRA-MARWAHI,Sweet potato,1
Chhattisgarh,GAURELLA-PENDRA-MARWAHI,Urad,2
Chhattisgarh,GAURELLA-PENDRA-MARWAHI,Wheat,1
Chhattisgarh,JANJGIR-CHAMPA,Arhar/Tur,20
Chhattisgarh,JANJGIR-CHAMPA,Bajra,15
Chhattisgarh,JANJGIR-CHAMPA,Castor seed,19
Chhattisgarh,JANJGIR-CHAMPA,Coriander,18
Chhattisgarh,JANJGIR-CHAMPA,Dry chillies,20
Chhattisgarh,JANJGIR-CHAMPA,Garlic,20
Chhattisgarh,JANJGIR-CHAMPA,Ginger,20
Chhattisgarh,JANJGIR-CHAMPA,Gram,20
Chhattisgarh,JANJGIR-CHAMPA,Groundnut,20
Chhattisgarh,JANJGIR-CHAMPA,Horse-gram,37
Chhattisgarh,JANJGIR-CHAMPA,Jowar,4
Chhattisgarh,JANJGIR-CHAMPA,Khesari,20
Chhattisgarh,JANJGIR-CHAMPA,Linseed,19
Chhattisgarh,JANJGIR-CHAMPA,Maize,20
Chhattisgarh,JANJGIR-CHAMPA,Masoor,20
Chhattisgarh,JANJGIR-CHAMPA,Mesta,9
Chhattisgarh,JANJGIR-CHAMPA,Moong(Green Gram),40
Chhattisgarh,JANJGIR-CHAMPA,Niger seed,1
Chhattisgarh,JANJGIR-CHAMPA,Onion,20
Chhattisgarh,JANJGIR-CHAMPA,Other  Rabi pulses,18
Chhattisgarh,JANJGIR-CHAMPA,Other Kharif pulses,20
Chhattisgarh,JANJGIR-CHAMPA,Peas & beans (Pulses),20
Chhattisgarh,JANJGIR-CHAMPA,Potato,30
Chhattisgarh,JANJGIR-CHAMPA,Rapeseed &Mustard,20
Chhattisgarh,JANJGIR-CHAMPA,Rice,20
Chhattisgarh,JANJGIR-CHAMPA,Safflower,19
Chhattisgarh,JANJGIR-CHAMPA,Sannhamp,20
Chhattisgarh,JANJGIR-CHAMPA,Sesamum,20
Chhattisgarh,JANJGIR-CHAMPA,Small millets,18
Chhattisgarh,JANJGIR-CHAMPA,Soyabean,19
Chhattisgarh,JANJGIR-CHAMPA,Sugarcane,20
Chhattisgarh,JANJGIR-CHAMPA,Sunflower,16
Chhattisgarh,JANJGIR-CHAMPA,Sweet potato,20
Chhattisgarh,JANJGIR-CHAMPA,Turmeric,19
Chhattisgarh,JANJGIR-CHAMPA,Urad,40
Chhattisgarh,JANJGIR-CHAMPA,Wheat,20
Chhattisgarh,JASHPUR,Arhar/Tur,20
Chhattisgarh,JASHPUR,Bajra,40
Chhattisgarh,JASHPUR,Barley,16
Chhattisgarh,JASHPUR,Coriander,20
Chhattisgarh,JASHPUR,Dry chillies,20
Chhattisgarh,JASHPUR,Garlic,20
Chhattisgarh,JASHPUR,Ginger,20
Chhattisgarh,JASHPUR,Gram,20
Chhattisgarh,JASHPUR,Groundnut,20
Chhattisgarh,JASHPUR,Horse-gram,20
Chhattisgarh,JASHPUR,Jowar,20
Chhattisgarh,JASHPUR,Khesari,20
Chhattisgarh,JASHPUR,Linseed,19
Chhattisgarh,JASHPUR,Maize,20
Chhattisgarh,JASHPUR,Masoor,20
Chhattisgarh,JASHPUR,Mesta,18
Chhattisgarh,JASHPUR,Moong(Green Gram),27
Chhattisgarh,JASHPUR,Niger seed,20
Chhattisgarh,JASHPUR,Onion,20
Chhattisgarh,JASHPUR,Other  Rabi pulses,19
Chhattisgarh,JASHPUR,Other Kharif pulses,20
Chhattisgarh,JASHPUR,Peas & beans (Pulses),20
Chhattisgarh,JASHPUR,Potato,31
Chhattisgarh,JASHPUR,Ragi,19
Chhattisgarh,JASHPUR,Rapeseed &Mustard,20
Chhattisgarh,JASHPUR,Rice,20
Chhattisgarh,JASHPUR,Sannhamp,20
Chhattisgarh,JASHPUR,Sesamum,20
Chhattisgarh,JASHPUR,Small millets,20
Chhattisgarh,JASHPUR,Soyabean,15
Chhattisgarh,JASHPUR,Sugarcane,20
Chhattisgarh,JASHPUR,Sunflower,6
Chhattisgarh,JASHPUR,Sweet potato,20
Chhattisgarh,JASHPUR,Tobacco,8
Chhattisgarh,JASHPUR,Turmeric,20
Chhattisgarh,JASHPUR,Urad,20
Chhattisgarh,JASHPUR,Wheat,20
Chhattisgarh,KABIRDHAM,Arhar/Tur,20
Chhattisgarh,KABIRDHAM,Bajra,22
Chhattisgarh,KABIRDHAM,Castor seed,7
Chhattisgarh,KABIRDHAM,Coriander,19
Chhattisgarh,KABIRDHAM,Cotton(lint),2
Chhattisgarh,KABIRDHAM,Dry chillies,20
Chhattisgarh,KABIRDHAM,Garlic,2
Chhattisgarh,KABIRDHAM,Ginger,8
Chhattisgarh,KABIRDHAM,Gram,20
Chhattisgarh,KABIRDHAM,Groundnut,20
Chhattisgarh,KABIRDHAM,Horse-gram,10
Chhattisgarh,KABIRDHAM,Jowar,20
Chhattisgarh,KABIRDHAM,Khesari,20
Chhattisgarh,KABIRDHAM,Linseed,19
Chhattisgarh,KABIRDHAM,Maize,20
Chhattisgarh,KABIRDHAM,Masoor,20
Chhattisgarh,KABIRDHAM,Mesta,3
Chhattisgarh,KABIRDHAM,Moong(Green Gram),31
Chhattisgarh,KABIRDHAM,Niger seed,20
Chhattisgarh,KABIRDHAM,Onion,20
Chhattisgarh,KABIRDHAM,Other  Rabi pulses,16
Chhattisgarh,KABIRDHAM,Other Kharif pulses,13
Chhattisgarh,KABIRDHAM,Peas & beans (Pulses),20
Chhattisgarh,KABIRDHAM,Potato,28
Chhattisgarh,KABIRDHAM,Rapeseed &Mustard,20
Chhattisgarh,KABIRDHAM,Rice,20
Chhattisgarh,KABIRDHAM,Safflower,15
Chhattisgarh,KABIRDHAM,Sannhamp,3
Chhattisgarh,KABIRDHAM,Sesamum,20
Chhattisgarh,KABIRDHAM,Small millets,20
Chhattisgarh,KABIRDHAM,Soyabean,20
Chhattisgarh,KABIRDHAM,Sugarcane,20
Chhattisgarh,KABIRDHAM,Sunflower,9
Chhattisgarh,KABIRDHAM,Sweet potato,16
Chhattisgarh,KABIRDHAM,Turmeric,5
Chhattisgarh,KABIRDHAM,Urad,40
Chhattisgarh,KABIRDHAM,Wheat,20
Chhattisgarh,KANKER,Arhar/Tur,20
Chhattisgarh,KANKER,Bajra,20
Chhattisgarh,KANKER,Castor seed,1
Chhattisgarh,KANKER,Coriander,20
Chhattisgarh,KANKER,Cotton(lint),1
Chhattisgarh,KANKER,Dry chillies,20
Chhattisgarh,KANKER,Garlic,19
Chhattisgarh,KANKER,Ginger,20
Chhattisgarh,KANKER,Gram,20
Chhattisgarh,KANKER,Groundnut,11
Chhattisgarh,KANKER,Horse-gram,30
Chhattisgarh,KANKER,Jowar,20
Chhattisgarh,KANKER,Khesari,20
Chhattisgarh,KANKER,Linseed,19
Chhattisgarh,KANKER,Maize,20
Chhattisgarh,KANKER,Masoor,20
Chhattisgarh,KANKER,Mesta,11
Chhattisgarh,KANKER,Moong(Green Gram),40
Chhattisgarh,KANKER,Niger seed,20
Chhattisgarh,KANKER,Onion,20
Chhattisgarh,KANKER,Other  Rabi pulses,12
Chhattisgarh,KANKER,Other Kharif pulses,20
Chhattisgarh,KANKER,Peas & beans (Pulses),20
Chhattisgarh,KANKER,Potato,26
Chhattisgarh,KANKER,Ragi,19
Chhattisgarh,KANKER,Rapeseed &Mustard,20
Chhattisgarh,KANKER,Rice,20
Chhattisgarh,KANKER,Safflower,2
Chhattisgarh,KANKER,Sannhamp,20
Chhattisgarh,KANKER,Sesamum,20
Chhattisgarh,KANKER,Small millets,20
Chhattisgarh,KANKER,Soyabean,10
Chhattisgarh,KANKER,Sugarcane,12
Chhattisgarh,KANKER,Sunflower,20
Chhattisgarh,KANKER,Sweet potato,20
Chhattisgarh,KANKER,Turmeric,20
Chhattisgarh,KANKER,Urad,40
Chhattisgarh,KANKER,Wheat,20
Chhattisgarh,KONDAGAON,Arhar/Tur,9
Chhattisgarh,KONDAGAON,Bajra,9
Chhattisgarh,KONDAGAON,Coriander,9
Chhattisgarh,KONDAGAON,Cotton(lint),1
Chhattisgarh,KONDAGAON,Dry chillies,9
Chhattisgarh,KONDAGAON,Garlic,9
Chhattisgarh,KONDAGAON,Ginger,9
Chhattisgarh,KONDAGAON,Gram,9
Chhattisgarh,KONDAGAON,Groundnut,9
Chhattisgarh,KONDAGAON,Horse-gram,9
Chhattisgarh,KONDAGAON,Jowar,9
Chhattisgarh,KONDAGAON,Khesari,9
Chhattisgarh,KONDAGAON,Linseed,8
Chhattisgarh,KONDAGAON,Maize,9
Chhattisgarh,KONDAGAON,Masoor,2
Chhattisgarh,KONDAGAON,Mesta,8
Chhattisgarh,KONDAGAON,Moong(Green Gram),13
Chhattisgarh,KONDAGAON,Niger seed,9
Chhattisgarh,KONDAGAON,Onion,8
Chhattisgarh,KONDAGAON,Other  Rabi pulses,8
Chhattisgarh,KONDAGAON,Other Kharif pulses,9
Chhattisgarh,KONDAGAON,Peas & beans (Pulses),9
Chhattisgarh,KONDAGAON,Potato,18
Chhattisgarh,KONDAGAON,Ragi,9
Chhattisgarh,KONDAGAON,Rapeseed &Mustard,9
Chhattisgarh,KONDAGAON,Rice,9
Chhattisgarh,KONDAGAON,Sannhamp,9
Chhattisgarh,KONDAGAON,Sesamum,9
Chhattisgarh,KONDAGAON,Small millets,9
Chhattisgarh,KONDAGAON,Soyabean,1
Chhattisgarh,KONDAGAON,Sugarcane,9
Chhattisgarh,KONDAGAON,Sunflower,9
Chhattisgarh,KONDAGAON,Sweet potato,9
Chhattisgarh,KONDAGAON,Turmeric,9
Chhattisgarh,KONDAGAON,Urad,12
Chhattisgarh,KONDAGAON,Wheat,9
Chhattisgarh,KORBA,Arhar/Tur,20
Chhattisgarh,KORBA,Bajra,32
Chhattisgarh,KORBA,Barley,20
Chhattisgarh,KORBA,Coriander,16
Chhattisgarh,KORBA,Dry chillies,20
Chhattisgarh,KORBA,Garlic,20
Chhattisgarh,KORBA,Ginger,15
Chhattisgarh,KORBA,Gram,20
Chhattisgarh,KORBA,Groundnut,20
Chhattisgarh,KORBA,Horse-gram,20
Chhattisgarh,KORBA,Jowar,20
Chhattisgarh,KORBA,Khesari,20
Chhattisgarh,KORBA,Linseed,19
Chhattisgarh,KORBA,Maize,20
Chhattisgarh,KORBA,Masoor,20
Chhattisgarh,KORBA,Mesta,20
Chhattisgarh,KORBA,Moong(Green Gram),31
Chhattisgarh,KORBA,Niger seed,20
Chhattisgarh,KORBA,Onion,20
Chhattisgarh,KORBA,Other  Rabi pulses,20
Chhattisgarh,KORBA,Other Kharif pulses,20
Chhattisgarh,KORBA,Peas & beans (Pulses),20
Chhattisgarh,KORBA,Potato,26
Chhattisgarh,KORBA,Rapeseed &Mustard,20
Chhattisgarh,KORBA,Rice,20
Chhattisgarh,KORBA,Safflower,1
Chhattisgarh,KORBA,Sannhamp,17
Chhattisgarh,KORBA,Sesamum,20
Chhattisgarh,KORBA,Small millets,20
Chhattisgarh,KORBA,Soyabean,15
Chhattisgarh,KORBA,Sugarcane,11
Chhattisgarh,KORBA,Sunflower,10
Chhattisgarh,KORBA,Sweet potato,20
Chhattisgarh,KORBA,Turmeric,18
Chhattisgarh,KORBA,Urad,39
Chhattisgarh,KORBA,Wheat,20
Chhattisgarh,KOREA,Arhar/Tur,20
Chhattisgarh,KOREA,Bajra,4
Chhattisgarh,KOREA,Barley,20
Chhattisgarh,KOREA,Coriander,20
Chhattisgarh,KOREA,Dry chillies,20
Chhattisgarh,KOREA,Garlic,20
Chhattisgarh,KOREA,Ginger,20
Chhattisgarh,KOREA,Gram,20
Chhattisgarh,KOREA,Groundnut,20
Chhattisgarh,KOREA,Horse-gram,20
Chhattisgarh,KOREA,Jowar,20
Chhattisgarh,KOREA,Khesari,20
Chhattisgarh,KOREA,Linseed,19
Chhattisgarh,KOREA,Maize,20
Chhattisgarh,KOREA,Masoor,20
Chhattisgarh,KOREA,Mesta,20
Chhattisgarh,KOREA,Moong(Green Gram),25
Chhattisgarh,KOREA,Niger seed,20
Chhattisgarh,KOREA,Onion,20
Chhattisgarh,KOREA,Other  Rabi pulses,3
Chhattisgarh,KOREA,Other Kharif pulses,8
Chhattisgarh,KOREA,Peas & beans (Pulses),19
Chhattisgarh,KOREA,Potato,22
Chhattisgarh,KOREA,Ragi,9
Chhattisgarh,KOREA,Rapeseed &Mustard,20
Chhattisgarh,KOREA,Rice,20
Chhattisgarh,KOREA,Sannhamp,20
Chhattisgarh,KOREA,Sesamum,20
Chhattisgarh,KOREA,Small millets,20
Chhattisgarh,KOREA,Soyabean,17
Chhattisgarh,KOREA,Sugarcane,4
Chhattisgarh,KOREA,Sunflower,1
Chhattisgarh,KOREA,Sweet potato,20
Chhattisgarh,KOREA,Tobacco,3
Chhattisgarh,KOREA,Turmeric,20
Chhattisgarh,KOREA,Urad,20
Chhattisgarh,KOREA,Wheat,20
Chhattisgarh,MAHASAMUND,Arhar/Tur,20
Chhattisgarh,MAHASAMUND,Bajra,14
Chhattisgarh,MAHASAMUND,Barley,3
Chhattisgarh,MAHASAMUND,Coriander,20
Chhattisgarh,MAHASAMUND,Dry chillies,20
Chhattisgarh,MAHASAMUND,Garlic,18
Chhattisgarh,MAHASAMUND,Ginger,15
Chhattisgarh,MAHASAMUND,Gram,20
Chhattisgarh,MAHASAMUND,Groundnut,20
Chhattisgarh,MAHASAMUND,Horse-gram,34
Chhattisgarh,MAHASAMUND,Jowar,18
Chhattisgarh,MAHASAMUND,Khesari,20
Chhattisgarh,MAHASAMUND,Linseed,18
Chhattisgarh,MAHASAMUND,Maize,20
Chhattisgarh,MAHASAMUND,Masoor,17
Chhattisgarh,MAHASAMUND,Mesta,17
Chhattisgarh,MAHASAMUND,Moong(Green Gram),40
Chhattisgarh,MAHASAMUND,Niger seed,1
Chhattisgarh,MAHASAMUND,Onion,19
Chhattisgarh,MAHASAMUND,Other  Rabi pulses,18
Chhattisgarh,MAHASAMUND,Other Kharif pulses,20
Chhattisgarh,MAHASAMUND,Peas & beans (Pulses),20
Chhattisgarh,MAHASAMUND,Potato,22
Chhattisgarh,MAHASAMUND,Ragi,6
Chhattisgarh,MAHASAMUND,Rapeseed &Mustard,20
Chhattisgarh,MAHASAMUND,Rice,20
Chhattisgarh,MAHASAMUND,Safflower,2
Chhattisgarh,MAHASAMUND,Sannhamp,20
Chhattisgarh,MAHASAMUND,Sesamum,20
Chhattisgarh,MAHASAMUND,Small millets,20
Chhattisgarh,MAHASAMUND,Soyabean,13
Chhattisgarh,MAHASAMUND,Sugarcane,20
Chhattisgarh,MAHASAMUND,Sunflower,15
Chhattisgarh,MAHASAMUND,Sweet potato,15
Chhattisgarh,MAHASAMUND,Turmeric,18
Chhattisgarh,MAHASAMUND,Urad,38
Chhattisgarh,MAHASAMUND,Wheat,20
Chhattisgarh,MUNGELI,Arhar/Tur,9
Chhattisgarh,MUNGELI,Bajra,8
Chhattisgarh,MUNGELI,Castor seed,6
Chhattisgarh,MUNGELI,Coriander,9
Chhattisgarh,MUNGELI,Dry chillies,9
Chhattisgarh,MUNGELI,Garlic,4
Chhattisgarh,MUNGELI,Ginger,1
Chhattisgarh,MUNGELI,Gram,9
Chhattisgarh,MUNGELI,Groundnut,9
Chhattisgarh,MUNGELI,Jowar,9
Chhattisgarh,MUNGELI,Khesari,9
Chhattisgarh,MUNGELI,Linseed,8
Chhattisgarh,MUNGELI,Maize,9
Chhattisgarh,MUNGELI,Masoor,9
Chhattisgarh,MUNGELI,Moong(Green Gram),18
Chhattisgarh,MUNGELI,Onion,9
Chhattisgarh,MUNGELI,Other  Rabi pulses,8
Chhattisgarh,MUNGELI,Other Kharif pulses,9
Chhattisgarh,MUNGELI,Peas & beans (Pulses),9
Chhattisgarh,MUNGELI,Potato,9
Chhattisgarh,MUNGELI,Ragi,1
Chhattisgarh,MUNGELI,Rapeseed &Mustard,9
Chhattisgarh,MUNGELI,Rice,9
Chhattisgarh,MUNGELI,Safflower,9
Chhattisgarh,MUNGELI,Sesamum,9
Chhattisgarh,MUNGELI,Small millets,9
Chhattisgarh,MUNGELI,Soyabean,9
Chhattisgarh,MUNGELI,Sugarcane,9
Chhattisgarh,MUNGELI,Sunflower,1
Chhattisgarh,MUNGELI,Sweet potato,8
Chhattisgarh,MUNGELI,Turmeric,2
Chhattisgarh,MUNGELI,Urad,18
Chhattisgarh,MUNGELI,Wheat,9
Chhattisgarh,NARAYANPUR,Arhar/Tur,13
Chhattisgarh,NARAYANPUR,Bajra,13
Chhattisgarh,NARAYANPUR,Coriander,10
Chhattisgarh,NARAYANPUR,Dry chillies,13
Chhattisgarh,NARAYANPUR,Ginger,8
Chhattisgarh,NARAYANPUR,Gram,13
Chhattisgarh,NARAYANPUR,Horse-gram,14
Chhattisgarh,NARAYANPUR,Jowar,12
Chhattisgarh,NARAYANPUR,Khesari,6
Chhattisgarh,NARAYANPUR,Linseed,9
Chhattisgarh,NARAYANPUR,Maize,13
Chhattisgarh,NARAYANPUR,Masoor,2
Chhattisgarh,NARAYANPUR,Mesta,1
Chhattisgarh,NARAYANPUR,Moong(Green Gram),12
Chhattisgarh,NARAYANPUR,Niger seed,13
Chhattisgarh,NARAYANPUR,Onion,7
Chhattisgarh,NARAYANPUR,Other  Rabi pulses,1
Chhattisgarh,NARAYANPUR,Other Kharif pulses,12
Chhattisgarh,NARAYANPUR,Peas & beans (Pulses),13
Chhattisgarh,NARAYANPUR,Potato,7
Chhattisgarh,NARAYANPUR,Ragi,13
Chhattisgarh,NARAYANPUR,Rapeseed &Mustard,13
Chhattisgarh,NARAYANPUR,Rice,13
Chhattisgarh,NARAYANPUR,Sannhamp,1
Chhattisgarh,NARAYANPUR,Sesamum,13
Chhattisgarh,NARAYANPUR,Small millets,14
Chhattisgarh,NARAYANPUR,Sugarcane,12
Chhattisgarh,NARAYANPUR,Sweet potato,12
Chhattisgarh,NARAYANPUR,Turmeric,13
Chhattisgarh,NARAYANPUR,Urad,14
Chhattisgarh,NARAYANPUR,Wheat,13
Chhattisgarh,RAIGARH,Arhar/Tur,20
Chhattisgarh,RAIGARH,Bajra,40
Chhattisgarh,RAIGARH,Castor seed,2
Chhattisgarh,RAIGARH,Coriander,17
Chhattisgarh,RAIGARH,Dry chillies,20
Chhattisgarh,RAIGARH,Garlic,19
Chhattisgarh,RAIGARH,Ginger,20
Chhattisgarh,RAIGARH,Gram,20
Chhattisgarh,RAIGARH,Groundnut,20
Chhattisgarh,RAIGARH,Horse-gram,32
Chhattisgarh,RAIGARH,Jowar,19
Chhattisgarh,RAIGARH,Khesari,20
Chhattisgarh,RAIGARH,Linseed,19
Chhattisgarh,RAIGARH,Maize,20
Chhattisgarh,RAIGARH,Masoor,20
Chhattisgarh,RAIGARH,Mesta,20
Chhattisgarh,RAIGARH,Moong(Green Gram),40
Chhattisgarh,RAIGARH,Niger seed,20
Chhattisgarh,RAIGARH,Onion,17
Chhattisgarh,RAIGARH,Other  Rabi pulses,19
Chhattisgarh,RAIGARH,Other Kharif pulses,20
Chhattisgarh,RAIGARH,Peas & beans (Pulses),20
Chhattisgarh,RAIGARH,Potato,22
Chhattisgarh,RAIGARH,Ragi,5
Chhattisgarh,RAIGARH,Rapeseed &Mustard,20
Chhattisgarh,RAIGARH,Rice,20
Chhattisgarh,RAIGARH,Safflower,18
Chhattisgarh,RAIGARH,Sannhamp,20
Chhattisgarh,RAIGARH,Sesamum,20
Chhattisgarh,RAIGARH,Small millets,20
Chhattisgarh,RAIGARH,Soyabean,16
Chhattisgarh,RAIGARH,Sugarcane,19
Chhattisgarh,RAIGARH,Sunflower,15
Chhattisgarh,RAIGARH,Sweet potato,20
Chhattisgarh,RAIGARH,Tobacco,1
Chhattisgarh,RAIGARH,Turmeric,20
Chhattisgarh,RAIGARH,Urad,40
Chhattisgarh,RAIGARH,Wheat,20
Chhattisgarh,RAIPUR,Arhar/Tur,20
Chhattisgarh,RAIPUR,Bajra,25
Chhattisgarh,RAIPUR,Barley,1
Chhattisgarh,RAIPUR,Castor seed,11
Chhattisgarh,RAIPUR,Coriander,20
Chhattisgarh,RAIPUR,Cotton(lint),11
Chhattisgarh,RAIPUR,Dry chillies,20
Chhattisgarh,RAIPUR,Garlic,12
Chhattisgarh,RAIPUR,Ginger,19
Chhattisgarh,RAIPUR,Gram,20
Chhattisgarh,RAIPUR,Groundnut,20
Chhattisgarh,RAIPUR,Horse-gram,19
Chhattisgarh,RAIPUR,Jowar,11
Chhattisgarh,RAIPUR,Khesari,20
Chhattisgarh,RAIPUR,Linseed,19
Chhattisgarh,RAIPUR,Maize,20
Chhattisgarh,RAIPUR,Masoor,20
Chhattisgarh,RAIPUR,Mesta,13
Chhattisgarh,RAIPUR,Moong(Green Gram),40
Chhattisgarh,RAIPUR,Niger seed,11
Chhattisgarh,RAIPUR,Onion,20
Chhattisgarh,RAIPUR,Other  Rabi pulses,14
Chhattisgarh,RAIPUR,Other Kharif pulses,15
Chhattisgarh,RAIPUR,Peas & beans (Pulses),20
Chhattisgarh,RAIPUR,Potato,24
Chhattisgarh,RAIPUR,Ragi,9
Chhattisgarh,RAIPUR,Rapeseed &Mustard,20
Chhattisgarh,RAIPUR,Rice,20
Chhattisgarh,RAIPUR,Safflower,20
Chhattisgarh,RAIPUR,Sannhamp,18
Chhattisgarh,RAIPUR,Sesamum,20
Chhattisgarh,RAIPUR,Small millets,17
Chhattisgarh,RAIPUR,Soyabean,20
Chhattisgarh,RAIPUR,Sugarcane,19
Chhattisgarh,RAIPUR,Sunflower,15
Chhattisgarh,RAIPUR,Sweet potato,19
Chhattisgarh,RAIPUR,Turmeric,19
Chhattisgarh,RAIPUR,Urad,40
Chhattisgarh,RAIPUR,Wheat,20
Chhattisgarh,RAJNANDGAON,Arhar/Tur,20
Chhattisgarh,RAJNANDGAON,Bajra,29
Chhattisgarh,RAJNANDGAON,Barley,18
Chhattisgarh,RAJNANDGAON,Castor seed,4
Chhattisgarh,RAJNANDGAON,Coriander,20
Chhattisgarh,RAJNANDGAON,Cotton(lint),9
Chhattisgarh,RAJNANDGAON,Dry chillies,19
Chhattisgarh,RAJNANDGAON,Garlic,17
Chhattisgarh,RAJNANDGAON,Ginger,20
Chhattisgarh,RAJNANDGAON,Gram,20
Chhattisgarh,RAJNANDGAON,Groundnut,13
Chhattisgarh,RAJNANDGAON,Horse-gram,37
Chhattisgarh,RAJNANDGAON,Jowar,20
Chhattisgarh,RAJNANDGAON,Khesari,20
Chhattisgarh,RAJNANDGAON,Linseed,19
Chhattisgarh,RAJNANDGAON,Maize,20
Chhattisgarh,RAJNANDGAON,Masoor,20
Chhattisgarh,RAJNANDGAON,Mesta,19
Chhattisgarh,RAJNANDGAON,Moong(Green Gram),40
Chhattisgarh,RAJNANDGAON,Niger seed,14
Chhattisgarh,RAJNANDGAON,Onion,20
Chhattisgarh,RAJNANDGAON,Other  Rabi pulses,20
Chhattisgarh,RAJNANDGAON,Other Kharif pulses,20
Chhattisgarh,RAJNANDGAON,Peas & beans (Pulses),20
Chhattisgarh,RAJNANDGAON,Potato,28
Chhattisgarh,RAJNANDGAON,Ragi,18
Chhattisgarh,RAJNANDGAON,Rapeseed &Mustard,20
Chhattisgarh,RAJNANDGAON,Rice,20
Chhattisgarh,RAJNANDGAON,Safflower,20
Chhattisgarh,RAJNANDGAON,Sannhamp,15
Chhattisgarh,RAJNANDGAON,Sesamum,20
Chhattisgarh,RAJNANDGAON,Small millets,20
Chhattisgarh,RAJNANDGAON,Soyabean,20
Chhattisgarh,RAJNANDGAON,Sugarcane,20
Chhattisgarh,RAJNANDGAON,Sunflower,17
Chhattisgarh,RAJNANDGAON,Sweet potato,20
Chhattisgarh,RAJNANDGAON,Turmeric,19
Chhattisgarh,RAJNANDGAON,Urad,40
Chhattisgarh,RAJNANDGAON,Wheat,20
Chhattisgarh,SUKMA,Arhar/Tur,9
Chhattisgarh,SUKMA,Bajra,9
Chhattisgarh,SUKMA,Barley,1
Chhattisgarh,SUKMA,Coriander,6
Chhattisgarh,SUKMA,Dry chillies,9
Chhattisgarh,SUKMA,Garlic,2
Chhattisgarh,SUKMA,Ginger,4
Chhattisgarh,SUKMA,Gram,3
Chhattisgarh,SUKMA,Groundnut,8
Chhattisgarh,SUKMA,Horse-gram,18
Chhattisgarh,SUKMA,Jowar,9
Chhattisgarh,SUKMA,Maize,9
Chhattisgarh,SUKMA,Mesta,8
Chhattisgarh,SUKMA,Moong(Green Gram),18
Chhattisgarh,SUKMA,Niger seed,9
Chhattisgarh,SUKMA,Other  Rabi pulses,5
Chhattisgarh,SUKMA,Other Kharif pulses,9
Chhattisgarh,SUKMA,Peas & beans (Pulses),1
Chhattisgarh,SUKMA,Ragi,8
Chhattisgarh,SUKMA,Rapeseed &Mustard,9
Chhattisgarh,SUKMA,Rice,9
Chhattisgarh,SUKMA,Sannhamp,2
Chhattisgarh,SUKMA,Sesamum,9
Chhattisgarh,SUKMA,Small millets,9
Chhattisgarh,SUKMA,Soyabean,3
Chhattisgarh,SUKMA,Sugarcane,5
Chhattisgarh,SUKMA,Sunflower,2
Chhattisgarh,SUKMA,Sweet potato,9
Chhattisgarh,SUKMA,Turmeric,9
Chhattisgarh,SUKMA,Urad,18
Chhattisgarh,SUKMA,Wheat,3
Chhattisgarh,SURAJPUR,Arhar/Tur,9
Chhattisgarh,SURAJPUR,Bajra,1
Chhattisgarh,SURAJPUR,Barley,9
Chhattisgarh,SURAJPUR,Coriander,9
Chhattisgarh,SURAJPUR,Dry chillies,9
Chhattisgarh,SURAJPUR,Garlic,9
Chhattisgarh,SURAJPUR,Ginger,9
Chhattisgarh,SURAJPUR,Gram,9
Chhattisgarh,SURAJPUR,Groundnut,9
Chhattisgarh,SURAJPUR,Horse-gram,9
Chhattisgarh,SURAJPUR,Jowar,9
Chhattisgarh,SURAJPUR,Khesari,9
Chhattisgarh,SURAJPUR,Linseed,8
Chhattisgarh,SURAJPUR,Maize,9
Chhattisgarh,SURAJPUR,Masoor,9
Chhattisgarh,SURAJPUR,Mesta,9
Chhattisgarh,SURAJPUR,Moong(Green Gram),17
Chhattisgarh,SURAJPUR,Niger seed,9
Chhattisgarh,SURAJPUR,Onion,9
Chhattisgarh,SURAJPUR,Other  Rabi pulses,3
Chhattisgarh,SURAJPUR,Other Kharif pulses,9
Chhattisgarh,SURAJPUR,Peas & beans (Pulses),9
Chhattisgarh,SURAJPUR,Potato,10
Chhattisgarh,SURAJPUR,Ragi,9
Chhattisgarh,SURAJPUR,Rapeseed &Mustard,9
Chhattisgarh,SURAJPUR,Rice,9
Chhattisgarh,SURAJPUR,Sannhamp,9
Chhattisgarh,SURAJPUR,Sesamum,9
Chhattisgarh,SURAJPUR,Small millets,9
Chhattisgarh,SURAJPUR,Soyabean,8
Chhattisgarh,SURAJPUR,Sugarcane,9
Chhattisgarh,SURAJPUR,Sunflower,7
Chhattisgarh,SURAJPUR,Sweet potato,9
Chhattisgarh,SURAJPUR,Tobacco,8
Chhattisgarh,SURAJPUR,Turmeric,9
Chhattisgarh,SURAJPUR,Urad,13
Chhattisgarh,SURAJPUR,Wheat,9
Chhattisgarh,SURGUJA,Arhar/Tur,20
Chhattisgarh,SURGUJA,Bajra,22
Chhattisgarh,SURGUJA,Barley,20
Chhattisgarh,SURGUJA,Castor seed,1
Chhattisgarh,SURGUJA,Coriander,20
Chhattisgarh,SURGUJA,Cotton(lint),8
Chhattisgarh,SURGUJA,Dry chillies,20
Chhattisgarh,SURGUJA,Garlic,20
Chhattisgarh,SURGUJA,Ginger,20
Chhattisgarh,SURGUJA,Gram,20
Chhattisgarh,SURGUJA,Groundnut,20
Chhattisgarh,SURGUJA,Horse-gram,20
Chhattisgarh,SURGUJA,Jowar,20
Chhattisgarh,SURGUJA,Khesari,18
Chhattisgarh,SURGUJA,Linseed,19
Chhattisgarh,SURGUJA,Maize,20
Chhattisgarh,SURGUJA,Masoor,20
Chhattisgarh,SURGUJA,Mesta,20
Chhattisgarh,SURGUJA,Moong(Green Gram),28
Chhattisgarh,SURGUJA,Niger seed,20
Chhattisgarh,SURGUJA,Onion,20
Chhattisgarh,SURGUJA,Other  Rabi pulses,1
Chhattisgarh,SURGUJA,Other Kharif pulses,13
Chhattisgarh,SURGUJA,Peas & beans (Pulses),20
Chhattisgarh,SURGUJA,Potato,32
Chhattisgarh,SURGUJA,Ragi,17
Chhattisgarh,SURGUJA,Rapeseed &Mustard,20
Chhattisgarh,SURGUJA,Rice,20
Chhattisgarh,SURGUJA,Safflower,1
Chhattisgarh,SURGUJA,Sannhamp,20
Chhattisgarh,SURGUJA,Sesamum,20
Chhattisgarh,SURGUJA,Small millets,20
Chhattisgarh,SURGUJA,Soyabean,19
Chhattisgarh,SURGUJA,Sugarcane,20
Chhattisgarh,SURGUJA,Sunflower,19
Chhattisgarh,SURGUJA,Sweet potato,20
Chhattisgarh,SURGUJA,Tobacco,18
Chhattisgarh,SURGUJA,Turmeric,20
Chhattisgarh,SURGUJA,Urad,21
Chhattisgarh,SURGUJA,Wheat,20
Dadra and Nagar Haveli,DADRA AND NAGAR HAVELI,Arhar/Tur,27
Dadra and Nagar Haveli,DADRA AND NAGAR HAVELI,Banana,9
Dadra and Nagar Haveli,DADRA AND NAGAR HAVELI,Coconut,9
Dadra and Nagar Haveli,DADRA AND NAGAR HAVELI,Coriander,1
Dadra and Nagar Haveli,DADRA AND NAGAR HAVELI,Cowpea(Lobia),3
Dadra and Nagar Haveli,DADRA AND NAGAR HAVELI,Gram,18
Dadra and Nagar Haveli,DADRA AND NAGAR HAVELI,Groundnut,14
Dadra and Nagar Haveli,DADRA AND NAGAR HAVELI,Jowar,22
Dadra and Nagar Haveli,DADRA AND NAGAR HAVELI,Maize,24
Dadra and Nagar Haveli,DADRA AND NAGAR HAVELI,Niger seed,25
Dadra and Nagar Haveli,DADRA AND NAGAR HAVELI,Other  Rabi pulses,18
Dadra and Nagar Haveli,DADRA AND NAGAR HAVELI,Other Kharif pulses,10
Dadra and Nagar Haveli,DADRA AND NAGAR HAVELI,Ragi,22
Dadra and Nagar Haveli,DADRA AND NAGAR HAVELI,Rapeseed &Mustard,10
Dadra and Nagar Haveli,DADRA AND NAGAR HAVELI,Rice,41
Dadra and Nagar Haveli,DADRA AND NAGAR HAVELI,Sannhamp,13
Dadra and Nagar Haveli,DADRA AND NAGAR HAVELI,Sesamum,9
Dadra and Nagar Haveli,DADRA AND NAGAR HAVELI,Small millets,19
Dadra and Nagar Haveli,DADRA AND NAGAR HAVELI,Sugarcane,17
Dadra and Nagar Haveli,DADRA AND NAGAR HAVELI,Sunflower,2
Dadra and Nagar Haveli,DADRA AND NAGAR HAVELI,Urad,12
Dadra and Nagar Haveli,DADRA AND NAGAR HAVELI,Wheat,21
Dadra and Nagar Haveli,DAMAN,Rice,1
Dadra and Nagar Haveli,DIU,Bajra,1
Daman and Diu,DAMAN,Rice,21
Daman and Diu,DIU,Bajra,21
Delhi,DELHI_TOTAL,Arhar/Tur,4
Delhi,DELHI_TOTAL,Bajra,22
Delhi,DELHI_TOTAL,Barley,22
Delhi,DELHI_TOTAL,Cotton(lint),5
Delhi,DELHI_TOTAL,Gram,22
Delhi,DELHI_TOTAL,Jowar,22
Delhi,DELHI_TOTAL,Maize,22
Delhi,DELHI_TOTAL,Other Kharif pulses,7
Delhi,DELHI_TOTAL,Potato,16
Delhi,DELHI_TOTAL,Rapeseed &Mustard,1
Delhi,DELHI_TOTAL,Rice,22
Delhi,DELHI_TOTAL,Sugarcane,16
Delhi,DELHI_TOTAL,Wheat,22
Goa,NORTH GOA,Arecanut,13
Goa,NORTH GOA,Banana,13
Goa,NORTH GOA,Black pepper,17
Goa,NORTH GOA,Cashewnut,17
Goa,NORTH GOA,Coconut,17
Goa,NORTH GOA,Groundnut,42
Goa,NORTH GOA,Other  Rabi pulses,19
Goa,NORTH GOA,Other Kharif pulses,18
Goa,NORTH GOA,Ragi,18
Goa,NORTH GOA,Rice,40
Goa,NORTH GOA,Sugarcane,22
Goa,NORTH GOA,Sweet potato,4
Goa,NORTH GOA,other oilseeds,3
Goa,SOUTH GOA,Arecanut,7
Goa,SOUTH GOA,Banana,7
Goa,SOUTH GOA,Black pepper,11
Goa,SOUTH GOA,Cashewnut,11
Goa,SOUTH GOA,Coconut,11
Goa,SOUTH GOA,Groundnut,11
Goa,SOUTH GOA,Other  Rabi pulses,13
Goa,SOUTH GOA,Other Kharif pulses,13
Goa,SOUTH GOA,Ragi,12
Goa,SOUTH GOA,Rice,30
Goa,SOUTH GOA,Sugarcane,16
Goa,SOUTH GOA,Sweet potato,4
Goa,SOUTH GOA,other oilseeds,3
Gujarat,AHMADABAD,Arhar/Tur,23
Gujarat,AHMADABAD,Bajra,46
Gujarat,AHMADABAD,Banana,8
Gujarat,AHMADABAD,Castor seed,23
Gujarat,AHMADABAD,Cotton(lint),23
Gujarat,AHMADABAD,Dry chillies,10
Gujarat,AHMADABAD,Garlic,3
Gujarat,AHMADABAD,Gram,23
Gujarat,AHMADABAD,Groundnut,34
Gujarat,AHMADABAD,Guar seed,20
Gujarat,AHMADABAD,Jowar,19
Gujarat,AHMADABAD,Maize,15
Gujarat,AHMADABAD,Moong(Green Gram),33
Gujarat,AHMADABAD,Moth,22
Gujarat,AHMADABAD,Oilseeds total,1
Gujarat,AHMADABAD,Onion,10
Gujarat,AHMADABAD,Other  Rabi pulses,2
Gujarat,AHMADABAD,Other Cereals,7
Gujarat,AHMADABAD,Other Kharif pulses,22
Gujarat,AHMADABAD,Potato,11
Gujarat,AHMADABAD,Rapeseed &Mustard,23
Gujarat,AHMADABAD,Rice,39
Gujarat,AHMADABAD,Sesamum,29
Gujarat,AHMADABAD,Small millets,3
Gujarat,AHMADABAD,Soyabean,3
Gujarat,AHMADABAD,Sugarcane,13
Gujarat,AHMADABAD,Tobacco,24
Gujarat,AHMADABAD,Urad,23
Gujarat,AHMADABAD,Wheat,23
Gujarat,AHMADABAD,other oilseeds,2
Gujarat,AMRELI,Arhar/Tur,23
Gujarat,AMRELI,Bajra,46
Gujarat,AMRELI,Banana,2
Gujarat,AMRELI,Castor seed,23
Gujarat,AMRELI,Cotton(lint),23
Gujarat,AMRELI,Dry chillies,17
Gujarat,AMRELI,Garlic,23
Gujarat,AMRELI,Gram,22
Gujarat,AMRELI,Groundnut,46
Gujarat,AMRELI,Guar seed,9
Gujarat,AMRELI,Jowar,20
Gujarat,AMRELI,Maize,21
Gujarat,AMRELI,Moong(Green Gram),33
Gujarat,AMRELI,Moth,18
Gujarat,AMRELI,Oilseeds total,1
Gujarat,AMRELI,Onion,29
Gujarat,AMRELI,Other  Rabi pulses,5
Gujarat,AMRELI,Other Cereals,6
Gujarat,AMRELI,Other Kharif pulses,13
Gujarat,AMRELI,Potato,1
Gujarat,AMRELI,Rapeseed &Mustard,17
Gujarat,AMRELI,Rice,3
Gujarat,AMRELI,Sesamum,33
Gujarat,AMRELI,Small millets,6
Gujarat,AMRELI,Soyabean,2
Gujarat,AMRELI,Sugarcane,20
Gujarat,AMRELI,Tobacco,2
Gujarat,AMRELI,Urad,25
Gujarat,AMRELI,Wheat,23
Gujarat,AMRELI,other oilseeds,1
Gujarat,ANAND,Arhar/Tur,17
Gujarat,ANAND,Bajra,34
Gujarat,ANAND,Banana,17
Gujarat,ANAND,Castor seed,17
Gujarat,ANAND,Cotton(lint),17
Gujarat,ANAND,Dry chillies,17
Gujarat,ANAND,Garlic,14
Gujarat,ANAND,Gram,17
Gujarat,ANAND,Groundnut,19
Gujarat,ANAND,Guar seed,9
Gujarat,ANAND,Jowar,9
Gujarat,ANAND,Maize,21
Gujarat,ANAND,Moong(Green Gram),25
Gujarat,ANAND,Moth,5
Gujarat,ANAND,Onion,15
Gujarat,ANAND,Other  Rabi pulses,6
Gujarat,ANAND,Other Cereals,11
Gujarat,ANAND,Other Kharif pulses,4
Gujarat,ANAND,Potato,17
Gujarat,ANAND,Rapeseed &Mustard,17
Gujarat,ANAND,Rice,34
Gujarat,ANAND,Sesamum,21
Gujarat,ANAND,Small millets,4
Gujarat,ANAND,Soyabean,5
Gujarat,ANAND,Sugarcane,1
Gujarat,ANAND,Tobacco,27
Gujarat,ANAND,Urad,7
Gujarat,ANAND,Wheat,17
Gujarat,ANAND,other oilseeds,2
Gujarat,ARAVALLI,Arhar/Tur,6
Gujarat,ARAVALLI,Bajra,12
Gujarat,ARAVALLI,Castor seed,6
Gujarat,ARAVALLI,Cotton(lint),6
Gujarat,ARAVALLI,Garlic,6
Gujarat,ARAVALLI,Gram,6
Gujarat,ARAVALLI,Groundnut,12
Gujarat,ARAVALLI,Guar seed,6
Gujarat,ARAVALLI,Jowar,6
Gujarat,ARAVALLI,Maize,18
Gujarat,ARAVALLI,Moong(Green Gram),12
Gujarat,ARAVALLI,Moth,3
Gujarat,ARAVALLI,Onion,6
Gujarat,ARAVALLI,Other  Rabi pulses,2
Gujarat,ARAVALLI,Other Kharif pulses,3
Gujarat,ARAVALLI,Potato,6
Gujarat,ARAVALLI,Rapeseed &Mustard,6
Gujarat,ARAVALLI,Rice,7
Gujarat,ARAVALLI,Sesamum,12
Gujarat,ARAVALLI,Small millets,2
Gujarat,ARAVALLI,Soyabean,6
Gujarat,ARAVALLI,Tobacco,3
Gujarat,ARAVALLI,Urad,10
Gujarat,ARAVALLI,Wheat,6
Gujarat,BANAS KANTHA,Arhar/Tur,23
Gujarat,BANAS KANTHA,Bajra,46
Gujarat,BANAS KANTHA,Banana,1
Gujarat,BANAS KANTHA,Castor seed,23
Gujarat,BANAS KANTHA,Cotton(lint),23
Gujarat,BANAS KANTHA,Dry chillies,21
Gujarat,BANAS KANTHA,Garlic,13
Gujarat,BANAS KANTHA,Gram,22
Gujarat,BANAS KANTHA,Groundnut,46
Gujarat,BANAS KANTHA,Guar seed,20
Gujarat,BANAS KANTHA,Jowar,24
Gujarat,BANAS KANTHA,Maize,33
Gujarat,BANAS KANTHA,Moong(Green Gram),33
Gujarat,BANAS KANTHA,Moth,22
Gujarat,BANAS KANTHA,Oilseeds total,1
Gujarat,BANAS KANTHA,Onion,19
Gujarat,BANAS KANTHA,Other  Rabi pulses,5
Gujarat,BANAS KANTHA,Other Cereals,25
Gujarat,BANAS KANTHA,Other Kharif pulses,21
Gujarat,BANAS KANTHA,Potato,23
Gujarat,BANAS KANTHA,Ragi,1
Gujarat,BANAS KANTHA,Rapeseed &Mustard,23
Gujarat,BANAS KANTHA,Rice,1
Gujarat,BANAS KANTHA,Sesamum,25
Gujarat,BANAS KANTHA,Small millets,13
Gujarat,BANAS KANTHA,Sugarcane,4
Gujarat,BANAS KANTHA,Tobacco,23
Gujarat,BANAS KANTHA,Urad,23
Gujarat,BANAS KANTHA,Wheat,23
Gujarat,BANAS KANTHA,other oilseeds,1
Gujarat,BHARUCH,Arhar/Tur,23
Gujarat,BHARUCH,Bajra,42
Gujarat,BHARUCH,Banana,22
Gujarat,BHARUCH,Castor seed,23
Gujarat,BHARUCH,Cotton(lint),23
Gujarat,BHARUCH,Dry chillies,9
Gujarat,BHARUCH,Garlic,1
Gujarat,BHARUCH,Gram,23
Gujarat,BHARUCH,Groundnut,45
Gujarat,BHARUCH,Guar seed,5
Gujarat,BHARUCH,Jowar,46
Gujarat,BHARUCH,Maize,30
Gujarat,BHARUCH,Moong(Green Gram),32
Gujarat,BHARUCH,Moth,21
Gujarat,BHARUCH,Oilseeds total,1
Gujarat,BHARUCH,Onion,9
Gujarat,BHARUCH,Other  Rabi pulses,20
Gujarat,BHARUCH,Other Cereals,10
Gujarat,BHARUCH,Other Kharif pulses,20
Gujarat,BHARUCH,Ragi,1
Gujarat,BHARUCH,Rapeseed &Mustard,18
Gujarat,BHARUCH,Rice,42
Gujarat,BHARUCH,Sesamum,25
Gujarat,BHARUCH,Small millets,4
Gujarat,BHARUCH,Soyabean,4
Gujarat,BHARUCH,Sugarcane,23
Gujarat,BHARUCH,Tobacco,4
Gujarat,BHARUCH,Urad,24
Gujarat,BHARUCH,Wheat,23
Gujarat,BHARUCH,other oilseeds,2
Gujarat,BHAVNAGAR,Arhar/Tur,23
Gujarat,BHAVNAGAR,Bajra,41
Gujarat,BHAVNAGAR,Banana,12
Gujarat,BHAVNAGAR,Castor seed,23
Gujarat,BHAVNAGAR,Cotton(lint),23
Gujarat,BHAVNAGAR,Dry chillies,13
Gujarat,BHAVNAGAR,Garlic,20
Gujarat,BHAVNAGAR,Gram,22
Gujarat,BHAVNAGAR,Groundnut,46
Gujarat,BHAVNAGAR,Guar seed,9
Gujarat,BHAVNAGAR,Jowar,24
Gujarat,BHAVNAGAR,Maize,26
Gujarat,BHAVNAGAR,Moong(Green Gram),33
Gujarat,BHAVNAGAR,Moth,23
Gujarat,BHAVNAGAR,Oilseeds total,1
Gujarat,BHAVNAGAR,Onion,32
Gujarat,BHAVNAGAR,Other  Rabi pulses,3
Gujarat,BHAVNAGAR,Other Cereals,4
Gujarat,BHAVNAGAR,Other Kharif pulses,11
Gujarat,BHAVNAGAR,Rapeseed &Mustard,20
Gujarat,BHAVNAGAR,Rice,4
Gujarat,BHAVNAGAR,Sesamum,32
Gujarat,BHAVNAGAR,Small millets,2
Gujarat,BHAVNAGAR,Sugarcane,20
Gujarat,BHAVNAGAR,Tobacco,1
Gujarat,BHAVNAGAR,Urad,27
Gujarat,BHAVNAGAR,Wheat,23
Gujarat,BHAVNAGAR,other oilseeds,1
Gujarat,BOTAD,Arhar/Tur,6
Gujarat,BOTAD,Bajra,12
Gujarat,BOTAD,Castor seed,6
Gujarat,BOTAD,Cotton(lint),6
Gujarat,BOTAD,Garlic,5
Gujarat,BOTAD,Gram,6
Gujarat,BOTAD,Groundnut,10
Gujarat,BOTAD,Guar seed,4
Gujarat,BOTAD,Maize,2
Gujarat,BOTAD,Moong(Green Gram),8
Gujarat,BOTAD,Moth,6
Gujarat,BOTAD,Onion,8
Gujarat,BOTAD,Other Cereals,2
Gujarat,BOTAD,Other Kharif pulses,2
Gujarat,BOTAD,Rapeseed &Mustard,2
Gujarat,BOTAD,Sesamum,12
Gujarat,BOTAD,Sugarcane,2
Gujarat,BOTAD,Urad,6
Gujarat,BOTAD,Wheat,6
Gujarat,CHHOTAUDEPUR,Arhar/Tur,6
Gujarat,CHHOTAUDEPUR,Bajra,4
Gujarat,CHHOTAUDEPUR,Banana,6
Gujarat,CHHOTAUDEPUR,Castor seed,6
Gujarat,CHHOTAUDEPUR,Cotton(lint),6
Gujarat,CHHOTAUDEPUR,Dry chillies,5
Gujarat,CHHOTAUDEPUR,Garlic,2
Gujarat,CHHOTAUDEPUR,Gram,6
Gujarat,CHHOTAUDEPUR,Groundnut,11
Gujarat,CHHOTAUDEPUR,Guar seed,3
Gujarat,CHHOTAUDEPUR,Jowar,12
Gujarat,CHHOTAUDEPUR,Maize,18
Gujarat,CHHOTAUDEPUR,Moong(Green Gram),12
Gujarat,CHHOTAUDEPUR,Onion,9
Gujarat,CHHOTAUDEPUR,Other  Rabi pulses,4
Gujarat,CHHOTAUDEPUR,Other Cereals,4
Gujarat,CHHOTAUDEPUR,Other Kharif pulses,4
Gujarat,CHHOTAUDEPUR,Rapeseed &Mustard,3
Gujarat,CHHOTAUDEPUR,Rice,6
Gujarat,CHHOTAUDEPUR,Sesamum,11
Gujarat,CHHOTAUDEPUR,Small millets,4
Gujarat,CHHOTAUDEPUR,Soyabean,6
Gujarat,CHHOTAUDEPUR,Urad,10
Gujarat,CHHOTAUDEPUR,Wheat,6
Gujarat,DANG,Arhar/Tur,22
Gujarat,DANG,Banana,5
Gujarat,DANG,Dry chillies,1
Gujarat,DANG,Garlic,7
Gujarat,DANG,Gram,22
Gujarat,DANG,Groundnut,44
Gujarat,DANG,Jowar,22
Gujarat,DANG,Maize,19
Gujarat,DANG,Moong(Green Gram),9
Gujarat,DANG,Oilseeds total,1
Gujarat,DANG,Onion,12
Gujarat,DANG,Other  Rabi pulses,14
Gujarat,DANG,Other Cereals,15
Gujarat,DANG,Other Kharif pulses,12
Gujarat,DANG,Ragi,23
Gujarat,DANG,Rice,23
Gujarat,DANG,Small millets,7
Gujarat,DANG,Soyabean,7
Gujarat,DANG,Sugarcane,10
Gujarat,DANG,Tobacco,1
Gujarat,DANG,Urad,23
Gujarat,DANG,Wheat,22
Gujarat,DANG,other oilseeds,2
Gujarat,DEVBHUMI DWARKA,Arhar/Tur,2
Gujarat,DEVBHUMI DWARKA,Bajra,8
Gujarat,DEVBHUMI DWARKA,Castor seed,6
Gujarat,DEVBHUMI DWARKA,Cotton(lint),6
Gujarat,DEVBHUMI DWARKA,Dry chillies,1
Gujarat,DEVBHUMI DWARKA,Garlic,5
Gujarat,DEVBHUMI DWARKA,Gram,6
Gujarat,DEVBHUMI DWARKA,Groundnut,11
Gujarat,DEVBHUMI DWARKA,Guar seed,1
Gujarat,DEVBHUMI DWARKA,Jowar,2
Gujarat,DEVBHUMI DWARKA,Maize,2
Gujarat,DEVBHUMI DWARKA,Moong(Green Gram),12
Gujarat,DEVBHUMI DWARKA,Moth,4
Gujarat,DEVBHUMI DWARKA,Onion,5
Gujarat,DEVBHUMI DWARKA,Other  Rabi pulses,1
Gujarat,DEVBHUMI DWARKA,Other Cereals,1
Gujarat,DEVBHUMI DWARKA,Other Kharif pulses,5
Gujarat,DEVBHUMI DWARKA,Potato,6
Gujarat,DEVBHUMI DWARKA,Rapeseed &Mustard,1
Gujarat,DEVBHUMI DWARKA,Sesamum,12
Gujarat,DEVBHUMI DWARKA,Soyabean,1
Gujarat,DEVBHUMI DWARKA,Urad,7
Gujarat,DEVBHUMI DWARKA,Wheat,6
Gujarat,DOHAD,Arhar/Tur,17
Gujarat,DOHAD,Bajra,8
Gujarat,DOHAD,Castor seed,16
Gujarat,DOHAD,Cotton(lint),17
Gujarat,DOHAD,Dry chillies,6
Gujarat,DOHAD,Garlic,16
Gujarat,DOHAD,Gram,17
Gujarat,DOHAD,Groundnut,34
Gujarat,DOHAD,Guar seed,3
Gujarat,DOHAD,Jowar,17
Gujarat,DOHAD,Maize,31
Gujarat,DOHAD,Moong(Green Gram),27
Gujarat,DOHAD,Onion,17
Gujarat,DOHAD,Other  Rabi pulses,14
Gujarat,DOHAD,Other Cereals,20
Gujarat,DOHAD,Other Kharif pulses,15
Gujarat,DOHAD,Potato,2
Gujarat,DOHAD,Rapeseed &Mustard,17
Gujarat,DOHAD,Rice,17
Gujarat,DOHAD,Sesamum,21
Gujarat,DOHAD,Small millets,5
Gujarat,DOHAD,Soyabean,10
Gujarat,DOHAD,Tobacco,1
Gujarat,DOHAD,Urad,21
Gujarat,DOHAD,Wheat,17
Gujarat,DOHAD,other oilseeds,2
Gujarat,GANDHINAGAR,Arhar/Tur,23
Gujarat,GANDHINAGAR,Bajra,46
Gujarat,GANDHINAGAR,Banana,1
Gujarat,GANDHINAGAR,Castor seed,23
Gujarat,GANDHINAGAR,Cotton(lint),23
Gujarat,GANDHINAGAR,Dry chillies,12
Gujarat,GANDHINAGAR,Gram,11
Gujarat,GANDHINAGAR,Groundnut,45
Gujarat,GANDHINAGAR,Guar seed,20
Gujarat,GANDHINAGAR,Jowar,17
Gujarat,GANDHINAGAR,Maize,25
Gujarat,GANDHINAGAR,Moong(Green Gram),33
Gujarat,GANDHINAGAR,Moth,13
Gujarat,GANDHINAGAR,Oilseeds total,1
Gujarat,GANDHINAGAR,Onion,2
Gujarat,GANDHINAGAR,Other Cereals,10
Gujarat,GANDHINAGAR,Other Kharif pulses,19
Gujarat,GANDHINAGAR,Potato,23
Gujarat,GANDHINAGAR,Rapeseed &Mustard,23
Gujarat,GANDHINAGAR,Rice,31
Gujarat,GANDHINAGAR,Sesamum,26
Gujarat,GANDHINAGAR,Small millets,4
Gujarat,GANDHINAGAR,Soyabean,1
Gujarat,GANDHINAGAR,Tobacco,16
Gujarat,GANDHINAGAR,Urad,20
Gujarat,GANDHINAGAR,Wheat,23
Gujarat,GIR SOMNATH,Arhar/Tur,6
Gujarat,GIR SOMNATH,Bajra,12
Gujarat,GIR SOMNATH,Castor seed,6
Gujarat,GIR SOMNATH,Cotton(lint),6
Gujarat,GIR SOMNATH,Garlic,6
Gujarat,GIR SOMNATH,Gram,6
Gujarat,GIR SOMNATH,Groundnut,12
Gujarat,GIR SOMNATH,Jowar,4
Gujarat,GIR SOMNATH,Maize,8
Gujarat,GIR SOMNATH,Moong(Green Gram),12
Gujarat,GIR SOMNATH,Onion,8
Gujarat,GIR SOMNATH,Other  Rabi pulses,3
Gujarat,GIR SOMNATH,Other Cereals,2
Gujarat,GIR SOMNATH,Rapeseed &Mustard,5
Gujarat,GIR SOMNATH,Rice,1
Gujarat,GIR SOMNATH,Sesamum,11
Gujarat,GIR SOMNATH,Small millets,5
Gujarat,GIR SOMNATH,Soyabean,6
Gujarat,GIR SOMNATH,Sugarcane,6
Gujarat,GIR SOMNATH,Urad,11
Gujarat,GIR SOMNATH,Wheat,6
Gujarat,JAMNAGAR,Arhar/Tur,23
Gujarat,JAMNAGAR,Bajra,43
Gujarat,JAMNAGAR,Castor seed,23
Gujarat,JAMNAGAR,Cotton(lint),23
Gujarat,JAMNAGAR,Dry chillies,19
Gujarat,JAMNAGAR,Garlic,23
Gujarat,JAMNAGAR,Gram,23
Gujarat,JAMNAGAR,Groundnut,45
Gujarat,JAMNAGAR,Guar seed,9
Gujarat,JAMNAGAR,Jowar,26
Gujarat,JAMNAGAR,Maize,16
Gujarat,JAMNAGAR,Moong(Green Gram),33
Gujarat,JAMNAGAR,Moth,15
Gujarat,JAMNAGAR,Oilseeds total,1
Gujarat,JAMNAGAR,Onion,30
Gujarat,JAMNAGAR,Other  Rabi pulses,5
Gujarat,JAMNAGAR,Other Cereals,2
Gujarat,JAMNAGAR,Other Kharif pulses,14
Gujarat,JAMNAGAR,Potato,18
Gujarat,JAMNAGAR,Rapeseed &Mustard,20
Gujarat,JAMNAGAR,Sesamum,33
Gujarat,JAMNAGAR,Soyabean,4
Gujarat,JAMNAGAR,Sugarcane,17
Gujarat,JAMNAGAR,Tobacco,1
Gujarat,JAMNAGAR,Urad,32
Gujarat,JAMNAGAR,Wheat,23
Gujarat,JAMNAGAR,other oilseeds,2
Gujarat,JUNAGADH,Arhar/Tur,23
Gujarat,JUNAGADH,Bajra,46
Gujarat,JUNAGADH,Banana,13
Gujarat,JUNAGADH,Castor seed,23
Gujarat,JUNAGADH,Cotton(lint),23
Gujarat,JUNAGADH,Dry chillies,14
Gujarat,JUNAGADH,Garlic,23
Gujarat,JUNAGADH,Gram,23
Gujarat,JUNAGADH,Groundnut,46
Gujarat,JUNAGADH,Guar seed,4
Gujarat,JUNAGADH,Jowar,36
Gujarat,JUNAGADH,Maize,11
Gujarat,JUNAGADH,Moong(Green Gram),33
Gujarat,JUNAGADH,Moth,2
Gujarat,JUNAGADH,Oilseeds total,1
Gujarat,JUNAGADH,Onion,32
Gujarat,JUNAGADH,Other  Rabi pulses,17
Gujarat,JUNAGADH,Other Cereals,14
Gujarat,JUNAGADH,Other Kharif pulses,3
Gujarat,JUNAGADH,Rapeseed &Mustard,15
Gujarat,JUNAGADH,Rice,2
Gujarat,JUNAGADH,Sesamum,33
Gujarat,JUNAGADH,Small millets,11
Gujarat,JUNAGADH,Soyabean,6
Gujarat,JUNAGADH,Sugarcane,21
Gujarat,JUNAGADH,Tobacco,1
Gujarat,JUNAGADH,Urad,33
Gujarat,JUNAGADH,Wheat,23
Gujarat,JUNAGADH,other oilseeds,2
Gujarat,KACHCHH,Arhar/Tur,5
Gujarat,KACHCHH,Bajra,46
Gujarat,KACHCHH,Banana,10
Gujarat,KACHCHH,Castor seed,23
Gujarat,KACHCHH,Cotton(lint),23
Gujarat,KACHCHH,Dry chillies,17
Gujarat,KACHCHH,Garlic,21
Gujarat,KACHCHH,Gram,18
Gujarat,KACHCHH,Groundnut,46
Gujarat,KACHCHH,Guar seed,20
Gujarat,KACHCHH,Jowar,7
Gujarat,KACHCHH,Maize,13
Gujarat,KACHCHH,Moong(Green Gram),33
Gujarat,KACHCHH,Moth,23
Gujarat,KACHCHH,Oilseeds total,1
Gujarat,KACHCHH,Onion,30
Gujarat,KACHCHH,Other  Rabi pulses,7
Gujarat,KACHCHH,Other Cereals,1
Gujarat,KACHCHH,Other Kharif pulses,9
Gujarat,KACHCHH,Potato,22
Gujarat,KACHCHH,Rapeseed &Mustard,23
Gujarat,KACHCHH,Sesamum,33
Gujarat,KACHCHH,Soyabean,2
Gujarat,KACHCHH,Sugarcane,14
Gujarat,KACHCHH,Tobacco,1
Gujarat,KACHCHH,Urad,12
Gujarat,KACHCHH,Wheat,23
Gujarat,KACHCHH,other oilseeds,1
Gujarat,KHEDA,Arhar/Tur,23
Gujarat,KHEDA,Bajra,46
Gujarat,KHEDA,Banana,11
Gujarat,KHEDA,Castor seed,23
Gujarat,KHEDA,Cotton(lint),23
Gujarat,KHEDA,Dry chillies,21
Gujarat,KHEDA,Garlic,21
Gujarat,KHEDA,Gram,23
Gujarat,KHEDA,Groundnut,46
Gujarat,KHEDA,Guar seed,20
Gujarat,KHEDA,Jowar,33
Gujarat,KHEDA,Maize,38
Gujarat,KHEDA,Moong(Green Gram),33
Gujarat,KHEDA,Moth,23
Gujarat,KHEDA,Oilseeds total,1
Gujarat,KHEDA,Onion,26
Gujarat,KHEDA,Other  Rabi pulses,6
Gujarat,KHEDA,Other Cereals,17
Gujarat,KHEDA,Other Kharif pulses,18
Gujarat,KHEDA,Potato,23
Gujarat,KHEDA,Rapeseed &Mustard,23
Gujarat,KHEDA,Rice,43
Gujarat,KHEDA,Sesamum,30
Gujarat,KHEDA,Small millets,8
Gujarat,KHEDA,Soyabean,8
Gujarat,KHEDA,Sugarcane,8
Gujarat,KHEDA,Tobacco,34
Gujarat,KHEDA,Urad,28
Gujarat,KHEDA,Wheat,23
Gujarat,KHEDA,other oilseeds,2
Gujarat,MAHESANA,Arhar/Tur,23
Gujarat,MAHESANA,Bajra,46
Gujarat,MAHESANA,Castor seed,23
Gujarat,MAHESANA,Cotton(lint),23
Gujarat,MAHESANA,Dry chillies,19
Gujarat,MAHESANA,Garlic,15
Gujarat,MAHESANA,Gram,23
Gujarat,MAHESANA,Groundnut,45
Gujarat,MAHESANA,Guar seed,20
Gujarat,MAHESANA,Jowar,20
Gujarat,MAHESANA,Maize,27
Gujarat,MAHESANA,Moong(Green Gram),32
Gujarat,MAHESANA,Moth,23
Gujarat,MAHESANA,Oilseeds total,1
Gujarat,MAHESANA,Onion,24
Gujarat,MAHESANA,Other  Rabi pulses,7
Gujarat,MAHESANA,Other Cereals,27
Gujarat,MAHESANA,Other Kharif pulses,23
Gujarat,MAHESANA,Potato,23
Gujarat,MAHESANA,Ragi,1
Gujarat,MAHESANA,Rapeseed &Mustard,23
Gujarat,MAHESANA,Rice,28
Gujarat,MAHESANA,Sesamum,29
Gujarat,MAHESANA,Small millets,13
Gujarat,MAHESANA,Soyabean,1
Gujarat,MAHESANA,Tobacco,31
Gujarat,MAHESANA,Urad,24
Gujarat,MAHESANA,Wheat,23
Gujarat,MAHESANA,other oilseeds,2
Gujarat,MAHISAGAR,Arhar/Tur,6
Gujarat,MAHISAGAR,Bajra,12
Gujarat,MAHISAGAR,Castor seed,6
Gujarat,MAHISAGAR,Cotton(lint),6
Gujarat,MAHISAGAR,Dry chillies,2
Gujarat,MAHISAGAR,Garlic,6
Gujarat,MAHISAGAR,Gram,6
Gujarat,MAHISAGAR,Groundnut,12
Gujarat,MAHISAGAR,Guar seed,6
Gujarat,MAHISAGAR,Jowar,6
Gujarat,MAHISAGAR,Maize,18
Gujarat,MAHISAGAR,Moong(Green Gram),12
Gujarat,MAHISAGAR,Moth,2
Gujarat,MAHISAGAR,Onion,7
Gujarat,MAHISAGAR,Other  Rabi pulses,3
Gujarat,MAHISAGAR,Other Cereals,5
Gujarat,MAHISAGAR,Other Kharif pulses,6
Gujarat,MAHISAGAR,Potato,6
Gujarat,MAHISAGAR,Rapeseed &Mustard,6
Gujarat,MAHISAGAR,Rice,12
Gujarat,MAHISAGAR,Sesamum,7
Gujarat,MAHISAGAR,Small millets,1
Gujarat,MAHISAGAR,Soyabean,6
Gujarat,MAHISAGAR,Sugarcane,2
Gujarat,MAHISAGAR,Tobacco,8
Gujarat,MAHISAGAR,Urad,6
Gujarat,MAHISAGAR,Wheat,6
Gujarat,MORBI,Arhar/Tur,4
Gujarat,MORBI,Bajra,12
Gujarat,MORBI,Castor seed,6
Gujarat,MORBI,Cotton(lint),6
Gujarat,MORBI,Dry chillies,1
Gujarat,MORBI,Garlic,6
Gujarat,MORBI,Gram,6
Gujarat,MORBI,Groundnut,12
Gujarat,MORBI,Guar seed,6
Gujarat,MORBI,Jowar,6
Gujarat,MORBI,Maize,5
Gujarat,MORBI,Moong(Green Gram),12
Gujarat,MORBI,Moth,5
Gujarat,MORBI,Onion,10
Gujarat,MORBI,Other  Rabi pulses,1
Gujarat,MORBI,Other Kharif pulses,1
Gujarat,MORBI,Rapeseed &Mustard,6
Gujarat,MORBI,Sesamum,12
Gujarat,MORBI,Sugarcane,6
Gujarat,MORBI,Urad,8
Gujarat,MORBI,Wheat,6
Gujarat,NARMADA,Arhar/Tur,17
Gujarat,NARMADA,Bajra,30
Gujarat,NARMADA,Banana,17
Gujarat,NARMADA,Castor seed,17
Gujarat,NARMADA,Cotton(lint),17
Gujarat,NARMADA,Garlic,1
Gujarat,NARMADA,Gram,17
Gujarat,NARMADA,Groundnut,32
Gujarat,NARMADA,Guar seed,3
Gujarat,NARMADA,Jowar,34
Gujarat,NARMADA,Maize,36
Gujarat,NARMADA,Moong(Green Gram),25
Gujarat,NARMADA,Moth,7
Gujarat,NARMADA,Onion,9
Gujarat,NARMADA,Other  Rabi pulses,8
Gujarat,NARMADA,Other Cereals,12
Gujarat,NARMADA,Other Kharif pulses,6
Gujarat,NARMADA,Rapeseed &Mustard,6
Gujarat,NARMADA,Rice,19
Gujarat,NARMADA,Sesamum,21
Gujarat,NARMADA,Small millets,3
Gujarat,NARMADA,Soyabean,8
Gujarat,NARMADA,Sugarcane,17
Gujarat,NARMADA,Urad,17
Gujarat,NARMADA,Wheat,17
Gujarat,NARMADA,other oilseeds,1
Gujarat,NAVSARI,Arhar/Tur,17
Gujarat,NAVSARI,Bajra,1
Gujarat,NAVSARI,Banana,15
Gujarat,NAVSARI,Castor seed,1
Gujarat,NAVSARI,Dry chillies,14
Gujarat,NAVSARI,Garlic,11
Gujarat,NAVSARI,Gram,17
Gujarat,NAVSARI,Groundnut,32
Gujarat,NAVSARI,Guar seed,4
Gujarat,NAVSARI,Jowar,34
Gujarat,NAVSARI,Maize,10
Gujarat,NAVSARI,Moong(Green Gram),20
Gujarat,NAVSARI,Onion,21
Gujarat,NAVSARI,Other  Rabi pulses,17
Gujarat,NAVSARI,Other Cereals,5
Gujarat,NAVSARI,Other Kharif pulses,16
Gujarat,NAVSARI,Ragi,16
Gujarat,NAVSARI,Rapeseed &Mustard,13
Gujarat,NAVSARI,Rice,34
Gujarat,NAVSARI,Sesamum,2
Gujarat,NAVSARI,Small millets,1
Gujarat,NAVSARI,Sugarcane,17
Gujarat,NAVSARI,Urad,22
Gujarat,NAVSARI,Wheat,17
Gujarat,NAVSARI,other oilseeds,2
Gujarat,PANCH MAHALS,Arhar/Tur,23
Gujarat,PANCH MAHALS,Bajra,46
Gujarat,PANCH MAHALS,Banana,17
Gujarat,PANCH MAHALS,Castor seed,23
Gujarat,PANCH MAHALS,Cotton(lint),23
Gujarat,PANCH MAHALS,Dry chillies,17
Gujarat,PANCH MAHALS,Garlic,19
Gujarat,PANCH MAHALS,Gram,23
Gujarat,PANCH MAHALS,Groundnut,46
Gujarat,PANCH MAHALS,Guar seed,20
Gujarat,PANCH MAHALS,Jowar,40
Gujarat,PANCH MAHALS,Maize,42
Gujarat,PANCH MAHALS,Moong(Green Gram),33
Gujarat,PANCH MAHALS,Moth,8
Gujarat,PANCH MAHALS,Oilseeds total,1
Gujarat,PANCH MAHALS,Onion,20
Gujarat,PANCH MAHALS,Other  Rabi pulses,14
Gujarat,PANCH MAHALS,Other Cereals,24
Gujarat,PANCH MAHALS,Other Kharif pulses,19
Gujarat,PANCH MAHALS,Potato,16
Gujarat,PANCH MAHALS,Ragi,11
Gujarat,PANCH MAHALS,Rapeseed &Mustard,22
Gujarat,PANCH MAHALS,Rice,40
Gujarat,PANCH MAHALS,Sesamum,33
Gujarat,PANCH MAHALS,Small millets,11
Gujarat,PANCH MAHALS,Soyabean,10
Gujarat,PANCH MAHALS,Sugarcane,9
Gujarat,PANCH MAHALS,Tobacco,25
Gujarat,PANCH MAHALS,Urad,28
Gujarat,PANCH MAHALS,Wheat,23
Gujarat,PANCH MAHALS,other oilseeds,2
Gujarat,PATAN,Arhar/Tur,15
Gujarat,PATAN,Bajra,34
Gujarat,PATAN,Banana,1
Gujarat,PATAN,Castor seed,17
Gujarat,PATAN,Cotton(lint),17
Gujarat,PATAN,Dry chillies,15
Gujarat,PATAN,Garlic,7
Gujarat,PATAN,Gram,17
Gujarat,PATAN,Groundnut,14
Gujarat,PATAN,Guar seed,17
Gujarat,PATAN,Jowar,16
Gujarat,PATAN,Maize,4
Gujarat,PATAN,Moong(Green Gram),20
Gujarat,PATAN,Moth,17
Gujarat,PATAN,Onion,9
Gujarat,PATAN,Other  Rabi pulses,2
Gujarat,PATAN,Other Cereals,21
Gujarat,PATAN,Other Kharif pulses,17
Gujarat,PATAN,Potato,17
Gujarat,PATAN,Rapeseed &Mustard,17
Gujarat,PATAN,Rice,1
Gujarat,PATAN,Sesamum,19
Gujarat,PATAN,Small millets,3
Gujarat,PATAN,Soyabean,1
Gujarat,PATAN,Tobacco,15
Gujarat,PATAN,Urad,17
Gujarat,PATAN,Wheat,17
Gujarat,PATAN,other oilseeds,2
Gujarat,PORBANDAR,Arhar/Tur,5
Gujarat,PORBANDAR,Bajra,30
Gujarat,PORBANDAR,Castor seed,17
Gujarat,PORBANDAR,Cotton(lint),17
Gujarat,PORBANDAR,Dry chillies,3
Gujarat,PORBANDAR,Garlic,16
Gujarat,PORBANDAR,Gram,17
Gujarat,PORBANDAR,Groundnut,28
Gujarat,PORBANDAR,Guar seed,6
Gujarat,PORBANDAR,Jowar,24
Gujarat,PORBANDAR,Maize,3
Gujarat,PORBANDAR,Moong(Green Gram),24
Gujarat,PORBANDAR,Moth,1
Gujarat,PORBANDAR,Onion,17
Gujarat,PORBANDAR,Other  Rabi pulses,6
Gujarat,PORBANDAR,Other Cereals,5
Gujarat,PORBANDAR,Other Kharif pulses,3
Gujarat,PORBANDAR,Rapeseed &Mustard,6
Gujarat,PORBANDAR,Sesamum,21
Gujarat,PORBANDAR,Urad,22
Gujarat,PORBANDAR,Wheat,17
Gujarat,PORBANDAR,other oilseeds,2
Gujarat,RAJKOT,Arhar/Tur,23
Gujarat,RAJKOT,Bajra,40
Gujarat,RAJKOT,Banana,1
Gujarat,RAJKOT,Castor seed,23
Gujarat,RAJKOT,Cotton(lint),23
Gujarat,RAJKOT,Dry chillies,19
Gujarat,RAJKOT,Garlic,23
Gujarat,RAJKOT,Gram,23
Gujarat,RAJKOT,Groundnut,45
Gujarat,RAJKOT,Guar seed,6
Gujarat,RAJKOT,Jowar,24
Gujarat,RAJKOT,Maize,29
Gujarat,RAJKOT,Moong(Green Gram),33
Gujarat,RAJKOT,Moth,23
Gujarat,RAJKOT,Oilseeds total,1
Gujarat,RAJKOT,Onion,32
Gujarat,RAJKOT,Other  Rabi pulses,4
Gujarat,RAJKOT,Other Cereals,8
Gujarat,RAJKOT,Other Kharif pulses,23
Gujarat,RAJKOT,Potato,1
Gujarat,RAJKOT,Rapeseed &Mustard,21
Gujarat,RAJKOT,Sesamum,33
Gujarat,RAJKOT,Small millets,1
Gujarat,RAJKOT,Soyabean,6
Gujarat,RAJKOT,Sugarcane,20
Gujarat,RAJKOT,Urad,31
Gujarat,RAJKOT,Wheat,23
Gujarat,RAJKOT,other oilseeds,1
Gujarat,SABAR KANTHA,Arhar/Tur,23
Gujarat,SABAR KANTHA,Bajra,46
Gujarat,SABAR KANTHA,Banana,3
Gujarat,SABAR KANTHA,Castor seed,23
Gujarat,SABAR KANTHA,Cotton(lint),23
Gujarat,SABAR KANTHA,Dry chillies,14
Gujarat,SABAR KANTHA,Garlic,18
Gujarat,SABAR KANTHA,Gram,23
Gujarat,SABAR KANTHA,Groundnut,46
Gujarat,SABAR KANTHA,Guar seed,20
Gujarat,SABAR KANTHA,Jowar,14
Gujarat,SABAR KANTHA,Maize,40
Gujarat,SABAR KANTHA,Moong(Green Gram),33
Gujarat,SABAR KANTHA,Moth,18
Gujarat,SABAR KANTHA,Oilseeds total,1
Gujarat,SABAR KANTHA,Onion,22
Gujarat,SABAR KANTHA,Other Cereals,13
Gujarat,SABAR KANTHA,Other Kharif pulses,18
Gujarat,SABAR KANTHA,Potato,23
Gujarat,SABAR KANTHA,Rapeseed &Mustard,23
Gujarat,SABAR KANTHA,Rice,23
Gujarat,SABAR KANTHA,Sesamum,31
Gujarat,SABAR KANTHA,Small millets,1
Gujarat,SABAR KANTHA,Soyabean,7
Gujarat,SABAR KANTHA,Sugarcane,6
Gujarat,SABAR KANTHA,Tobacco,16
Gujarat,SABAR KANTHA,Urad,28
Gujarat,SABAR KANTHA,Wheat,23
Gujarat,SURAT,Arhar/Tur,23
Gujarat,SURAT,Bajra,26
Gujarat,SURAT,Banana,22
Gujarat,SURAT,Castor seed,23
Gujarat,SURAT,Cotton(lint),23
Gujarat,SURAT,Dry chillies,19
Gujarat,SURAT,Garlic,14
Gujarat,SURAT,Gram,23
Gujarat,SURAT,Groundnut,46
Gujarat,SURAT,Guar seed,10
Gujarat,SURAT,Jowar,46
Gujarat,SURAT,Maize,39
Gujarat,SURAT,Moong(Green Gram),32
Gujarat,SURAT,Moth,9
Gujarat,SURAT,Oilseeds total,1
Gujarat,SURAT,Onion,30
Gujarat,SURAT,Other  Rabi pulses,23
Gujarat,SURAT,Other Cereals,18
Gujarat,SURAT,Other Kharif pulses,23
Gujarat,SURAT,Potato,2
Gujarat,SURAT,Ragi,5
Gujarat,SURAT,Rapeseed &Mustard,15
Gujarat,SURAT,Rice,43
Gujarat,SURAT,Sesamum,27
Gujarat,SURAT,Small millets,6
Gujarat,SURAT,Soyabean,9
Gujarat,SURAT,Sugarcane,23
Gujarat,SURAT,Tobacco,1
Gujarat,SURAT,Urad,30
Gujarat,SURAT,Wheat,23
Gujarat,SURAT,other oilseeds,1
Gujarat,SURENDRANAGAR,Arhar/Tur,16
Gujarat,SURENDRANAGAR,Bajra,46
Gujarat,SURENDRANAGAR,Banana,1
Gujarat,SURENDRANAGAR,Castor seed,23
Gujarat,SURENDRANAGAR,Cotton(lint),23
Gujarat,SURENDRANAGAR,Dry chillies,20
Gujarat,SURENDRANAGAR,Garlic,18
Gujarat,SURENDRANAGAR,Gram,23
Gujarat,SURENDRANAGAR,Groundnut,46
Gujarat,SURENDRANAGAR,Guar seed,8
Gujarat,SURENDRANAGAR,Jowar,20
Gujarat,SURENDRANAGAR,Maize,6
Gujarat,SURENDRANAGAR,Moong(Green Gram),31
Gujarat,SURENDRANAGAR,Moth,23
Gujarat,SURENDRANAGAR,Oilseeds total,1
Gujarat,SURENDRANAGAR,Onion,28
Gujarat,SURENDRANAGAR,Other  Rabi pulses,4
Gujarat,SURENDRANAGAR,Other Cereals,6
Gujarat,SURENDRANAGAR,Other Kharif pulses,12
Gujarat,SURENDRANAGAR,Potato,7
Gujarat,SURENDRANAGAR,Rapeseed &Mustard,23
Gujarat,SURENDRANAGAR,Rice,20
Gujarat,SURENDRANAGAR,Sesamum,33
Gujarat,SURENDRANAGAR,Small millets,3
Gujarat,SURENDRANAGAR,Sugarcane,16
Gujarat,SURENDRANAGAR,Tobacco,1
Gujarat,SURENDRANAGAR,Urad,23
Gujarat,SURENDRANAGAR,Wheat,23
Gujarat,SURENDRANAGAR,other oilseeds,2
Gujarat,TAPI,Arhar/Tur,12
Gujarat,TAPI,Bajra,8
Gujarat,TAPI,Banana,6
Gujarat,TAPI,Castor seed,11
Gujarat,TAPI,Cotton(lint),12
Gujarat,TAPI,Dry chillies,6
Gujarat,TAPI,Garlic,4
Gujarat,TAPI,Gram,12
Gujarat,TAPI,Groundnut,24
Gujarat,TAPI,Jowar,24
Gujarat,TAPI,Maize,25
Gujarat,TAPI,Moong(Green Gram),22
Gujarat,TAPI,Moth,2
Gujarat,TAPI,Onion,8
Gujarat,TAPI,Other  Rabi pulses,12
Gujarat,TAPI,Other Cereals,12
Gujarat,TAPI,Other Kharif pulses,12
Gujarat,TAPI,Rice,24
Gujarat,TAPI,Sesamum,6
Gujarat,TAPI,Soyabean,10
Gujarat,TAPI,Sugarcane,12
Gujarat,TAPI,Urad,16
Gujarat,TAPI,Wheat,12
Gujarat,TAPI,other oilseeds,1
Gujarat,VADODARA,Arhar/Tur,23
Gujarat,VADODARA,Bajra,46
Gujarat,VADODARA,Banana,22
Gujarat,VADODARA,Castor seed,23
Gujarat,VADODARA,Cotton(lint),23
Gujarat,VADODARA,Dry chillies,19
Gujarat,VADODARA,Garlic,11
Gujarat,VADODARA,Gram,23
Gujarat,VADODARA,Groundnut,42
Gujarat,VADODARA,Guar seed,19
Gujarat,VADODARA,Jowar,40
Gujarat,VADODARA,Maize,41
Gujarat,VADODARA,Moong(Green Gram),33
Gujarat,VADODARA,Moth,20
Gujarat,VADODARA,Oilseeds total,1
Gujarat,VADODARA,Onion,27
Gujarat,VADODARA,Other  Rabi pulses,18
Gujarat,VADODARA,Other Cereals,17
Gujarat,VADODARA,Other Kharif pulses,23
Gujarat,VADODARA,Potato,23
Gujarat,VADODARA,Ragi,2
Gujarat,VADODARA,Rapeseed &Mustard,23
Gujarat,VADODARA,Rice,27
Gujarat,VADODARA,Sesamum,30
Gujarat,VADODARA,Small millets,8
Gujarat,VADODARA,Soyabean,10
Gujarat,VADODARA,Sugarcane,23
Gujarat,VADODARA,Tobacco,31
Gujarat,VADODARA,Urad,28
Gujarat,VADODARA,Wheat,23
Gujarat,VALSAD,Arhar/Tur,23
Gujarat,VALSAD,Bajra,1
Gujarat,VALSAD,Banana,12
Gujarat,VALSAD,Dry chillies,17
Gujarat,VALSAD,Garlic,4
Gujarat,VALSAD,Gram,23
Gujarat,VALSAD,Groundnut,31
Gujarat,VALSAD,Jowar,38
Gujarat,VALSAD,Maize,11
Gujarat,VALSAD,Moong(Green Gram),25
Gujarat,VALSAD,Moth,2
Gujarat,VALSAD,Oilseeds total,1
Gujarat,VALSAD,Onion,17
Gujarat,VALSAD,Other  Rabi pulses,22
Gujarat,VALSAD,Other Cereals,14
Gujarat,VALSAD,Other Kharif pulses,18
Gujarat,VALSAD,Ragi,23
Gujarat,VALSAD,Rapeseed &Mustard,2
Gujarat,VALSAD,Rice,43
Gujarat,VALSAD,Sesamum,4
Gujarat,VALSAD,Small millets,9
Gujarat,VALSAD,Sugarcane,23
Gujarat,VALSAD,Urad,24
Gujarat,VALSAD,Wheat,15
Gujarat,VALSAD,other oilseeds,2
Haryana,AMBALA,Arhar/Tur,8
Haryana,AMBALA,Bajra,9
Haryana,AMBALA,Barley,6
Haryana,AMBALA,Coriander,6
Haryana,AMBALA,Cotton(lint),4
Haryana,AMBALA,Dry chillies,12
Haryana,AMBALA,Garlic,14
Haryana,AMBALA,Ginger,3
Haryana,AMBALA,Gram,6
Haryana,AMBALA,Groundnut,5
Haryana,AMBALA,Horse-gram,2
Haryana,AMBALA,Jowar,2
Haryana,AMBALA,Maize,21
Haryana,AMBALA,Masoor,22
Haryana,AMBALA,Moong(Green Gram),3
Haryana,AMBALA,Moth,1
Haryana,AMBALA,Onion,21
Haryana,AMBALA,Other  Rabi pulses,1
Haryana,AMBALA,Other Kharif pulses,1
Haryana,AMBALA,Peas & beans (Pulses),16
Haryana,AMBALA,Potato,22
Haryana,AMBALA,Rapeseed &Mustard,20
Haryana,AMBALA,Rice,23
Haryana,AMBALA,Sesamum,7
Haryana,AMBALA,Sugarcane,23
Haryana,AMBALA,Sunflower,21
Haryana,AMBALA,Sweet potato,1
Haryana,AMBALA,Turmeric,9
Haryana,AMBALA,Urad,21
Haryana,AMBALA,Wheat,23
Haryana,AMBALA,other oilseeds,4
Haryana,BHIWANI,Arhar/Tur,21
Haryana,BHIWANI,Bajra,23
Haryana,BHIWANI,Barley,23
Haryana,BHIWANI,Castor seed,5
Haryana,BHIWANI,Coriander,6
Haryana,BHIWANI,Cotton(lint),23
Haryana,BHIWANI,Dry chillies,9
Haryana,BHIWANI,Garlic,10
Haryana,BHIWANI,Gram,23
Haryana,BHIWANI,Groundnut,13
Haryana,BHIWANI,Guar seed,4
Haryana,BHIWANI,Horse-gram,2
Haryana,BHIWANI,Jowar,18
Haryana,BHIWANI,Maize,7
Haryana,BHIWANI,Masoor,4
Haryana,BHIWANI,Moong(Green Gram),22
Haryana,BHIWANI,Moth,18
Haryana,BHIWANI,Onion,14
Haryana,BHIWANI,Other Kharif pulses,2
Haryana,BHIWANI,Peas & beans (Pulses),12
Haryana,BHIWANI,Potato,11
Haryana,BHIWANI,Rapeseed &Mustard,21
Haryana,BHIWANI,Rice,23
Haryana,BHIWANI,Sannhamp,6
Haryana,BHIWANI,Sesamum,20
Haryana,BHIWANI,Sugarcane,23
Haryana,BHIWANI,Turmeric,1
Haryana,BHIWANI,Urad,4
Haryana,BHIWANI,Wheat,23
Haryana,BHIWANI,other oilseeds,1
Haryana,CHARKI DADRI,Arhar/Tur,4
Haryana,CHARKI DADRI,Bajra,3
Haryana,CHARKI DADRI,Barley,3
Haryana,CHARKI DADRI,Castor seed,2
Haryana,CHARKI DADRI,Coriander,2
Haryana,CHARKI DADRI,Cotton(lint),3
Haryana,CHARKI DADRI,Garlic,2
Haryana,CHARKI DADRI,Gram,3
Haryana,CHARKI DADRI,Groundnut,1
Haryana,CHARKI DADRI,Guar seed,3
Haryana,CHARKI DADRI,Jowar,2
Haryana,CHARKI DADRI,Maize,1
Haryana,CHARKI DADRI,Moong(Green Gram),3
Haryana,CHARKI DADRI,Moth,2
Haryana,CHARKI DADRI,Onion,2
Haryana,CHARKI DADRI,Peas & beans (Pulses),2
Haryana,CHARKI DADRI,Potato,2
Haryana,CHARKI DADRI,Rapeseed &Mustard,3
Haryana,CHARKI DADRI,Rice,3
Haryana,CHARKI DADRI,Sesamum,2
Haryana,CHARKI DADRI,Sugarcane,3
Haryana,CHARKI DADRI,Wheat,3
Haryana,FARIDABAD,Arhar/Tur,19
Haryana,FARIDABAD,Bajra,23
Haryana,FARIDABAD,Banana,2
Haryana,FARIDABAD,Barley,15
Haryana,FARIDABAD,Coriander,7
Haryana,FARIDABAD,Cotton(lint),8
Haryana,FARIDABAD,Dry chillies,3
Haryana,FARIDABAD,Garlic,8
Haryana,FARIDABAD,Gram,5
Haryana,FARIDABAD,Groundnut,2
Haryana,FARIDABAD,Guar seed,2
Haryana,FARIDABAD,Horse-gram,4
Haryana,FARIDABAD,Jowar,23
Haryana,FARIDABAD,Maize,7
Haryana,FARIDABAD,Masoor,7
Haryana,FARIDABAD,Moong(Green Gram),13
Haryana,FARIDABAD,Moth,3
Haryana,FARIDABAD,Onion,9
Haryana,FARIDABAD,Other  Rabi pulses,1
Haryana,FARIDABAD,Other Kharif pulses,3
Haryana,FARIDABAD,Peas & beans (Pulses),14
Haryana,FARIDABAD,Potato,18
Haryana,FARIDABAD,Rapeseed &Mustard,19
Haryana,FARIDABAD,Rice,23
Haryana,FARIDABAD,Sannhamp,2
Haryana,FARIDABAD,Sesamum,12
Haryana,FARIDABAD,Sugarcane,21
Haryana,FARIDABAD,Sweet potato,5
Haryana,FARIDABAD,Urad,4
Haryana,FARIDABAD,Wheat,23
Haryana,FATEHABAD,Arhar/Tur,9
Haryana,FATEHABAD,Bajra,23
Haryana,FATEHABAD,Barley,23
Haryana,FATEHABAD,Castor seed,10
Haryana,FATEHABAD,Coriander,5
Haryana,FATEHABAD,Cotton(lint),23
Haryana,FATEHABAD,Dry chillies,10
Haryana,FATEHABAD,Garlic,14
Haryana,FATEHABAD,Gram,20
Haryana,FATEHABAD,Groundnut,19
Haryana,FATEHABAD,Guar seed,4
Haryana,FATEHABAD,Maize,5
Haryana,FATEHABAD,Masoor,5
Haryana,FATEHABAD,Moong(Green Gram),22
Haryana,FATEHABAD,Moth,12
Haryana,FATEHABAD,Onion,14
Haryana,FATEHABAD,Other Kharif pulses,1
Haryana,FATEHABAD,Peas & beans (Pulses),25
Haryana,FATEHABAD,Potato,22
Haryana,FATEHABAD,Rapeseed &Mustard,21
Haryana,FATEHABAD,Rice,23
Haryana,FATEHABAD,Sannhamp,1
Haryana,FATEHABAD,Sesamum,12
Haryana,FATEHABAD,Sugarcane,15
Haryana,FATEHABAD,Turmeric,6
Haryana,FATEHABAD,Urad,2
Haryana,FATEHABAD,Wheat,23
Haryana,FATEHABAD,other oilseeds,1
Haryana,GURGAON,Arhar/Tur,20
Haryana,GURGAON,Bajra,23
Haryana,GURGAON,Barley,23
Haryana,GURGAON,Castor seed,1
Haryana,GURGAON,Coriander,7
Haryana,GURGAON,Cotton(lint),9
Haryana,GURGAON,Dry chillies,6
Haryana,GURGAON,Garlic,7
Haryana,GURGAON,Gram,8
Haryana,GURGAON,Groundnut,9
Haryana,GURGAON,Guar seed,4
Haryana,GURGAON,Jowar,22
Haryana,GURGAON,Maize,6
Haryana,GURGAON,Masoor,7
Haryana,GURGAON,Moong(Green Gram),8
Haryana,GURGAON,Moth,1
Haryana,GURGAON,Onion,19
Haryana,GURGAON,Other  Rabi pulses,1
Haryana,GURGAON,Other Kharif pulses,1
Haryana,GURGAON,Peas & beans (Pulses),11
Haryana,GURGAON,Potato,14
Haryana,GURGAON,Rapeseed &Mustard,21
Haryana,GURGAON,Rice,23
Haryana,GURGAON,Sannhamp,3
Haryana,GURGAON,Sesamum,21
Haryana,GURGAON,Sugarcane,7
Haryana,GURGAON,Sweet potato,10
Haryana,GURGAON,Urad,5
Haryana,GURGAON,Wheat,23
Haryana,HISAR,Arhar/Tur,17
Haryana,HISAR,Bajra,23
Haryana,HISAR,Barley,23
Haryana,HISAR,Castor seed,14
Haryana,HISAR,Coriander,6
Haryana,HISAR,Cotton(lint),23
Haryana,HISAR,Dry chillies,13
Haryana,HISAR,Garlic,8
Haryana,HISAR,Gram,23
Haryana,HISAR,Groundnut,21
Haryana,HISAR,Guar seed,4
Haryana,HISAR,Horse-gram,1
Haryana,HISAR,Jowar,4
Haryana,HISAR,Maize,8
Haryana,HISAR,Masoor,9
Haryana,HISAR,Moong(Green Gram),22
Haryana,HISAR,Moth,13
Haryana,HISAR,Onion,11
Haryana,HISAR,Other  Rabi pulses,1
Haryana,HISAR,Other Kharif pulses,1
Haryana,HISAR,Peas & beans (Pulses),15
Haryana,HISAR,Potato,22
Haryana,HISAR,Rapeseed &Mustard,21
Haryana,HISAR,Rice,23
Haryana,HISAR,Sannhamp,4
Haryana,HISAR,Sesamum,19
Haryana,HISAR,Sugarcane,23
Haryana,HISAR,Sunflower,1
Haryana,HISAR,Sweet potato,2
Haryana,HISAR,Turmeric,2
Haryana,HISAR,Urad,7
Haryana,HISAR,Wheat,23
Haryana,HISAR,other oilseeds,1
Haryana,JHAJJAR,Arhar/Tur,21
Haryana,JHAJJAR,Bajra,23
Haryana,JHAJJAR,Banana,1
Haryana,JHAJJAR,Barley,23
Haryana,JHAJJAR,Castor seed,1
Haryana,JHAJJAR,Coriander,6
Haryana,JHAJJAR,Cotton(lint),23
Haryana,JHAJJAR,Garlic,6
Haryana,JHAJJAR,Gram,20
Haryana,JHAJJAR,Groundnut,18
Haryana,JHAJJAR,Guar seed,4
Haryana,JHAJJAR,Jowar,23
Haryana,JHAJJAR,Maize,10
Haryana,JHAJJAR,Masoor,1
Haryana,JHAJJAR,Moong(Green Gram),7
Haryana,JHAJJAR,Onion,16
Haryana,JHAJJAR,Other  Rabi pulses,1
Haryana,JHAJJAR,Other Kharif pulses,1
Haryana,JHAJJAR,Peas & beans (Pulses),18
Haryana,JHAJJAR,Potato,15
Haryana,JHAJJAR,Rapeseed &Mustard,21
Haryana,JHAJJAR,Rice,23
Haryana,JHAJJAR,Sannhamp,6
Haryana,JHAJJAR,Sesamum,10
Haryana,JHAJJAR,Sugarcane,23
Haryana,JHAJJAR,Wheat,23
Haryana,JIND,Arhar/Tur,17
Haryana,JIND,Bajra,23
Haryana,JIND,Barley,23
Haryana,JIND,Coriander,7
Haryana,JIND,Cotton(lint),23
Haryana,JIND,Dry chillies,7
Haryana,JIND,Garlic,7
Haryana,JIND,Gram,13
Haryana,JIND,Guar seed,4
Haryana,JIND,Jowar,7
Haryana,JIND,Maize,7
Haryana,JIND,Masoor,9
Haryana,JIND,Moong(Green Gram),10
Haryana,JIND,Moth,1
Haryana,JIND,Onion,11
Haryana,JIND,Other  Rabi pulses,1
Haryana,JIND,Other Kharif pulses,1
Haryana,JIND,Peas & beans (Pulses),11
Haryana,JIND,Potato,12
Haryana,JIND,Rapeseed &Mustard,21
Haryana,JIND,Rice,23
Haryana,JIND,Sannhamp,5
Haryana,JIND,Sesamum,11
Haryana,JIND,Sugarcane,23
Haryana,JIND,Sunflower,2
Haryana,JIND,Turmeric,7
Haryana,JIND,Urad,3
Haryana,JIND,Wheat,23
Haryana,KAITHAL,Arhar/Tur,8
Haryana,KAITHAL,Bajra,23
Haryana,KAITHAL,Barley,5
Haryana,KAITHAL,Coriander,8
Haryana,KAITHAL,Cotton(lint),23
Haryana,KAITHAL,Dry chillies,10
Haryana,KAITHAL,Garlic,13
Haryana,KAITHAL,Gram,7
Haryana,KAITHAL,Guar seed,1
Haryana,KAITHAL,Jowar,4
Haryana,KAITHAL,Maize,7
Haryana,KAITHAL,Masoor,18
Haryana,KAITHAL,Moong(Green Gram),8
Haryana,KAITHAL,Onion,17
Haryana,KAITHAL,Other  Rabi pulses,1
Haryana,KAITHAL,Other Kharif pulses,1
Haryana,KAITHAL,Peas & beans (Pulses),14
Haryana,KAITHAL,Potato,22
Haryana,KAITHAL,Rapeseed &Mustard,21
Haryana,KAITHAL,Rice,23
Haryana,KAITHAL,Sannhamp,1
Haryana,KAITHAL,Sesamum,10
Haryana,KAITHAL,Sugarcane,23
Haryana,KAITHAL,Sunflower,7
Haryana,KAITHAL,Sweet potato,1
Haryana,KAITHAL,Turmeric,7
Haryana,KAITHAL,Urad,5
Haryana,KAITHAL,Wheat,23
Haryana,KARNAL,Arhar/Tur,21
Haryana,KARNAL,Bajra,22
Haryana,KARNAL,Barley,7
Haryana,KARNAL,Coriander,10
Haryana,KARNAL,Cotton(lint),4
Haryana,KARNAL,Dry chillies,13
Haryana,KARNAL,Garlic,16
Haryana,KARNAL,Gram,11
Haryana,KARNAL,Groundnut,3
Haryana,KARNAL,Guar seed,3
Haryana,KARNAL,Horse-gram,3
Haryana,KARNAL,Jowar,4
Haryana,KARNAL,Maize,14
Haryana,KARNAL,Masoor,22
Haryana,KARNAL,Moong(Green Gram),8
Haryana,KARNAL,Moth,3
Haryana,KARNAL,Onion,15
Haryana,KARNAL,Other  Rabi pulses,1
Haryana,KARNAL,Other Kharif pulses,3
Haryana,KARNAL,Peas & beans (Pulses),29
Haryana,KARNAL,Potato,22
Haryana,KARNAL,Rapeseed &Mustard,20
Haryana,KARNAL,Rice,23
Haryana,KARNAL,Sannhamp,1
Haryana,KARNAL,Sesamum,9
Haryana,KARNAL,Sugarcane,23
Haryana,KARNAL,Sunflower,4
Haryana,KARNAL,Sweet potato,7
Haryana,KARNAL,Turmeric,10
Haryana,KARNAL,Urad,13
Haryana,KARNAL,Wheat,23
Haryana,KARNAL,other oilseeds,1
Haryana,KURUKSHETRA,Arhar/Tur,6
Haryana,KURUKSHETRA,Bajra,5
Haryana,KURUKSHETRA,Banana,2
Haryana,KURUKSHETRA,Barley,6
Haryana,KURUKSHETRA,Coriander,5
Haryana,KURUKSHETRA,Cotton(lint),4
Haryana,KURUKSHETRA,Dry chillies,13
Haryana,KURUKSHETRA,Garlic,9
Haryana,KURUKSHETRA,Gram,6
Haryana,KURUKSHETRA,Jowar,2
Haryana,KURUKSHETRA,Maize,14
Haryana,KURUKSHETRA,Masoor,22
Haryana,KURUKSHETRA,Moong(Green Gram),15
Haryana,KURUKSHETRA,Moth,1
Haryana,KURUKSHETRA,Onion,20
Haryana,KURUKSHETRA,Other  Rabi pulses,1
Haryana,KURUKSHETRA,Other Kharif pulses,1
Haryana,KURUKSHETRA,Peas & beans (Pulses),23
Haryana,KURUKSHETRA,Potato,22
Haryana,KURUKSHETRA,Rapeseed &Mustard,19
Haryana,KURUKSHETRA,Rice,23
Haryana,KURUKSHETRA,Sesamum,2
Haryana,KURUKSHETRA,Sugarcane,23
Haryana,KURUKSHETRA,Sunflower,21
Haryana,KURUKSHETRA,Sweet potato,1
Haryana,KURUKSHETRA,Turmeric,8
Haryana,KURUKSHETRA,Urad,18
Haryana,KURUKSHETRA,Wheat,23
Haryana,KURUKSHETRA,other oilseeds,4
Haryana,MAHENDRAGARH,Arhar/Tur,17
Haryana,MAHENDRAGARH,Bajra,23
Haryana,MAHENDRAGARH,Barley,20
Haryana,MAHENDRAGARH,Castor seed,3
Haryana,MAHENDRAGARH,Coriander,7
Haryana,MAHENDRAGARH,Cotton(lint),23
Haryana,MAHENDRAGARH,Dry chillies,4
Haryana,MAHENDRAGARH,Garlic,7
Haryana,MAHENDRAGARH,Gram,23
Haryana,MAHENDRAGARH,Groundnut,14
Haryana,MAHENDRAGARH,Guar seed,4
Haryana,MAHENDRAGARH,Horse-gram,1
Haryana,MAHENDRAGARH,Jowar,9
Haryana,MAHENDRAGARH,Maize,3
Haryana,MAHENDRAGARH,Masoor,2
Haryana,MAHENDRAGARH,Moong(Green Gram),17
Haryana,MAHENDRAGARH,Moth,3
Haryana,MAHENDRAGARH,Onion,16
Haryana,MAHENDRAGARH,Other Kharif pulses,1
Haryana,MAHENDRAGARH,Peas & beans (Pulses),19
Haryana,MAHENDRAGARH,Potato,11
Haryana,MAHENDRAGARH,Rapeseed &Mustard,21
Haryana,MAHENDRAGARH,Sannhamp,2
Haryana,MAHENDRAGARH,Sesamum,6
Haryana,MAHENDRAGARH,Sugarcane,2
Haryana,MAHENDRAGARH,Sweet potato,1
Haryana,MAHENDRAGARH,Urad,1
Haryana,MAHENDRAGARH,Wheat,23
Haryana,MAHENDRAGARH,other oilseeds,2
Haryana,MEWAT,Arhar/Tur,13
Haryana,MEWAT,Bajra,15
Haryana,MEWAT,Barley,15
Haryana,MEWAT,Castor seed,2
Haryana,MEWAT,Coriander,7
Haryana,MEWAT,Cotton(lint),6
Haryana,MEWAT,Dry chillies,1
Haryana,MEWAT,Garlic,7
Haryana,MEWAT,Gram,12
Haryana,MEWAT,Groundnut,1
Haryana,MEWAT,Guar seed,4
Haryana,MEWAT,Horse-gram,1
Haryana,MEWAT,Jowar,15
Haryana,MEWAT,Maize,1
Haryana,MEWAT,Masoor,15
Haryana,MEWAT,Moong(Green Gram),4
Haryana,MEWAT,Moth,1
Haryana,MEWAT,Onion,13
Haryana,MEWAT,Peas & beans (Pulses),7
Haryana,MEWAT,Potato,6
Haryana,MEWAT,Rapeseed &Mustard,14
Haryana,MEWAT,Rice,15
Haryana,MEWAT,Sesamum,11
Haryana,MEWAT,Sugarcane,10
Haryana,MEWAT,Urad,1
Haryana,MEWAT,Wheat,15
Haryana,PALWAL,Arhar/Tur,12
Haryana,PALWAL,Bajra,12
Haryana,PALWAL,Barley,12
Haryana,PALWAL,Coriander,6
Haryana,PALWAL,Cotton(lint),8
Haryana,PALWAL,Garlic,6
Haryana,PALWAL,Jowar,12
Haryana,PALWAL,Maize,2
Haryana,PALWAL,Masoor,3
Haryana,PALWAL,Moong(Green Gram),7
Haryana,PALWAL,Onion,7
Haryana,PALWAL,Peas & beans (Pulses),7
Haryana,PALWAL,Potato,9
Haryana,PALWAL,Rapeseed &Mustard,11
Haryana,PALWAL,Rice,12
Haryana,PALWAL,Sesamum,9
Haryana,PALWAL,Sugarcane,12
Haryana,PALWAL,Turmeric,2
Haryana,PALWAL,Urad,1
Haryana,PALWAL,Wheat,12
Haryana,PANCHKULA,Arhar/Tur,12
Haryana,PANCHKULA,Bajra,21
Haryana,PANCHKULA,Barley,6
Haryana,PANCHKULA,Coriander,8
Haryana,PANCHKULA,Cotton(lint),3
Haryana,PANCHKULA,Dry chillies,12
Haryana,PANCHKULA,Garlic,12
Haryana,PANCHKULA,Ginger,9
Haryana,PANCHKULA,Gram,14
Haryana,PANCHKULA,Groundnut,9
Haryana,PANCHKULA,Guar seed,2
Haryana,PANCHKULA,Horse-gram,19
Haryana,PANCHKULA,Jowar,2
Haryana,PANCHKULA,Maize,23
Haryana,PANCHKULA,Masoor,21
Haryana,PANCHKULA,Moong(Green Gram),4
Haryana,PANCHKULA,Onion,19
Haryana,PANCHKULA,Other  Rabi pulses,1
Haryana,PANCHKULA,Other Kharif pulses,2
Haryana,PANCHKULA,Peas & beans (Pulses),14
Haryana,PANCHKULA,Potato,22
Haryana,PANCHKULA,Rapeseed &Mustard,18
Haryana,PANCHKULA,Rice,23
Haryana,PANCHKULA,Sesamum,9
Haryana,PANCHKULA,Sugarcane,18
Haryana,PANCHKULA,Sunflower,12
Haryana,PANCHKULA,Turmeric,9
Haryana,PANCHKULA,Urad,21
Haryana,PANCHKULA,Wheat,23
Haryana,PANCHKULA,other oilseeds,7
Haryana,PANIPAT,Arhar/Tur,20
Haryana,PANIPAT,Bajra,16
Haryana,PANIPAT,Banana,1
Haryana,PANIPAT,Barley,6
Haryana,PANIPAT,Coriander,11
Haryana,PANIPAT,Cotton(lint),5
Haryana,PANIPAT,Dry chillies,12
Haryana,PANIPAT,Garlic,11
Haryana,PANIPAT,Gram,8
Haryana,PANIPAT,Groundnut,1
Haryana,PANIPAT,Guar seed,2
Haryana,PANIPAT,Jowar,6
Haryana,PANIPAT,Maize,6
Haryana,PANIPAT,Masoor,15
Haryana,PANIPAT,Moong(Green Gram),4
Haryana,PANIPAT,Moth,1
Haryana,PANIPAT,Onion,22
Haryana,PANIPAT,Other  Rabi pulses,1
Haryana,PANIPAT,Other Kharif pulses,2
Haryana,PANIPAT,Peas & beans (Pulses),25
Haryana,PANIPAT,Potato,22
Haryana,PANIPAT,Rapeseed &Mustard,21
Haryana,PANIPAT,Rice,23
Haryana,PANIPAT,Sannhamp,2
Haryana,PANIPAT,Sesamum,2
Haryana,PANIPAT,Sugarcane,23
Haryana,PANIPAT,Sunflower,2
Haryana,PANIPAT,Sweet potato,12
Haryana,PANIPAT,Turmeric,9
Haryana,PANIPAT,Urad,6
Haryana,PANIPAT,Wheat,23
Haryana,REWARI,Arhar/Tur,21
Haryana,REWARI,Bajra,23
Haryana,REWARI,Barley,22
Haryana,REWARI,Castor seed,2
Haryana,REWARI,Coriander,7
Haryana,REWARI,Cotton(lint),23
Haryana,REWARI,Dry chillies,5
Haryana,REWARI,Garlic,7
Haryana,REWARI,Gram,9
Haryana,REWARI,Groundnut,15
Haryana,REWARI,Guar seed,4
Haryana,REWARI,Jowar,17
Haryana,REWARI,Maize,2
Haryana,REWARI,Moong(Green Gram),7
Haryana,REWARI,Moth,3
Haryana,REWARI,Onion,22
Haryana,REWARI,Other Kharif pulses,1
Haryana,REWARI,Peas & beans (Pulses),17
Haryana,REWARI,Potato,12
Haryana,REWARI,Rapeseed &Mustard,21
Haryana,REWARI,Rice,22
Haryana,REWARI,Sannhamp,4
Haryana,REWARI,Sesamum,17
Haryana,REWARI,Sugarcane,4
Haryana,REWARI,Sunflower,1
Haryana,REWARI,Sweet potato,5
Haryana,REWARI,Urad,2
Haryana,REWARI,Wheat,23
Haryana,REWARI,other oilseeds,1
Haryana,ROHTAK,Arhar/Tur,21
Haryana,ROHTAK,Bajra,23
Haryana,ROHTAK,Barley,23
Haryana,ROHTAK,Castor seed,1
Haryana,ROHTAK,Coriander,5
Haryana,ROHTAK,Cotton(lint),23
Haryana,ROHTAK,Dry chillies,2
Haryana,ROHTAK,Garlic,6
Haryana,ROHTAK,Gram,21
Haryana,ROHTAK,Guar seed,4
Haryana,ROHTAK,Horse-gram,1
Haryana,ROHTAK,Jowar,23
Haryana,ROHTAK,Maize,15
Haryana,ROHTAK,Masoor,3
Haryana,ROHTAK,Moong(Green Gram),6
Haryana,ROHTAK,Moth,2
Haryana,ROHTAK,Onion,16
Haryana,ROHTAK,Other  Rabi pulses,1
Haryana,ROHTAK,Other Kharif pulses,1
Haryana,ROHTAK,Peas & beans (Pulses),9
Haryana,ROHTAK,Potato,14
Haryana,ROHTAK,Rapeseed &Mustard,21
Haryana,ROHTAK,Rice,23
Haryana,ROHTAK,Sannhamp,9
Haryana,ROHTAK,Sesamum,8
Haryana,ROHTAK,Sugarcane,23
Haryana,ROHTAK,Sunflower,1
Haryana,ROHTAK,Sweet potato,1
Haryana,ROHTAK,Urad,3
Haryana,ROHTAK,Wheat,23
Haryana,SIRSA,Arhar/Tur,10
Haryana,SIRSA,Bajra,23
Haryana,SIRSA,Barley,23
Haryana,SIRSA,Castor seed,14
Haryana,SIRSA,Coriander,7
Haryana,SIRSA,Cotton(lint),23
Haryana,SIRSA,Dry chillies,9
Haryana,SIRSA,Garlic,15
Haryana,SIRSA,Gram,23
Haryana,SIRSA,Groundnut,22
Haryana,SIRSA,Guar seed,4
Haryana,SIRSA,Jowar,1
Haryana,SIRSA,Maize,7
Haryana,SIRSA,Masoor,6
Haryana,SIRSA,Moong(Green Gram),22
Haryana,SIRSA,Moth,18
Haryana,SIRSA,Onion,16
Haryana,SIRSA,Other Kharif pulses,1
Haryana,SIRSA,Peas & beans (Pulses),11
Haryana,SIRSA,Potato,20
Haryana,SIRSA,Rapeseed &Mustard,21
Haryana,SIRSA,Rice,23
Haryana,SIRSA,Sannhamp,2
Haryana,SIRSA,Sesamum,18
Haryana,SIRSA,Sugarcane,8
Haryana,SIRSA,Turmeric,1
Haryana,SIRSA,Urad,1
Haryana,SIRSA,Wheat,23
Haryana,SIRSA,other oilseeds,1
Haryana,SONIPAT,Arhar/Tur,22
Haryana,SONIPAT,Bajra,23
Haryana,SONIPAT,Banana,2
Haryana,SONIPAT,Barley,8
Haryana,SONIPAT,Coriander,7
Haryana,SONIPAT,Cotton(lint),21
Haryana,SONIPAT,Dry chillies,13
Haryana,SONIPAT,Garlic,6
Haryana,SONIPAT,Ginger,5
Haryana,SONIPAT,Gram,6
Haryana,SONIPAT,Groundnut,1
Haryana,SONIPAT,Guar seed,2
Haryana,SONIPAT,Jowar,23
Haryana,SONIPAT,Maize,19
Haryana,SONIPAT,Masoor,4
Haryana,SONIPAT,Moong(Green Gram),9
Haryana,SONIPAT,Moth,1
Haryana,SONIPAT,Onion,21
Haryana,SONIPAT,Other Kharif pulses,1
Haryana,SONIPAT,Peas & beans (Pulses),17
Haryana,SONIPAT,Potato,22
Haryana,SONIPAT,Rapeseed &Mustard,21
Haryana,SONIPAT,Rice,23
Haryana,SONIPAT,Sannhamp,5
Haryana,SONIPAT,Sesamum,7
Haryana,SONIPAT,Sugarcane,23
Haryana,SONIPAT,Sunflower,3
Haryana,SONIPAT,Sweet potato,7
Haryana,SONIPAT,Turmeric,7
Haryana,SONIPAT,Urad,5
Haryana,SONIPAT,Wheat,23
Haryana,YAMUNANAGAR,Arhar/Tur,7
Haryana,YAMUNANAGAR,Bajra,19
Haryana,YAMUNANAGAR,Barley,5
Haryana,YAMUNANAGAR,Castor seed,1
Haryana,YAMUNANAGAR,Coriander,7
Haryana,YAMUNANAGAR,Cotton(lint),3
Haryana,YAMUNANAGAR,Dry chillies,7
Haryana,YAMUNANAGAR,Garlic,10
Haryana,YAMUNANAGAR,Ginger,5
Haryana,YAMUNANAGAR,Gram,8
Haryana,YAMUNANAGAR,Groundnut,13
Haryana,YAMUNANAGAR,Horse-gram,5
Haryana,YAMUNANAGAR,Maize,21
Haryana,YAMUNANAGAR,Masoor,22
Haryana,YAMUNANAGAR,Moong(Green Gram),3
Haryana,YAMUNANAGAR,Moth,2
Haryana,YAMUNANAGAR,Onion,22
Haryana,YAMUNANAGAR,Other  Rabi pulses,1
Haryana,YAMUNANAGAR,Other Kharif pulses,2
Haryana,YAMUNANAGAR,Peas & beans (Pulses),16
Haryana,YAMUNANAGAR,Potato,22
Haryana,YAMUNANAGAR,Rapeseed &Mustard,21
Haryana,YAMUNANAGAR,Rice,23
Haryana,YAMUNANAGAR,Sesamum,9
Haryana,YAMUNANAGAR,Sugarcane,23
Haryana,YAMUNANAGAR,Sunflower,21
Haryana,YAMUNANAGAR,Turmeric,11
Haryana,YAMUNANAGAR,Urad,21
Haryana,YAMUNANAGAR,Wheat,23
Haryana,YAMUNANAGAR,other oilseeds,3
Himachal Pradesh,BILASPUR,Arhar/Tur,9
Himachal Pradesh,BILASPUR,Bajra,6
Himachal Pradesh,BILASPUR,Barley,22
Himachal Pradesh,BILASPUR,Coriander,7
Himachal Pradesh,BILASPUR,Cotton(lint),3
Himachal Pradesh,BILASPUR,Dry chillies,16
Himachal Pradesh,BILASPUR,Garlic,14
Himachal Pradesh,BILASPUR,Ginger,15
Himachal Pradesh,BILASPUR,Gram,20
Himachal Pradesh,BILASPUR,Groundnut,5
Himachal Pradesh,BILASPUR,Horse-gram,20
Himachal Pradesh,BILASPUR,Jowar,1
Himachal Pradesh,BILASPUR,Maize,22
Himachal Pradesh,BILASPUR,Masoor,9
Himachal Pradesh,BILASPUR,Moong(Green Gram),18
Himachal Pradesh,BILASPUR,Onion,14
Himachal Pradesh,BILASPUR,Other  Rabi pulses,1
Himachal Pradesh,BILASPUR,Other Kharif pulses,7
Himachal Pradesh,BILASPUR,Peas & beans (Pulses),22
Himachal Pradesh,BILASPUR,Potato,21
Himachal Pradesh,BILASPUR,Ragi,3
Himachal Pradesh,BILASPUR,Rapeseed &Mustard,20
Himachal Pradesh,BILASPUR,Rice,22
Himachal Pradesh,BILASPUR,Sannhamp,2
Himachal Pradesh,BILASPUR,Sesamum,20
Himachal Pradesh,BILASPUR,Small millets,1
Himachal Pradesh,BILASPUR,Soyabean,18
Himachal Pradesh,BILASPUR,Sugarcane,19
Himachal Pradesh,BILASPUR,Tobacco,2
Himachal Pradesh,BILASPUR,Turmeric,16
Himachal Pradesh,BILASPUR,Urad,20
Himachal Pradesh,BILASPUR,Wheat,22
Himachal Pradesh,CHAMBA,Arhar/Tur,3
Himachal Pradesh,CHAMBA,Bajra,3
Himachal Pradesh,CHAMBA,Barley,22
Himachal Pradesh,CHAMBA,Coriander,17
Himachal Pradesh,CHAMBA,Dry chillies,17
Himachal Pradesh,CHAMBA,Garlic,18
Himachal Pradesh,CHAMBA,Ginger,14
Himachal Pradesh,CHAMBA,Gram,1
Himachal Pradesh,CHAMBA,Groundnut,1
Himachal Pradesh,CHAMBA,Horse-gram,19
Himachal Pradesh,CHAMBA,Jowar,1
Himachal Pradesh,CHAMBA,Linseed,8
Himachal Pradesh,CHAMBA,Maize,22
Himachal Pradesh,CHAMBA,Masoor,19
Himachal Pradesh,CHAMBA,Moong(Green Gram),20
Himachal Pradesh,CHAMBA,Moth,13
Himachal Pradesh,CHAMBA,Onion,15
Himachal Pradesh,CHAMBA,Other  Rabi pulses,6
Himachal Pradesh,CHAMBA,Other Kharif pulses,17
Himachal Pradesh,CHAMBA,Peas & beans (Pulses),25
Himachal Pradesh,CHAMBA,Potato,34
Himachal Pradesh,CHAMBA,Ragi,15
Himachal Pradesh,CHAMBA,Rapeseed &Mustard,20
Himachal Pradesh,CHAMBA,Rice,22
Himachal Pradesh,CHAMBA,Sesamum,20
Himachal Pradesh,CHAMBA,Small millets,20
Himachal Pradesh,CHAMBA,Soyabean,3
Himachal Pradesh,CHAMBA,Tobacco,3
Himachal Pradesh,CHAMBA,Urad,20
Himachal Pradesh,CHAMBA,Wheat,22
Himachal Pradesh,HAMIRPUR,Bajra,17
Himachal Pradesh,HAMIRPUR,Barley,22
Himachal Pradesh,HAMIRPUR,Coriander,10
Himachal Pradesh,HAMIRPUR,Cotton(lint),2
Himachal Pradesh,HAMIRPUR,Dry chillies,11
Himachal Pradesh,HAMIRPUR,Garlic,16
Himachal Pradesh,HAMIRPUR,Ginger,13
Himachal Pradesh,HAMIRPUR,Gram,14
Himachal Pradesh,HAMIRPUR,Horse-gram,20
Himachal Pradesh,HAMIRPUR,Linseed,5
Himachal Pradesh,HAMIRPUR,Maize,22
Himachal Pradesh,HAMIRPUR,Masoor,13
Himachal Pradesh,HAMIRPUR,Moong(Green Gram),1
Himachal Pradesh,HAMIRPUR,Onion,15
Himachal Pradesh,HAMIRPUR,Other  Rabi pulses,1
Himachal Pradesh,HAMIRPUR,Other Kharif pulses,4
Himachal Pradesh,HAMIRPUR,Peas & beans (Pulses),6
Himachal Pradesh,HAMIRPUR,Potato,20
Himachal Pradesh,HAMIRPUR,Ragi,2
Himachal Pradesh,HAMIRPUR,Rapeseed &Mustard,20
Himachal Pradesh,HAMIRPUR,Rice,22
Himachal Pradesh,HAMIRPUR,Sesamum,19
Himachal Pradesh,HAMIRPUR,Small millets,5
Himachal Pradesh,HAMIRPUR,Soyabean,1
Himachal Pradesh,HAMIRPUR,Sugarcane,19
Himachal Pradesh,HAMIRPUR,Tobacco,1
Himachal Pradesh,HAMIRPUR,Turmeric,17
Himachal Pradesh,HAMIRPUR,Urad,20
Himachal Pradesh,HAMIRPUR,Wheat,22
Himachal Pradesh,KANGRA,Arhar/Tur,11
Himachal Pradesh,KANGRA,Bajra,20
Himachal Pradesh,KANGRA,Barley,22
Himachal Pradesh,KANGRA,Coriander,9
Himachal Pradesh,KANGRA,Cotton(lint),15
Himachal Pradesh,KANGRA,Dry chillies,13
Himachal Pradesh,KANGRA,Garlic,18
Himachal Pradesh,KANGRA,Ginger,15
Himachal Pradesh,KANGRA,Gram,20
Himachal Pradesh,KANGRA,Horse-gram,20
Himachal Pradesh,KANGRA,Jowar,1
Himachal Pradesh,KANGRA,Linseed,20
Himachal Pradesh,KANGRA,Maize,22
Himachal Pradesh,KANGRA,Masoor,20
Himachal Pradesh,KANGRA,Moong(Green Gram),5
Himachal Pradesh,KANGRA,Moth,2
Himachal Pradesh,KANGRA,Onion,15
Himachal Pradesh,KANGRA,Other  Rabi pulses,8
Himachal Pradesh,KANGRA,Other Kharif pulses,17
Himachal Pradesh,KANGRA,Peas & beans (Pulses),26
Himachal Pradesh,KANGRA,Potato,33
Himachal Pradesh,KANGRA,Ragi,15
Himachal Pradesh,KANGRA,Rapeseed &Mustard,20
Himachal Pradesh,KANGRA,Rice,22
Himachal Pradesh,KANGRA,Sannhamp,4
Himachal Pradesh,KANGRA,Sesamum,20
Himachal Pradesh,KANGRA,Small millets,20
Himachal Pradesh,KANGRA,Soyabean,19
Himachal Pradesh,KANGRA,Sugarcane,19
Himachal Pradesh,KANGRA,Tobacco,1
Himachal Pradesh,KANGRA,Turmeric,14
Himachal Pradesh,KANGRA,Urad,20
Himachal Pradesh,KANGRA,Wheat,22
Himachal Pradesh,KINNAUR,Barley,22
Himachal Pradesh,KINNAUR,Garlic,1
Himachal Pradesh,KINNAUR,Maize,22
Himachal Pradesh,KINNAUR,Masoor,5
Himachal Pradesh,KINNAUR,Other  Rabi pulses,3
Himachal Pradesh,KINNAUR,Other Kharif pulses,5
Himachal Pradesh,KINNAUR,Peas & beans (Pulses),25
Himachal Pradesh,KINNAUR,Potato,20
Himachal Pradesh,KINNAUR,Ragi,15
Himachal Pradesh,KINNAUR,Rapeseed &Mustard,4
Himachal Pradesh,KINNAUR,Rice,22
Himachal Pradesh,KINNAUR,Sesamum,1
Himachal Pradesh,KINNAUR,Small millets,20
Himachal Pradesh,KINNAUR,Urad,19
Himachal Pradesh,KINNAUR,Wheat,22
Himachal Pradesh,KULLU,Arhar/Tur,4
Himachal Pradesh,KULLU,Barley,22
Himachal Pradesh,KULLU,Coriander,18
Himachal Pradesh,KULLU,Dry chillies,15
Himachal Pradesh,KULLU,Garlic,18
Himachal Pradesh,KULLU,Ginger,4
Himachal Pradesh,KULLU,Gram,20
Himachal Pradesh,KULLU,Groundnut,20
Himachal Pradesh,KULLU,Horse-gram,20
Himachal Pradesh,KULLU,Linseed,1
Himachal Pradesh,KULLU,Maize,22
Himachal Pradesh,KULLU,Masoor,20
Himachal Pradesh,KULLU,Moong(Green Gram),20
Himachal Pradesh,KULLU,Onion,15
Himachal Pradesh,KULLU,Other  Rabi pulses,5
Himachal Pradesh,KULLU,Other Kharif pulses,17
Himachal Pradesh,KULLU,Peas & beans (Pulses),27
Himachal Pradesh,KULLU,Potato,33
Himachal Pradesh,KULLU,Ragi,15
Himachal Pradesh,KULLU,Rapeseed &Mustard,20
Himachal Pradesh,KULLU,Rice,22
Himachal Pradesh,KULLU,Small millets,20
Himachal Pradesh,KULLU,Soyabean,20
Himachal Pradesh,KULLU,Tobacco,1
Himachal Pradesh,KULLU,Turmeric,7
Himachal Pradesh,KULLU,Urad,20
Himachal Pradesh,KULLU,Wheat,22
Himachal Pradesh,LAHUL AND SPITI,Barley,22
Himachal Pradesh,LAHUL AND SPITI,Dry chillies,2
Himachal Pradesh,LAHUL AND SPITI,Ginger,1
Himachal Pradesh,LAHUL AND SPITI,Horse-gram,2
Himachal Pradesh,LAHUL AND SPITI,Maize,22
Himachal Pradesh,LAHUL AND SPITI,Masoor,2
Himachal Pradesh,LAHUL AND SPITI,Other Kharif pulses,5
Himachal Pradesh,LAHUL AND SPITI,Peas & beans (Pulses),27
Himachal Pradesh,LAHUL AND SPITI,Potato,20
Himachal Pradesh,LAHUL AND SPITI,Rapeseed &Mustard,17
Himachal Pradesh,LAHUL AND SPITI,Small millets,7
Himachal Pradesh,LAHUL AND SPITI,Wheat,22
Himachal Pradesh,MANDI,Arhar/Tur,3
Himachal Pradesh,MANDI,Bajra,18
Himachal Pradesh,MANDI,Barley,22
Himachal Pradesh,MANDI,Coriander,18
Himachal Pradesh,MANDI,Cotton(lint),1
Himachal Pradesh,MANDI,Dry chillies,15
Himachal Pradesh,MANDI,Garlic,18
Himachal Pradesh,MANDI,Ginger,13
Himachal Pradesh,MANDI,Gram,20
Himachal Pradesh,MANDI,Groundnut,15
Himachal Pradesh,MANDI,Horse-gram,20
Himachal Pradesh,MANDI,Linseed,20
Himachal Pradesh,MANDI,Maize,22
Himachal Pradesh,MANDI,Masoor,20
Himachal Pradesh,MANDI,Moong(Green Gram),20
Himachal Pradesh,MANDI,Moth,5
Himachal Pradesh,MANDI,Onion,15
Himachal Pradesh,MANDI,Other  Rabi pulses,8
Himachal Pradesh,MANDI,Other Kharif pulses,18
Himachal Pradesh,MANDI,Peas & beans (Pulses),22
Himachal Pradesh,MANDI,Potato,33
Himachal Pradesh,MANDI,Ragi,14
Himachal Pradesh,MANDI,Rapeseed &Mustard,20
Himachal Pradesh,MANDI,Rice,22
Himachal Pradesh,MANDI,Sesamum,20
Himachal Pradesh,MANDI,Small millets,20
Himachal Pradesh,MANDI,Soyabean,20
Himachal Pradesh,MANDI,Sugarcane,5
Himachal Pradesh,MANDI,Turmeric,17
Himachal Pradesh,MANDI,Urad,20
Himachal Pradesh,MANDI,Wheat,22
Himachal Pradesh,SHIMLA,Arhar/Tur,20
Himachal Pradesh,SHIMLA,Bajra,19
Himachal Pradesh,SHIMLA,Barley,22
Himachal Pradesh,SHIMLA,Coriander,18
Himachal Pradesh,SHIMLA,Dry chillies,16
Himachal Pradesh,SHIMLA,Garlic,19
Himachal Pradesh,SHIMLA,Ginger,15
Himachal Pradesh,SHIMLA,Gram,20
Himachal Pradesh,SHIMLA,Groundnut,20
Himachal Pradesh,SHIMLA,Horse-gram,20
Himachal Pradesh,SHIMLA,Maize,22
Himachal Pradesh,SHIMLA,Masoor,20
Himachal Pradesh,SHIMLA,Moong(Green Gram),18
Himachal Pradesh,SHIMLA,Onion,14
Himachal Pradesh,SHIMLA,Other  Rabi pulses,6
Himachal Pradesh,SHIMLA,Other Kharif pulses,18
Himachal Pradesh,SHIMLA,Peas & beans (Pulses),21
Himachal Pradesh,SHIMLA,Potato,32
Himachal Pradesh,SHIMLA,Ragi,15
Himachal Pradesh,SHIMLA,Rapeseed &Mustard,20
Himachal Pradesh,SHIMLA,Rice,22
Himachal Pradesh,SHIMLA,Sesamum,20
Himachal Pradesh,SHIMLA,Small millets,20
Himachal Pradesh,SHIMLA,Soyabean,20
Himachal Pradesh,SHIMLA,Sugarcane,10
Himachal Pradesh,SHIMLA,Turmeric,17
Himachal Pradesh,SHIMLA,Urad,20
Himachal Pradesh,SHIMLA,Wheat,22
Himachal Pradesh,SIRMAUR,Arhar/Tur,15
Himachal Pradesh,SIRMAUR,Bajra,20
Himachal Pradesh,SIRMAUR,Barley,22
Himachal Pradesh,SIRMAUR,Coriander,18
Himachal Pradesh,SIRMAUR,Cotton(lint),3
Himachal Pradesh,SIRMAUR,Dry chillies,17
Himachal Pradesh,SIRMAUR,Garlic,18
Himachal Pradesh,SIRMAUR,Ginger,15
Himachal Pradesh,SIRMAUR,Gram,20
Himachal Pradesh,SIRMAUR,Groundnut,20
Himachal Pradesh,SIRMAUR,Horse-gram,20
Himachal Pradesh,SIRMAUR,Maize,22
Himachal Pradesh,SIRMAUR,Masoor,20
Himachal Pradesh,SIRMAUR,Moong(Green Gram),3
Himachal Pradesh,SIRMAUR,Onion,15
Himachal Pradesh,SIRMAUR,Other  Rabi pulses,5
Himachal Pradesh,SIRMAUR,Other Kharif pulses,18
Himachal Pradesh,SIRMAUR,Peas & beans (Pulses),26
Himachal Pradesh,SIRMAUR,Potato,33
Himachal Pradesh,SIRMAUR,Ragi,15
Himachal Pradesh,SIRMAUR,Rapeseed &Mustard,20
Himachal Pradesh,SIRMAUR,Rice,22
Himachal Pradesh,SIRMAUR,Sannhamp,3
Himachal Pradesh,SIRMAUR,Sesamum,20
Himachal Pradesh,SIRMAUR,Small millets,20
Himachal Pradesh,SIRMAUR,Soyabean,20
Himachal Pradesh,SIRMAUR,Sugarcane,19
Himachal Pradesh,SIRMAUR,Tobacco,2
Himachal Pradesh,SIRMAUR,Turmeric,17
Himachal Pradesh,SIRMAUR,Urad,20
Himachal Pradesh,SIRMAUR,Wheat,22
Himachal Pradesh,SOLAN,Arhar/Tur,5
Himachal Pradesh,SOLAN,Bajra,4
Himachal Pradesh,SOLAN,Barley,22
Himachal Pradesh,SOLAN,Coriander,6
Himachal Pradesh,SOLAN,Cotton(lint),13
Himachal Pradesh,SOLAN,Dry chillies,17
Himachal Pradesh,SOLAN,Garlic,17
Himachal Pradesh,SOLAN,Ginger,15
Himachal Pradesh,SOLAN,Gram,20
Himachal Pradesh,SOLAN,Groundnut,8
Himachal Pradesh,SOLAN,Horse-gram,20
Himachal Pradesh,SOLAN,Maize,22
Himachal Pradesh,SOLAN,Masoor,20
Himachal Pradesh,SOLAN,Moong(Green Gram),13
Himachal Pradesh,SOLAN,Onion,15
Himachal Pradesh,SOLAN,Other  Rabi pulses,1
Himachal Pradesh,SOLAN,Other Kharif pulses,4
Himachal Pradesh,SOLAN,Peas & beans (Pulses),27
Himachal Pradesh,SOLAN,Potato,33
Himachal Pradesh,SOLAN,Rapeseed &Mustard,20
Himachal Pradesh,SOLAN,Rice,22
Himachal Pradesh,SOLAN,Sannhamp,1
Himachal Pradesh,SOLAN,Sesamum,20
Himachal Pradesh,SOLAN,Small millets,1
Himachal Pradesh,SOLAN,Soyabean,20
Himachal Pradesh,SOLAN,Sugarcane,19
Himachal Pradesh,SOLAN,Tobacco,1
Himachal Pradesh,SOLAN,Turmeric,8
Himachal Pradesh,SOLAN,Urad,20
Himachal Pradesh,SOLAN,Wheat,22
Himachal Pradesh,UNA,Arhar/Tur,2
Himachal Pradesh,UNA,Bajra,1
Himachal Pradesh,UNA,Barley,2
Himachal Pradesh,UNA,Coriander,14
Himachal Pradesh,UNA,Cotton(lint),1
Himachal Pradesh,UNA,Dry chillies,13
Himachal Pradesh,UNA,Garlic,18
Himachal Pradesh,UNA,Ginger,13
Himachal Pradesh,UNA,Gram,20
Himachal Pradesh,UNA,Groundnut,4
Himachal Pradesh,UNA,Horse-gram,20
Himachal Pradesh,UNA,Linseed,4
Himachal Pradesh,UNA,Maize,22
Himachal Pradesh,UNA,Masoor,20
Himachal Pradesh,UNA,Moong(Green Gram),20
Himachal Pradesh,UNA,Moth,13
Himachal Pradesh,UNA,Onion,15
Himachal Pradesh,UNA,Other  Rabi pulses,1
Himachal Pradesh,UNA,Other Kharif pulses,2
Himachal Pradesh,UNA,Peas & beans (Pulses),25
Himachal Pradesh,UNA,Potato,33
Himachal Pradesh,UNA,Rapeseed &Mustard,20
Himachal Pradesh,UNA,Rice,22
Himachal Pradesh,UNA,Sannhamp,5
Himachal Pradesh,UNA,Sesamum,20
Himachal Pradesh,UNA,Small millets,1
Himachal Pradesh,UNA,Sugarcane,19
Himachal Pradesh,UNA,Turmeric,16
Himachal Pradesh,UNA,Urad,20
Himachal Pradesh,UNA,Wheat,22
Jammu and Kashmir,ANANTNAG,Dry chillies,14
Jammu and Kashmir,ANANTNAG,Garlic,2
Jammu and Kashmir,ANANTNAG,Maize,20
Jammu and Kashmir,ANANTNAG,Moong(Green Gram),17
Jammu and Kashmir,ANANTNAG,Moth,11
Jammu and Kashmir,ANANTNAG,Onion,21
Jammu and Kashmir,ANANTNAG,Other Cereals,2
Jammu and Kashmir,ANANTNAG,Other Kharif pulses,16
Jammu and Kashmir,ANANTNAG,Peas & beans (Pulses),15
Jammu and Kashmir,ANANTNAG,Potato,28
Jammu and Kashmir,ANANTNAG,Rapeseed &Mustard,18
Jammu and Kashmir,ANANTNAG,Rice,20
Jammu and Kashmir,ANANTNAG,Sannhamp,1
Jammu and Kashmir,ANANTNAG,Urad,17
Jammu and Kashmir,ANANTNAG,Wheat,7
Jammu and Kashmir,BADGAM,Cowpea(Lobia),1
Jammu and Kashmir,BADGAM,Dry chillies,15
Jammu and Kashmir,BADGAM,Garlic,19
Jammu and Kashmir,BADGAM,Linseed,6
Jammu and Kashmir,BADGAM,Maize,20
Jammu and Kashmir,BADGAM,Masoor,4
Jammu and Kashmir,BADGAM,Moong(Green Gram),20
Jammu and Kashmir,BADGAM,Moth,12
Jammu and Kashmir,BADGAM,Onion,24
Jammu and Kashmir,BADGAM,Other  Rabi pulses,6
Jammu and Kashmir,BADGAM,Other Cereals,1
Jammu and Kashmir,BADGAM,Other Kharif pulses,15
Jammu and Kashmir,BADGAM,Peas & beans (Pulses),19
Jammu and Kashmir,BADGAM,Potato,25
Jammu and Kashmir,BADGAM,Rapeseed &Mustard,18
Jammu and Kashmir,BADGAM,Rice,20
Jammu and Kashmir,BADGAM,Urad,6
Jammu and Kashmir,BADGAM,Wheat,19
Jammu and Kashmir,BADGAM,other oilseeds,2
Jammu and Kashmir,BANDIPORA,Bajra,1
Jammu and Kashmir,BANDIPORA,Barley,2
Jammu and Kashmir,BANDIPORA,Cowpea(Lobia),3
Jammu and Kashmir,BANDIPORA,Linseed,4
Jammu and Kashmir,BANDIPORA,Maize,11
Jammu and Kashmir,BANDIPORA,Masoor,6
Jammu and Kashmir,BANDIPORA,Moong(Green Gram),10
Jammu and Kashmir,BANDIPORA,Moth,9
Jammu and Kashmir,BANDIPORA,Other Cereals,11
Jammu and Kashmir,BANDIPORA,Other Kharif pulses,10
Jammu and Kashmir,BANDIPORA,Peas & beans (Pulses),14
Jammu and Kashmir,BANDIPORA,Potato,23
Jammu and Kashmir,BANDIPORA,Ragi,3
Jammu and Kashmir,BANDIPORA,Rapeseed &Mustard,12
Jammu and Kashmir,BANDIPORA,Rice,11
Jammu and Kashmir,BANDIPORA,Small millets,8
Jammu and Kashmir,BANDIPORA,Urad,3
Jammu and Kashmir,BARAMULLA,Barley,1
Jammu and Kashmir,BARAMULLA,Cowpea(Lobia),4
Jammu and Kashmir,BARAMULLA,Dry chillies,7
Jammu and Kashmir,BARAMULLA,Gram,3
Jammu and Kashmir,BARAMULLA,Linseed,5
Jammu and Kashmir,BARAMULLA,Maize,20
Jammu and Kashmir,BARAMULLA,Masoor,7
Jammu and Kashmir,BARAMULLA,Moong(Green Gram),17
Jammu and Kashmir,BARAMULLA,Moth,11
Jammu and Kashmir,BARAMULLA,Onion,4
Jammu and Kashmir,BARAMULLA,Other  Rabi pulses,1
Jammu and Kashmir,BARAMULLA,Other Cereals,10
Jammu and Kashmir,BARAMULLA,Other Kharif pulses,13
Jammu and Kashmir,BARAMULLA,Peas & beans (Pulses),17
Jammu and Kashmir,BARAMULLA,Potato,14
Jammu and Kashmir,BARAMULLA,Rapeseed &Mustard,18
Jammu and Kashmir,BARAMULLA,Rice,20
Jammu and Kashmir,BARAMULLA,Small millets,10
Jammu and Kashmir,BARAMULLA,Urad,8
Jammu and Kashmir,BARAMULLA,Wheat,16
Jammu and Kashmir,BARAMULLA,other oilseeds,1
Jammu and Kashmir,DODA,Bajra,6
Jammu and Kashmir,DODA,Barley,25
Jammu and Kashmir,DODA,Garlic,12
Jammu and Kashmir,DODA,Gram,3
Jammu and Kashmir,DODA,Horse-gram,12
Jammu and Kashmir,DODA,Linseed,4
Jammu and Kashmir,DODA,Maize,20
Jammu and Kashmir,DODA,Masoor,5
Jammu and Kashmir,DODA,Moong(Green Gram),5
Jammu and Kashmir,DODA,Moth,2
Jammu and Kashmir,DODA,Onion,16
Jammu and Kashmir,DODA,Other  Rabi pulses,3
Jammu and Kashmir,DODA,Other Cereals,9
Jammu and Kashmir,DODA,Other Kharif pulses,14
Jammu and Kashmir,DODA,Peas & beans (Pulses),20
Jammu and Kashmir,DODA,Potato,17
Jammu and Kashmir,DODA,Rapeseed &Mustard,18
Jammu and Kashmir,DODA,Rice,20
Jammu and Kashmir,DODA,Sesamum,3
Jammu and Kashmir,DODA,Small millets,3
Jammu and Kashmir,DODA,Urad,20
Jammu and Kashmir,DODA,Wheat,21
Jammu and Kashmir,DODA,other oilseeds,2
Jammu and Kashmir,GANDERBAL,Barley,7
Jammu and Kashmir,GANDERBAL,Maize,11
Jammu and Kashmir,GANDERBAL,Moong(Green Gram),5
Jammu and Kashmir,GANDERBAL,Moth,3
Jammu and Kashmir,GANDERBAL,Onion,5
Jammu and Kashmir,GANDERBAL,Other Cereals,3
Jammu and Kashmir,GANDERBAL,Other Kharif pulses,5
Jammu and Kashmir,GANDERBAL,Potato,15
Jammu and Kashmir,GANDERBAL,Rapeseed &Mustard,12
Jammu and Kashmir,GANDERBAL,Rice,11
Jammu and Kashmir,GANDERBAL,Sesamum,1
Jammu and Kashmir,GANDERBAL,Small millets,7
Jammu and Kashmir,JAMMU,Arhar/Tur,1
Jammu and Kashmir,JAMMU,Bajra,21
Jammu and Kashmir,JAMMU,Barley,20
Jammu and Kashmir,JAMMU,Coriander,1
Jammu and Kashmir,JAMMU,Cotton(lint),8
Jammu and Kashmir,JAMMU,Cowpea(Lobia),5
Jammu and Kashmir,JAMMU,Dry chillies,7
Jammu and Kashmir,JAMMU,Garlic,13
Jammu and Kashmir,JAMMU,Ginger,8
Jammu and Kashmir,JAMMU,Gram,5
Jammu and Kashmir,JAMMU,Groundnut,6
Jammu and Kashmir,JAMMU,Horse-gram,11
Jammu and Kashmir,JAMMU,Jowar,4
Jammu and Kashmir,JAMMU,Linseed,18
Jammu and Kashmir,JAMMU,Maize,20
Jammu and Kashmir,JAMMU,Masoor,7
Jammu and Kashmir,JAMMU,Moong(Green Gram),13
Jammu and Kashmir,JAMMU,Moth,6
Jammu and Kashmir,JAMMU,Onion,6
Jammu and Kashmir,JAMMU,Other  Rabi pulses,11
Jammu and Kashmir,JAMMU,Other Cereals,9
Jammu and Kashmir,JAMMU,Other Kharif pulses,15
Jammu and Kashmir,JAMMU,Peas & beans (Pulses),16
Jammu and Kashmir,JAMMU,Potato,27
Jammu and Kashmir,JAMMU,Rapeseed &Mustard,18
Jammu and Kashmir,JAMMU,Rice,20
Jammu and Kashmir,JAMMU,Sannhamp,13
Jammu and Kashmir,JAMMU,Sesamum,17
Jammu and Kashmir,JAMMU,Small millets,4
Jammu and Kashmir,JAMMU,Sugarcane,9
Jammu and Kashmir,JAMMU,Tobacco,3
Jammu and Kashmir,JAMMU,Turmeric,8
Jammu and Kashmir,JAMMU,Urad,16
Jammu and Kashmir,JAMMU,Wheat,19
Jammu and Kashmir,JAMMU,other oilseeds,11
Jammu and Kashmir,KARGIL,Other  Rabi pulses,1
Jammu and Kashmir,KARGIL,Other Cereals,2
Jammu and Kashmir,KARGIL,Peas & beans (Pulses),6
Jammu and Kashmir,KARGIL,Potato,9
Jammu and Kashmir,KARGIL,Ragi,2
Jammu and Kashmir,KARGIL,Small millets,4
Jammu and Kashmir,KARGIL,Wheat,5
Jammu and Kashmir,KATHUA,Bajra,20
Jammu and Kashmir,KATHUA,Barley,21
Jammu and Kashmir,KATHUA,Cotton(lint),9
Jammu and Kashmir,KATHUA,Cowpea(Lobia),2
Jammu and Kashmir,KATHUA,Dry chillies,14
Jammu and Kashmir,KATHUA,Garlic,14
Jammu and Kashmir,KATHUA,Ginger,13
Jammu and Kashmir,KATHUA,Gram,6
Jammu and Kashmir,KATHUA,Groundnut,2
Jammu and Kashmir,KATHUA,Horse-gram,12
Jammu and Kashmir,KATHUA,Jowar,2
Jammu and Kashmir,KATHUA,Linseed,17
Jammu and Kashmir,KATHUA,Maize,20
Jammu and Kashmir,KATHUA,Masoor,12
Jammu and Kashmir,KATHUA,Moong(Green Gram),10
Jammu and Kashmir,KATHUA,Moth,6
Jammu and Kashmir,KATHUA,Onion,7
Jammu and Kashmir,KATHUA,Other  Rabi pulses,12
Jammu and Kashmir,KATHUA,Other Cereals,7
Jammu and Kashmir,KATHUA,Other Kharif pulses,10
Jammu and Kashmir,KATHUA,Peas & beans (Pulses),16
Jammu and Kashmir,KATHUA,Potato,29
Jammu and Kashmir,KATHUA,Rapeseed &Mustard,20
Jammu and Kashmir,KATHUA,Rice,20
Jammu and Kashmir,KATHUA,Sannhamp,10
Jammu and Kashmir,KATHUA,Sesamum,17
Jammu and Kashmir,KATHUA,Small millets,11
Jammu and Kashmir,KATHUA,Sugarcane,10
Jammu and Kashmir,KATHUA,Tobacco,13
Jammu and Kashmir,KATHUA,Turmeric,13
Jammu and Kashmir,KATHUA,Urad,18
Jammu and Kashmir,KATHUA,Wheat,19
Jammu and Kashmir,KATHUA,other oilseeds,6
Jammu and Kashmir,KISHTWAR,Bajra,1
Jammu and Kashmir,KISHTWAR,Barley,23
Jammu and Kashmir,KISHTWAR,Cowpea(Lobia),1
Jammu and Kashmir,KISHTWAR,Garlic,1
Jammu and Kashmir,KISHTWAR,Horse-gram,8
Jammu and Kashmir,KISHTWAR,Maize,11
Jammu and Kashmir,KISHTWAR,Masoor,6
Jammu and Kashmir,KISHTWAR,Moong(Green Gram),2
Jammu and Kashmir,KISHTWAR,Onion,5
Jammu and Kashmir,KISHTWAR,Other  Rabi pulses,1
Jammu and Kashmir,KISHTWAR,Other Cereals,9
Jammu and Kashmir,KISHTWAR,Other Kharif pulses,10
Jammu and Kashmir,KISHTWAR,Peas & beans (Pulses),13
Jammu and Kashmir,KISHTWAR,Potato,11
Jammu and Kashmir,KISHTWAR,Ragi,3
Jammu and Kashmir,KISHTWAR,Rapeseed &Mustard,12
Jammu and Kashmir,KISHTWAR,Rice,11
Jammu and Kashmir,KISHTWAR,Small millets,8
Jammu and Kashmir,KISHTWAR,Sugarcane,1
Jammu and Kashmir,KISHTWAR,Urad,11
Jammu and Kashmir,KISHTWAR,Wheat,13
Jammu and Kashmir,KULGAM,Dry chillies,10
Jammu and Kashmir,KULGAM,Maize,11
Jammu and Kashmir,KULGAM,Moong(Green Gram),10
Jammu and Kashmir,KULGAM,Moth,8
Jammu and Kashmir,KULGAM,Onion,17
Jammu and Kashmir,KULGAM,Other  Rabi pulses,1
Jammu and Kashmir,KULGAM,Other Cereals,2
Jammu and Kashmir,KULGAM,Other Kharif pulses,10
Jammu and Kashmir,KULGAM,Peas & beans (Pulses),15
Jammu and Kashmir,KULGAM,Potato,21
Jammu and Kashmir,KULGAM,Rapeseed &Mustard,12
Jammu and Kashmir,KULGAM,Rice,11
Jammu and Kashmir,KULGAM,Urad,1
Jammu and Kashmir,KULGAM,Wheat,3
Jammu and Kashmir,KUPWARA,Bajra,1
Jammu and Kashmir,KUPWARA,Maize,20
Jammu and Kashmir,KUPWARA,Moth,2
Jammu and Kashmir,KUPWARA,Onion,1
Jammu and Kashmir,KUPWARA,Other Cereals,7
Jammu and Kashmir,KUPWARA,Other Kharif pulses,10
Jammu and Kashmir,KUPWARA,Potato,16
Jammu and Kashmir,KUPWARA,Rapeseed &Mustard,4
Jammu and Kashmir,KUPWARA,Rice,20
Jammu and Kashmir,KUPWARA,Small millets,9
Jammu and Kashmir,KUPWARA,Wheat,4
Jammu and Kashmir,LEH LADAKH,Bajra,1
Jammu and Kashmir,LEH LADAKH,Barley,5
Jammu and Kashmir,LEH LADAKH,Horse-gram,1
Jammu and Kashmir,LEH LADAKH,Linseed,1
Jammu and Kashmir,LEH LADAKH,Masoor,3
Jammu and Kashmir,LEH LADAKH,Onion,1
Jammu and Kashmir,LEH LADAKH,Other  Rabi pulses,5
Jammu and Kashmir,LEH LADAKH,Other Cereals,7
Jammu and Kashmir,LEH LADAKH,Peas & beans (Pulses),5
Jammu and Kashmir,LEH LADAKH,Potato,9
Jammu and Kashmir,LEH LADAKH,Ragi,2
Jammu and Kashmir,LEH LADAKH,Rapeseed &Mustard,5
Jammu and Kashmir,LEH LADAKH,Sesamum,1
Jammu and Kashmir,LEH LADAKH,Small millets,6
Jammu and Kashmir,LEH LADAKH,Wheat,5
Jammu and Kashmir,LEH LADAKH,other oilseeds,4
Jammu and Kashmir,POONCH,Dry chillies,14
Jammu and Kashmir,POONCH,Garlic,14
Jammu and Kashmir,POONCH,Ginger,1
Jammu and Kashmir,POONCH,Linseed,5
Jammu and Kashmir,POONCH,Maize,20
Jammu and Kashmir,POONCH,Moth,5
Jammu and Kashmir,POONCH,Onion,1
Jammu and Kashmir,POONCH,Other  Rabi pulses,1
Jammu and Kashmir,POONCH,Other Kharif pulses,7
Jammu and Kashmir,POONCH,Potato,18
Jammu and Kashmir,POONCH,Rapeseed &Mustard,18
Jammu and Kashmir,POONCH,Rice,20
Jammu and Kashmir,POONCH,Sannhamp,3
Jammu and Kashmir,POONCH,Turmeric,1
Jammu and Kashmir,POONCH,Urad,14
Jammu and Kashmir,POONCH,Wheat,19
Jammu and Kashmir,POONCH,other oilseeds,1
Jammu and Kashmir,PULWAMA,Dry chillies,14
Jammu and Kashmir,PULWAMA,Garlic,1
Jammu and Kashmir,PULWAMA,Linseed,18
Jammu and Kashmir,PULWAMA,Maize,20
Jammu and Kashmir,PULWAMA,Masoor,3
Jammu and Kashmir,PULWAMA,Moong(Green Gram),17
Jammu and Kashmir,PULWAMA,Moth,10
Jammu and Kashmir,PULWAMA,Onion,20
Jammu and Kashmir,PULWAMA,Other  Rabi pulses,2
Jammu and Kashmir,PULWAMA,Other Kharif pulses,11
Jammu and Kashmir,PULWAMA,Peas & beans (Pulses),17
Jammu and Kashmir,PULWAMA,Potato,24
Jammu and Kashmir,PULWAMA,Rapeseed &Mustard,18
Jammu and Kashmir,PULWAMA,Rice,20
Jammu and Kashmir,PULWAMA,Urad,12
Jammu and Kashmir,PULWAMA,Wheat,19
Jammu and Kashmir,RAJAURI,Bajra,18
Jammu and Kashmir,RAJAURI,Barley,10
Jammu and Kashmir,RAJAURI,Coriander,1
Jammu and Kashmir,RAJAURI,Cotton(lint),4
Jammu and Kashmir,RAJAURI,Dry chillies,14
Jammu and Kashmir,RAJAURI,Garlic,14
Jammu and Kashmir,RAJAURI,Ginger,1
Jammu and Kashmir,RAJAURI,Gram,5
Jammu and Kashmir,RAJAURI,Horse-gram,2
Jammu and Kashmir,RAJAURI,Jowar,2
Jammu and Kashmir,RAJAURI,Linseed,7
Jammu and Kashmir,RAJAURI,Maize,20
Jammu and Kashmir,RAJAURI,Masoor,2
Jammu and Kashmir,RAJAURI,Moong(Green Gram),1
Jammu and Kashmir,RAJAURI,Moth,5
Jammu and Kashmir,RAJAURI,Other  Rabi pulses,5
Jammu and Kashmir,RAJAURI,Other Cereals,2
Jammu and Kashmir,RAJAURI,Other Kharif pulses,13
Jammu and Kashmir,RAJAURI,Peas & beans (Pulses),8
Jammu and Kashmir,RAJAURI,Potato,4
Jammu and Kashmir,RAJAURI,Rapeseed &Mustard,18
Jammu and Kashmir,RAJAURI,Rice,20
Jammu and Kashmir,RAJAURI,Sannhamp,5
Jammu and Kashmir,RAJAURI,Sesamum,16
Jammu and Kashmir,RAJAURI,Small millets,2
Jammu and Kashmir,RAJAURI,Sugarcane,5
Jammu and Kashmir,RAJAURI,Tobacco,1
Jammu and Kashmir,RAJAURI,Turmeric,1
Jammu and Kashmir,RAJAURI,Urad,18
Jammu and Kashmir,RAJAURI,Wheat,19
Jammu and Kashmir,RAJAURI,other oilseeds,3
Jammu and Kashmir,RAMBAN,Barley,11
Jammu and Kashmir,RAMBAN,Maize,11
Jammu and Kashmir,RAMBAN,Onion,1
Jammu and Kashmir,RAMBAN,Other Cereals,3
Jammu and Kashmir,RAMBAN,Peas & beans (Pulses),1
Jammu and Kashmir,RAMBAN,Rapeseed &Mustard,11
Jammu and Kashmir,RAMBAN,Rice,11
Jammu and Kashmir,RAMBAN,Wheat,12
Jammu and Kashmir,REASI,Bajra,12
Jammu and Kashmir,REASI,Barley,19
Jammu and Kashmir,REASI,Cotton(lint),1
Jammu and Kashmir,REASI,Dry chillies,4
Jammu and Kashmir,REASI,Garlic,9
Jammu and Kashmir,REASI,Ginger,7
Jammu and Kashmir,REASI,Horse-gram,9
Jammu and Kashmir,REASI,Linseed,3
Jammu and Kashmir,REASI,Maize,11
Jammu and Kashmir,REASI,Masoor,2
Jammu and Kashmir,REASI,Moong(Green Gram),6
Jammu and Kashmir,REASI,Moth,4
Jammu and Kashmir,REASI,Onion,3
Jammu and Kashmir,REASI,Other  Rabi pulses,5
Jammu and Kashmir,REASI,Other Cereals,3
Jammu and Kashmir,REASI,Other Kharif pulses,7
Jammu and Kashmir,REASI,Peas & beans (Pulses),3
Jammu and Kashmir,REASI,Potato,2
Jammu and Kashmir,REASI,Rapeseed &Mustard,12
Jammu and Kashmir,REASI,Rice,11
Jammu and Kashmir,REASI,Sannhamp,2
Jammu and Kashmir,REASI,Sesamum,10
Jammu and Kashmir,REASI,Small millets,1
Jammu and Kashmir,REASI,Turmeric,5
Jammu and Kashmir,REASI,Urad,11
Jammu and Kashmir,REASI,Wheat,12
Jammu and Kashmir,REASI,other oilseeds,2
Jammu and Kashmir,SAMBA,Arhar/Tur,1
Jammu and Kashmir,SAMBA,Bajra,11
Jammu and Kashmir,SAMBA,Barley,15
Jammu and Kashmir,SAMBA,Cotton(lint),5
Jammu and Kashmir,SAMBA,Cowpea(Lobia),1
Jammu and Kashmir,SAMBA,Dry chillies,1
Jammu and Kashmir,SAMBA,Ginger,1
Jammu and Kashmir,SAMBA,Gram,6
Jammu and Kashmir,SAMBA,Groundnut,5
Jammu and Kashmir,SAMBA,Horse-gram,5
Jammu and Kashmir,SAMBA,Jowar,2
Jammu and Kashmir,SAMBA,Linseed,5
Jammu and Kashmir,SAMBA,Maize,11
Jammu and Kashmir,SAMBA,Masoor,6
Jammu and Kashmir,SAMBA,Moong(Green Gram),7
Jammu and Kashmir,SAMBA,Onion,2
Jammu and Kashmir,SAMBA,Other  Rabi pulses,5
Jammu and Kashmir,SAMBA,Other Cereals,3
Jammu and Kashmir,SAMBA,Other Kharif pulses,2
Jammu and Kashmir,SAMBA,Peas & beans (Pulses),4
Jammu and Kashmir,SAMBA,Potato,7
Jammu and Kashmir,SAMBA,Rapeseed &Mustard,12
Jammu and Kashmir,SAMBA,Rice,11
Jammu and Kashmir,SAMBA,Sannhamp,8
Jammu and Kashmir,SAMBA,Sesamum,11
Jammu and Kashmir,SAMBA,Small millets,3
Jammu and Kashmir,SAMBA,Sugarcane,6
Jammu and Kashmir,SAMBA,Urad,11
Jammu and Kashmir,SAMBA,Wheat,12
Jammu and Kashmir,SAMBA,other oilseeds,4
Jammu and Kashmir,SHOPIAN,Maize,10
Jammu and Kashmir,SHOPIAN,Moth,4
Jammu and Kashmir,SHOPIAN,Onion,7
Jammu and Kashmir,SHOPIAN,Other  Rabi pulses,1
Jammu and Kashmir,SHOPIAN,Other Kharif pulses,9
Jammu and Kashmir,SHOPIAN,Peas & beans (Pulses),7
Jammu and Kashmir,SHOPIAN,Potato,11
Jammu and Kashmir,SHOPIAN,Rapeseed &Mustard,12
Jammu and Kashmir,SHOPIAN,Rice,10
Jammu and Kashmir,SRINAGAR,Barley,1
Jammu and Kashmir,SRINAGAR,Dry chillies,13
Jammu and Kashmir,SRINAGAR,Garlic,17
Jammu and Kashmir,SRINAGAR,Linseed,5
Jammu and Kashmir,SRINAGAR,Maize,20
Jammu and Kashmir,SRINAGAR,Moong(Green Gram),7
Jammu and Kashmir,SRINAGAR,Moth,6
Jammu and Kashmir,SRINAGAR,Onion,15
Jammu and Kashmir,SRINAGAR,Other  Rabi pulses,16
Jammu and Kashmir,SRINAGAR,Other Cereals,5
Jammu and Kashmir,SRINAGAR,Other Kharif pulses,11
Jammu and Kashmir,SRINAGAR,Peas & beans (Pulses),22
Jammu and Kashmir,SRINAGAR,Potato,29
Jammu and Kashmir,SRINAGAR,Rapeseed &Mustard,18
Jammu and Kashmir,SRINAGAR,Rice,20
Jammu and Kashmir,SRINAGAR,Small millets,1
Jammu and Kashmir,SRINAGAR,Urad,5
Jammu and Kashmir,SRINAGAR,Wheat,11
Jammu and Kashmir,SRINAGAR,other oilseeds,4
Jammu and Kashmir,UDHAMPUR,Bajra,23
Jammu and Kashmir,UDHAMPUR,Barley,21
Jammu and Kashmir,UDHAMPUR,Cotton(lint),3
Jammu and Kashmir,UDHAMPUR,Dry chillies,14
Jammu and Kashmir,UDHAMPUR,Garlic,15
Jammu and Kashmir,UDHAMPUR,Ginger,12
Jammu and Kashmir,UDHAMPUR,Horse-gram,11
Jammu and Kashmir,UDHAMPUR,Linseed,4
Jammu and Kashmir,UDHAMPUR,Maize,20
Jammu and Kashmir,UDHAMPUR,Masoor,3
Jammu and Kashmir,UDHAMPUR,Moong(Green Gram),15
Jammu and Kashmir,UDHAMPUR,Moth,5
Jammu and Kashmir,UDHAMPUR,Onion,7
Jammu and Kashmir,UDHAMPUR,Other  Rabi pulses,2
Jammu and Kashmir,UDHAMPUR,Other Cereals,12
Jammu and Kashmir,UDHAMPUR,Other Kharif pulses,16
Jammu and Kashmir,UDHAMPUR,Peas & beans (Pulses),14
Jammu and Kashmir,UDHAMPUR,Potato,29
Jammu and Kashmir,UDHAMPUR,Ragi,1
Jammu and Kashmir,UDHAMPUR,Rapeseed &Mustard,19
Jammu and Kashmir,UDHAMPUR,Rice,20
Jammu and Kashmir,UDHAMPUR,Sannhamp,13
Jammu and Kashmir,UDHAMPUR,Sesamum,18
Jammu and Kashmir,UDHAMPUR,Small millets,11
Jammu and Kashmir,UDHAMPUR,Sugarcane,9
Jammu and Kashmir,UDHAMPUR,Tobacco,5
Jammu and Kashmir,UDHAMPUR,Turmeric,13
Jammu and Kashmir,UDHAMPUR,Urad,17
Jammu and Kashmir,UDHAMPUR,Wheat,19
Jammu and Kashmir,UDHAMPUR,other oilseeds,2
Jharkhand,BOKARO,Arhar/Tur,14
Jharkhand,BOKARO,Bajra,3
Jharkhand,BOKARO,Castor seed,1
Jharkhand,BOKARO,Gram,16
Jharkhand,BOKARO,Groundnut,3
Jharkhand,BOKARO,Horse-gram,3
Jharkhand,BOKARO,Jowar,3
Jharkhand,BOKARO,Linseed,2
Jharkhand,BOKARO,Maize,17
Jharkhand,BOKARO,Masoor,3
Jharkhand,BOKARO,Moong(Green Gram),3
Jharkhand,BOKARO,Niger seed,2
Jharkhand,BOKARO,Onion,11
Jharkhand,BOKARO,Other  Rabi pulses,3
Jharkhand,BOKARO,Other Kharif pulses,3
Jharkhand,BOKARO,Peas & beans (Pulses),3
Jharkhand,BOKARO,Potato,22
Jharkhand,BOKARO,Ragi,11
Jharkhand,BOKARO,Rapeseed &Mustard,16
Jharkhand,BOKARO,Rice,27
Jharkhand,BOKARO,Sesamum,3
Jharkhand,BOKARO,Soyabean,3
Jharkhand,BOKARO,Sunflower,1
Jharkhand,BOKARO,Urad,5
Jharkhand,BOKARO,Wheat,18
Jharkhand,CHATRA,Arhar/Tur,18
Jharkhand,CHATRA,Gram,18
Jharkhand,CHATRA,Groundnut,3
Jharkhand,CHATRA,Horse-gram,3
Jharkhand,CHATRA,Jowar,3
Jharkhand,CHATRA,Linseed,3
Jharkhand,CHATRA,Maize,20
Jharkhand,CHATRA,Masoor,11
Jharkhand,CHATRA,Moong(Green Gram),3
Jharkhand,CHATRA,Niger seed,3
Jharkhand,CHATRA,Onion,11
Jharkhand,CHATRA,Other  Rabi pulses,3
Jharkhand,CHATRA,Other Kharif pulses,3
Jharkhand,CHATRA,Peas & beans (Pulses),5
Jharkhand,CHATRA,Potato,24
Jharkhand,CHATRA,Ragi,13
Jharkhand,CHATRA,Rapeseed &Mustard,18
Jharkhand,CHATRA,Rice,24
Jharkhand,CHATRA,Sesamum,3
Jharkhand,CHATRA,Soyabean,3
Jharkhand,CHATRA,Sugarcane,8
Jharkhand,CHATRA,Sunflower,4
Jharkhand,CHATRA,Urad,5
Jharkhand,CHATRA,Wheat,19
Jharkhand,DEOGHAR,Arhar/Tur,14
Jharkhand,DEOGHAR,Castor seed,1
Jharkhand,DEOGHAR,Gram,16
Jharkhand,DEOGHAR,Groundnut,3
Jharkhand,DEOGHAR,Horse-gram,2
Jharkhand,DEOGHAR,Linseed,3
Jharkhand,DEOGHAR,Maize,20
Jharkhand,DEOGHAR,Masoor,6
Jharkhand,DEOGHAR,Moong(Green Gram),3
Jharkhand,DEOGHAR,Niger seed,1
Jharkhand,DEOGHAR,Onion,7
Jharkhand,DEOGHAR,Other  Rabi pulses,3
Jharkhand,DEOGHAR,Other Kharif pulses,3
Jharkhand,DEOGHAR,Peas & beans (Pulses),3
Jharkhand,DEOGHAR,Potato,21
Jharkhand,DEOGHAR,Ragi,7
Jharkhand,DEOGHAR,Rapeseed &Mustard,16
Jharkhand,DEOGHAR,Rice,31
Jharkhand,DEOGHAR,Safflower,1
Jharkhand,DEOGHAR,Sesamum,3
Jharkhand,DEOGHAR,Soyabean,2
Jharkhand,DEOGHAR,Sunflower,2
Jharkhand,DEOGHAR,Urad,3
Jharkhand,DEOGHAR,Wheat,18
Jharkhand,DHANBAD,Arhar/Tur,10
Jharkhand,DHANBAD,Bajra,1
Jharkhand,DHANBAD,Gram,12
Jharkhand,DHANBAD,Groundnut,3
Jharkhand,DHANBAD,Horse-gram,3
Jharkhand,DHANBAD,Jowar,2
Jharkhand,DHANBAD,Linseed,3
Jharkhand,DHANBAD,Maize,17
Jharkhand,DHANBAD,Masoor,3
Jharkhand,DHANBAD,Moong(Green Gram),3
Jharkhand,DHANBAD,Onion,11
Jharkhand,DHANBAD,Other  Rabi pulses,3
Jharkhand,DHANBAD,Other Kharif pulses,3
Jharkhand,DHANBAD,Peas & beans (Pulses),3
Jharkhand,DHANBAD,Potato,21
Jharkhand,DHANBAD,Ragi,7
Jharkhand,DHANBAD,Rapeseed &Mustard,10
Jharkhand,DHANBAD,Rice,19
Jharkhand,DHANBAD,Sesamum,3
Jharkhand,DHANBAD,Urad,3
Jharkhand,DHANBAD,Wheat,18
Jharkhand,DUMKA,Arhar/Tur,20
Jharkhand,DUMKA,Bajra,3
Jharkhand,DUMKA,Castor seed,3
Jharkhand,DUMKA,Gram,16
Jharkhand,DUMKA,Groundnut,3
Jharkhand,DUMKA,Horse-gram,3
Jharkhand,DUMKA,Jowar,3
Jharkhand,DUMKA,Linseed,3
Jharkhand,DUMKA,Maize,20
Jharkhand,DUMKA,Masoor,11
Jharkhand,DUMKA,Moong(Green Gram),3
Jharkhand,DUMKA,Niger seed,2
Jharkhand,DUMKA,Onion,11
Jharkhand,DUMKA,Other  Rabi pulses,3
Jharkhand,DUMKA,Other Kharif pulses,3
Jharkhand,DUMKA,Peas & beans (Pulses),3
Jharkhand,DUMKA,Potato,24
Jharkhand,DUMKA,Ragi,12
Jharkhand,DUMKA,Rapeseed &Mustard,18
Jharkhand,DUMKA,Rice,31
Jharkhand,DUMKA,Safflower,3
Jharkhand,DUMKA,Sesamum,3
Jharkhand,DUMKA,Soyabean,3
Jharkhand,DUMKA,Sunflower,6
Jharkhand,DUMKA,Urad,5
Jharkhand,DUMKA,Wheat,18
Jharkhand,EAST SINGHBUM,Arhar/Tur,14
Jharkhand,EAST SINGHBUM,Bajra,1
Jharkhand,EAST SINGHBUM,Castor seed,3
Jharkhand,EAST SINGHBUM,Gram,16
Jharkhand,EAST SINGHBUM,Groundnut,3
Jharkhand,EAST SINGHBUM,Horse-gram,3
Jharkhand,EAST SINGHBUM,Jowar,3
Jharkhand,EAST SINGHBUM,Linseed,3
Jharkhand,EAST SINGHBUM,Maize,19
Jharkhand,EAST SINGHBUM,Masoor,7
Jharkhand,EAST SINGHBUM,Moong(Green Gram),3
Jharkhand,EAST SINGHBUM,Niger seed,3
Jharkhand,EAST SINGHBUM,Onion,10
Jharkhand,EAST SINGHBUM,Other  Rabi pulses,3
Jharkhand,EAST SINGHBUM,Other Kharif pulses,3
Jharkhand,EAST SINGHBUM,Peas & beans (Pulses),5
Jharkhand,EAST SINGHBUM,Potato,20
Jharkhand,EAST SINGHBUM,Ragi,2
Jharkhand,EAST SINGHBUM,Rapeseed &Mustard,16
Jharkhand,EAST SINGHBUM,Rice,31
Jharkhand,EAST SINGHBUM,Safflower,3
Jharkhand,EAST SINGHBUM,Sesamum,3
Jharkhand,EAST SINGHBUM,Soyabean,3
Jharkhand,EAST SINGHBUM,Sugarcane,2
Jharkhand,EAST SINGHBUM,Sunflower,6
Jharkhand,EAST SINGHBUM,Urad,5
Jharkhand,EAST SINGHBUM,Wheat,18
Jharkhand,GARHWA,Arhar/Tur,18
Jharkhand,GARHWA,Barley,1
Jharkhand,GARHWA,Gram,17
Jharkhand,GARHWA,Groundnut,3
Jharkhand,GARHWA,Horse-gram,2
Jharkhand,GARHWA,Jowar,1
Jharkhand,GARHWA,Linseed,3
Jharkhand,GARHWA,Maize,19
Jharkhand,GARHWA,Masoor,15
Jharkhand,GARHWA,Moong(Green Gram),3
Jharkhand,GARHWA,Niger seed,1
Jharkhand,GARHWA,Onion,14
Jharkhand,GARHWA,Other  Rabi pulses,3
Jharkhand,GARHWA,Other Kharif pulses,3
Jharkhand,GARHWA,Peas & beans (Pulses),5
Jharkhand,GARHWA,Potato,23
Jharkhand,GARHWA,Ragi,9
Jharkhand,GARHWA,Rapeseed &Mustard,18
Jharkhand,GARHWA,Rice,30
Jharkhand,GARHWA,Sesamum,3
Jharkhand,GARHWA,Soyabean,1
Jharkhand,GARHWA,Sugarcane,7
Jharkhand,GARHWA,Sunflower,1
Jharkhand,GARHWA,Urad,5
Jharkhand,GARHWA,Wheat,18
Jharkhand,GIRIDIH,Arhar/Tur,16
Jharkhand,GIRIDIH,Bajra,3
Jharkhand,GIRIDIH,Gram,16
Jharkhand,GIRIDIH,Groundnut,3
Jharkhand,GIRIDIH,Horse-gram,3
Jharkhand,GIRIDIH,Jowar,3
Jharkhand,GIRIDIH,Linseed,3
Jharkhand,GIRIDIH,Maize,20
Jharkhand,GIRIDIH,Masoor,3
Jharkhand,GIRIDIH,Moong(Green Gram),3
Jharkhand,GIRIDIH,Niger seed,3
Jharkhand,GIRIDIH,Onion,14
Jharkhand,GIRIDIH,Other  Rabi pulses,3
Jharkhand,GIRIDIH,Other Kharif pulses,3
Jharkhand,GIRIDIH,Peas & beans (Pulses),3
Jharkhand,GIRIDIH,Potato,25
Jharkhand,GIRIDIH,Ragi,15
Jharkhand,GIRIDIH,Rapeseed &Mustard,14
Jharkhand,GIRIDIH,Rice,31
Jharkhand,GIRIDIH,Safflower,3
Jharkhand,GIRIDIH,Sesamum,3
Jharkhand,GIRIDIH,Soyabean,3
Jharkhand,GIRIDIH,Sunflower,1
Jharkhand,GIRIDIH,Urad,5
Jharkhand,GIRIDIH,Wheat,19
Jharkhand,GODDA,Arhar/Tur,18
Jharkhand,GODDA,Bajra,1
Jharkhand,GODDA,Barley,1
Jharkhand,GODDA,Castor seed,1
Jharkhand,GODDA,Gram,18
Jharkhand,GODDA,Groundnut,3
Jharkhand,GODDA,Horse-gram,3
Jharkhand,GODDA,Jowar,1
Jharkhand,GODDA,Linseed,1
Jharkhand,GODDA,Maize,20
Jharkhand,GODDA,Masoor,15
Jharkhand,GODDA,Moong(Green Gram),3
Jharkhand,GODDA,Niger seed,1
Jharkhand,GODDA,Onion,11
Jharkhand,GODDA,Other  Rabi pulses,3
Jharkhand,GODDA,Other Kharif pulses,3
Jharkhand,GODDA,Peas & beans (Pulses),4
Jharkhand,GODDA,Potato,23
Jharkhand,GODDA,Ragi,10
Jharkhand,GODDA,Rapeseed &Mustard,16
Jharkhand,GODDA,Rice,31
Jharkhand,GODDA,Safflower,2
Jharkhand,GODDA,Sesamum,3
Jharkhand,GODDA,Soyabean,2
Jharkhand,GODDA,Sugarcane,8
Jharkhand,GODDA,Sunflower,2
Jharkhand,GODDA,Urad,3
Jharkhand,GODDA,Wheat,18
Jharkhand,GUMLA,Arhar/Tur,18
Jharkhand,GUMLA,Gram,18
Jharkhand,GUMLA,Groundnut,3
Jharkhand,GUMLA,Horse-gram,3
Jharkhand,GUMLA,Jowar,1
Jharkhand,GUMLA,Linseed,3
Jharkhand,GUMLA,Maize,20
Jharkhand,GUMLA,Masoor,9
Jharkhand,GUMLA,Moong(Green Gram),3
Jharkhand,GUMLA,Niger seed,3
Jharkhand,GUMLA,Onion,11
Jharkhand,GUMLA,Other  Rabi pulses,3
Jharkhand,GUMLA,Other Kharif pulses,1
Jharkhand,GUMLA,Peas & beans (Pulses),5
Jharkhand,GUMLA,Potato,27
Jharkhand,GUMLA,Ragi,17
Jharkhand,GUMLA,Rapeseed &Mustard,18
Jharkhand,GUMLA,Rice,31
Jharkhand,GUMLA,Safflower,1
Jharkhand,GUMLA,Sesamum,1
Jharkhand,GUMLA,Sugarcane,4
Jharkhand,GUMLA,Urad,5
Jharkhand,GUMLA,Wheat,19
Jharkhand,HAZARIBAGH,Arhar/Tur,18
Jharkhand,HAZARIBAGH,Bajra,1
Jharkhand,HAZARIBAGH,Barley,1
Jharkhand,HAZARIBAGH,Gram,18
Jharkhand,HAZARIBAGH,Groundnut,3
Jharkhand,HAZARIBAGH,Horse-gram,3
Jharkhand,HAZARIBAGH,Jowar,3
Jharkhand,HAZARIBAGH,Linseed,3
Jharkhand,HAZARIBAGH,Maize,19
Jharkhand,HAZARIBAGH,Masoor,10
Jharkhand,HAZARIBAGH,Moong(Green Gram),3
Jharkhand,HAZARIBAGH,Niger seed,2
Jharkhand,HAZARIBAGH,Onion,14
Jharkhand,HAZARIBAGH,Other  Rabi pulses,3
Jharkhand,HAZARIBAGH,Other Kharif pulses,3
Jharkhand,HAZARIBAGH,Peas & beans (Pulses),5
Jharkhand,HAZARIBAGH,Potato,29
Jharkhand,HAZARIBAGH,Ragi,17
Jharkhand,HAZARIBAGH,Rapeseed &Mustard,16
Jharkhand,HAZARIBAGH,Rice,31
Jharkhand,HAZARIBAGH,Safflower,1
Jharkhand,HAZARIBAGH,Sesamum,2
Jharkhand,HAZARIBAGH,Soyabean,1
Jharkhand,HAZARIBAGH,Sugarcane,11
Jharkhand,HAZARIBAGH,Urad,5
Jharkhand,HAZARIBAGH,Wheat,19
Jharkhand,JAMTARA,Arhar/Tur,16
Jharkhand,JAMTARA,Bajra,1
Jharkhand,JAMTARA,Gram,16
Jharkhand,JAMTARA,Groundnut,3
Jharkhand,JAMTARA,Horse-gram,2
Jharkhand,JAMTARA,Jowar,3
Jharkhand,JAMTARA,Linseed,1
Jharkhand,JAMTARA,Maize,19
Jharkhand,JAMTARA,Masoor,4
Jharkhand,JAMTARA,Moong(Green Gram),3
Jharkhand,JAMTARA,Onion,11
Jharkhand,JAMTARA,Other  Rabi pulses,3
Jharkhand,JAMTARA,Other Kharif pulses,2
Jharkhand,JAMTARA,Peas & beans (Pulses),4
Jharkhand,JAMTARA,Potato,24
Jharkhand,JAMTARA,Ragi,8
Jharkhand,JAMTARA,Rapeseed &Mustard,16
Jharkhand,JAMTARA,Rice,25
Jharkhand,JAMTARA,Sesamum,2
Jharkhand,JAMTARA,Soyabean,1
Jharkhand,JAMTARA,Urad,3
Jharkhand,JAMTARA,Wheat,17
Jharkhand,KHUNTI,Arhar/Tur,12
Jharkhand,KHUNTI,Bajra,1
Jharkhand,KHUNTI,Gram,12
Jharkhand,KHUNTI,Groundnut,3
Jharkhand,KHUNTI,Horse-gram,1
Jharkhand,KHUNTI,Jowar,3
Jharkhand,KHUNTI,Linseed,3
Jharkhand,KHUNTI,Maize,13
Jharkhand,KHUNTI,Masoor,6
Jharkhand,KHUNTI,Moong(Green Gram),3
Jharkhand,KHUNTI,Niger seed,1
Jharkhand,KHUNTI,Onion,9
Jharkhand,KHUNTI,Other  Rabi pulses,2
Jharkhand,KHUNTI,Other Kharif pulses,1
Jharkhand,KHUNTI,Peas & beans (Pulses),5
Jharkhand,KHUNTI,Potato,17
Jharkhand,KHUNTI,Ragi,11
Jharkhand,KHUNTI,Rapeseed &Mustard,12
Jharkhand,KHUNTI,Rice,19
Jharkhand,KHUNTI,Safflower,3
Jharkhand,KHUNTI,Sesamum,2
Jharkhand,KHUNTI,Soyabean,2
Jharkhand,KHUNTI,Sunflower,1
Jharkhand,KHUNTI,Urad,5
Jharkhand,KHUNTI,Wheat,13
Jharkhand,KODERMA,Arhar/Tur,18
Jharkhand,KODERMA,Bajra,1
Jharkhand,KODERMA,Gram,16
Jharkhand,KODERMA,Groundnut,3
Jharkhand,KODERMA,Horse-gram,3
Jharkhand,KODERMA,Jowar,3
Jharkhand,KODERMA,Linseed,3
Jharkhand,KODERMA,Maize,18
Jharkhand,KODERMA,Masoor,9
Jharkhand,KODERMA,Moong(Green Gram),3
Jharkhand,KODERMA,Niger seed,2
Jharkhand,KODERMA,Onion,11
Jharkhand,KODERMA,Other  Rabi pulses,3
Jharkhand,KODERMA,Other Kharif pulses,2
Jharkhand,KODERMA,Peas & beans (Pulses),5
Jharkhand,KODERMA,Potato,23
Jharkhand,KODERMA,Ragi,17
Jharkhand,KODERMA,Rapeseed &Mustard,16
Jharkhand,KODERMA,Rice,27
Jharkhand,KODERMA,Safflower,1
Jharkhand,KODERMA,Sesamum,3
Jharkhand,KODERMA,Soyabean,2
Jharkhand,KODERMA,Sugarcane,7
Jharkhand,KODERMA,Sunflower,2
Jharkhand,KODERMA,Urad,5
Jharkhand,KODERMA,Wheat,19
Jharkhand,LATEHAR,Arhar/Tur,16
Jharkhand,LATEHAR,Gram,17
Jharkhand,LATEHAR,Groundnut,3
Jharkhand,LATEHAR,Horse-gram,3
Jharkhand,LATEHAR,Jowar,2
Jharkhand,LATEHAR,Linseed,3
Jharkhand,LATEHAR,Maize,16
Jharkhand,LATEHAR,Masoor,14
Jharkhand,LATEHAR,Moong(Green Gram),3
Jharkhand,LATEHAR,Niger seed,1
Jharkhand,LATEHAR,Onion,11
Jharkhand,LATEHAR,Other  Rabi pulses,3
Jharkhand,LATEHAR,Other Kharif pulses,3
Jharkhand,LATEHAR,Peas & beans (Pulses),5
Jharkhand,LATEHAR,Potato,27
Jharkhand,LATEHAR,Ragi,15
Jharkhand,LATEHAR,Rapeseed &Mustard,17
Jharkhand,LATEHAR,Rice,29
Jharkhand,LATEHAR,Sesamum,3
Jharkhand,LATEHAR,Soyabean,2
Jharkhand,LATEHAR,Sugarcane,2
Jharkhand,LATEHAR,Sunflower,2
Jharkhand,LATEHAR,Urad,5
Jharkhand,LATEHAR,Wheat,17
Jharkhand,LOHARDAGA,Arhar/Tur,18
Jharkhand,LOHARDAGA,Gram,16
Jharkhand,LOHARDAGA,Groundnut,3
Jharkhand,LOHARDAGA,Horse-gram,2
Jharkhand,LOHARDAGA,Jowar,2
Jharkhand,LOHARDAGA,Linseed,3
Jharkhand,LOHARDAGA,Maize,18
Jharkhand,LOHARDAGA,Masoor,11
Jharkhand,LOHARDAGA,Moong(Green Gram),3
Jharkhand,LOHARDAGA,Niger seed,3
Jharkhand,LOHARDAGA,Onion,12
Jharkhand,LOHARDAGA,Other  Rabi pulses,3
Jharkhand,LOHARDAGA,Other Kharif pulses,3
Jharkhand,LOHARDAGA,Peas & beans (Pulses),5
Jharkhand,LOHARDAGA,Potato,23
Jharkhand,LOHARDAGA,Ragi,17
Jharkhand,LOHARDAGA,Rapeseed &Mustard,16
Jharkhand,LOHARDAGA,Rice,31
Jharkhand,LOHARDAGA,Soyabean,1
Jharkhand,LOHARDAGA,Sugarcane,6
Jharkhand,LOHARDAGA,Urad,5
Jharkhand,LOHARDAGA,Wheat,19
Jharkhand,PAKUR,Arhar/Tur,18
Jharkhand,PAKUR,Gram,18
Jharkhand,PAKUR,Groundnut,3
Jharkhand,PAKUR,Horse-gram,3
Jharkhand,PAKUR,Jowar,3
Jharkhand,PAKUR,Linseed,3
Jharkhand,PAKUR,Maize,20
Jharkhand,PAKUR,Masoor,11
Jharkhand,PAKUR,Moong(Green Gram),2
Jharkhand,PAKUR,Niger seed,3
Jharkhand,PAKUR,Onion,7
Jharkhand,PAKUR,Other  Rabi pulses,3
Jharkhand,PAKUR,Other Kharif pulses,2
Jharkhand,PAKUR,Peas & beans (Pulses),4
Jharkhand,PAKUR,Potato,18
Jharkhand,PAKUR,Ragi,2
Jharkhand,PAKUR,Rapeseed &Mustard,18
Jharkhand,PAKUR,Rice,31
Jharkhand,PAKUR,Safflower,2
Jharkhand,PAKUR,Sesamum,3
Jharkhand,PAKUR,Soyabean,2
Jharkhand,PAKUR,Sugarcane,3
Jharkhand,PAKUR,Sunflower,2
Jharkhand,PAKUR,Urad,4
Jharkhand,PAKUR,Wheat,18
Jharkhand,PALAMU,Arhar/Tur,18
Jharkhand,PALAMU,Bajra,1
Jharkhand,PALAMU,Barley,1
Jharkhand,PALAMU,Castor seed,3
Jharkhand,PALAMU,Gram,18
Jharkhand,PALAMU,Groundnut,3
Jharkhand,PALAMU,Horse-gram,3
Jharkhand,PALAMU,Jowar,1
Jharkhand,PALAMU,Linseed,3
Jharkhand,PALAMU,Maize,20
Jharkhand,PALAMU,Masoor,16
Jharkhand,PALAMU,Moong(Green Gram),3
Jharkhand,PALAMU,Niger seed,3
Jharkhand,PALAMU,Onion,13
Jharkhand,PALAMU,Other  Rabi pulses,3
Jharkhand,PALAMU,Other Kharif pulses,3
Jharkhand,PALAMU,Peas & beans (Pulses),5
Jharkhand,PALAMU,Potato,27
Jharkhand,PALAMU,Ragi,13
Jharkhand,PALAMU,Rapeseed &Mustard,18
Jharkhand,PALAMU,Rice,29
Jharkhand,PALAMU,Safflower,1
Jharkhand,PALAMU,Sesamum,3
Jharkhand,PALAMU,Soyabean,3
Jharkhand,PALAMU,Sugarcane,7
Jharkhand,PALAMU,Sunflower,3
Jharkhand,PALAMU,Urad,5
Jharkhand,PALAMU,Wheat,18
Jharkhand,RAMGARH,Arhar/Tur,12
Jharkhand,RAMGARH,Bajra,1
Jharkhand,RAMGARH,Gram,12
Jharkhand,RAMGARH,Groundnut,3
Jharkhand,RAMGARH,Horse-gram,3
Jharkhand,RAMGARH,Jowar,3
Jharkhand,RAMGARH,Linseed,3
Jharkhand,RAMGARH,Maize,13
Jharkhand,RAMGARH,Masoor,3
Jharkhand,RAMGARH,Moong(Green Gram),3
Jharkhand,RAMGARH,Niger seed,2
Jharkhand,RAMGARH,Onion,8
Jharkhand,RAMGARH,Other  Rabi pulses,3
Jharkhand,RAMGARH,Other Kharif pulses,3
Jharkhand,RAMGARH,Peas & beans (Pulses),3
Jharkhand,RAMGARH,Potato,17
Jharkhand,RAMGARH,Ragi,10
Jharkhand,RAMGARH,Rapeseed &Mustard,11
Jharkhand,RAMGARH,Rice,18
Jharkhand,RAMGARH,Safflower,1
Jharkhand,RAMGARH,Sesamum,2
Jharkhand,RAMGARH,Soyabean,1
Jharkhand,RAMGARH,Urad,3
Jharkhand,RAMGARH,Wheat,13
Jharkhand,RANCHI,Arhar/Tur,18
Jharkhand,RANCHI,Gram,18
Jharkhand,RANCHI,Groundnut,3
Jharkhand,RANCHI,Horse-gram,2
Jharkhand,RANCHI,Jowar,1
Jharkhand,RANCHI,Linseed,3
Jharkhand,RANCHI,Maize,20
Jharkhand,RANCHI,Masoor,9
Jharkhand,RANCHI,Moong(Green Gram),3
Jharkhand,RANCHI,Niger seed,2
Jharkhand,RANCHI,Onion,14
Jharkhand,RANCHI,Other  Rabi pulses,3
Jharkhand,RANCHI,Other Kharif pulses,3
Jharkhand,RANCHI,Peas & beans (Pulses),5
Jharkhand,RANCHI,Potato,29
Jharkhand,RANCHI,Ragi,17
Jharkhand,RANCHI,Rapeseed &Mustard,18
Jharkhand,RANCHI,Rice,31
Jharkhand,RANCHI,Safflower,1
Jharkhand,RANCHI,Sesamum,3
Jharkhand,RANCHI,Soyabean,2
Jharkhand,RANCHI,Sunflower,1
Jharkhand,RANCHI,Urad,5
Jharkhand,RANCHI,Wheat,19
Jharkhand,SAHEBGANJ,Arhar/Tur,17
Jharkhand,SAHEBGANJ,Bajra,3
Jharkhand,SAHEBGANJ,Gram,18
Jharkhand,SAHEBGANJ,Groundnut,3
Jharkhand,SAHEBGANJ,Horse-gram,1
Jharkhand,SAHEBGANJ,Jowar,3
Jharkhand,SAHEBGANJ,Linseed,3
Jharkhand,SAHEBGANJ,Maize,20
Jharkhand,SAHEBGANJ,Masoor,12
Jharkhand,SAHEBGANJ,Moong(Green Gram),3
Jharkhand,SAHEBGANJ,Onion,8
Jharkhand,SAHEBGANJ,Other  Rabi pulses,3
Jharkhand,SAHEBGANJ,Other Kharif pulses,2
Jharkhand,SAHEBGANJ,Peas & beans (Pulses),5
Jharkhand,SAHEBGANJ,Potato,18
Jharkhand,SAHEBGANJ,Ragi,3
Jharkhand,SAHEBGANJ,Rapeseed &Mustard,18
Jharkhand,SAHEBGANJ,Rice,27
Jharkhand,SAHEBGANJ,Sesamum,2
Jharkhand,SAHEBGANJ,Soyabean,2
Jharkhand,SAHEBGANJ,Sugarcane,3
Jharkhand,SAHEBGANJ,Urad,5
Jharkhand,SAHEBGANJ,Wheat,18
Jharkhand,SARAIKELA KHARSAWAN,Arhar/Tur,16
Jharkhand,SARAIKELA KHARSAWAN,Bajra,3
Jharkhand,SARAIKELA KHARSAWAN,Gram,16
Jharkhand,SARAIKELA KHARSAWAN,Groundnut,3
Jharkhand,SARAIKELA KHARSAWAN,Horse-gram,1
Jharkhand,SARAIKELA KHARSAWAN,Jowar,3
Jharkhand,SARAIKELA KHARSAWAN,Linseed,3
Jharkhand,SARAIKELA KHARSAWAN,Maize,19
Jharkhand,SARAIKELA KHARSAWAN,Masoor,7
Jharkhand,SARAIKELA KHARSAWAN,Moong(Green Gram),3
Jharkhand,SARAIKELA KHARSAWAN,Niger seed,3
Jharkhand,SARAIKELA KHARSAWAN,Onion,11
Jharkhand,SARAIKELA KHARSAWAN,Other  Rabi pulses,3
Jharkhand,SARAIKELA KHARSAWAN,Other Kharif pulses,3
Jharkhand,SARAIKELA KHARSAWAN,Peas & beans (Pulses),5
Jharkhand,SARAIKELA KHARSAWAN,Potato,20
Jharkhand,SARAIKELA KHARSAWAN,Ragi,3
Jharkhand,SARAIKELA KHARSAWAN,Rapeseed &Mustard,15
Jharkhand,SARAIKELA KHARSAWAN,Rice,27
Jharkhand,SARAIKELA KHARSAWAN,Safflower,1
Jharkhand,SARAIKELA KHARSAWAN,Sesamum,3
Jharkhand,SARAIKELA KHARSAWAN,Soyabean,2
Jharkhand,SARAIKELA KHARSAWAN,Sugarcane,1
Jharkhand,SARAIKELA KHARSAWAN,Sunflower,4
Jharkhand,SARAIKELA KHARSAWAN,Urad,5
Jharkhand,SARAIKELA KHARSAWAN,Wheat,18
Jharkhand,SIMDEGA,Arhar/Tur,16
Jharkhand,SIMDEGA,Bajra,3
Jharkhand,SIMDEGA,Castor seed,1
Jharkhand,SIMDEGA,Gram,17
Jharkhand,SIMDEGA,Groundnut,3
Jharkhand,SIMDEGA,Horse-gram,3
Jharkhand,SIMDEGA,Jowar,3
Jharkhand,SIMDEGA,Linseed,3
Jharkhand,SIMDEGA,Maize,19
Jharkhand,SIMDEGA,Masoor,8
Jharkhand,SIMDEGA,Moong(Green Gram),3
Jharkhand,SIMDEGA,Niger seed,2
Jharkhand,SIMDEGA,Onion,11
Jharkhand,SIMDEGA,Other  Rabi pulses,3
Jharkhand,SIMDEGA,Other Kharif pulses,3
Jharkhand,SIMDEGA,Peas & beans (Pulses),5
Jharkhand,SIMDEGA,Potato,23
Jharkhand,SIMDEGA,Ragi,16
Jharkhand,SIMDEGA,Rapeseed &Mustard,16
Jharkhand,SIMDEGA,Rice,29
Jharkhand,SIMDEGA,Safflower,3
Jharkhand,SIMDEGA,Sesamum,2
Jharkhand,SIMDEGA,Soyabean,2
Jharkhand,SIMDEGA,Sugarcane,1
Jharkhand,SIMDEGA,Sunflower,4
Jharkhand,SIMDEGA,Urad,5
Jharkhand,SIMDEGA,Wheat,18
Jharkhand,WEST SINGHBHUM,Arhar/Tur,18
Jharkhand,WEST SINGHBHUM,Bajra,3
Jharkhand,WEST SINGHBHUM,Gram,18
Jharkhand,WEST SINGHBHUM,Groundnut,3
Jharkhand,WEST SINGHBHUM,Horse-gram,3
Jharkhand,WEST SINGHBHUM,Jowar,3
Jharkhand,WEST SINGHBHUM,Linseed,3
Jharkhand,WEST SINGHBHUM,Maize,18
Jharkhand,WEST SINGHBHUM,Masoor,11
Jharkhand,WEST SINGHBHUM,Moong(Green Gram),3
Jharkhand,WEST SINGHBHUM,Niger seed,3
Jharkhand,WEST SINGHBHUM,Onion,3
Jharkhand,WEST SINGHBHUM,Other  Rabi pulses,3
Jharkhand,WEST SINGHBHUM,Other Kharif pulses,3
Jharkhand,WEST SINGHBHUM,Peas & beans (Pulses),4
Jharkhand,WEST SINGHBHUM,Potato,14
Jharkhand,WEST SINGHBHUM,Ragi,12
Jharkhand,WEST SINGHBHUM,Rapeseed &Mustard,15
Jharkhand,WEST SINGHBHUM,Rice,31
Jharkhand,WEST SINGHBHUM,Sesamum,3
Jharkhand,WEST SINGHBHUM,Soyabean,2
Jharkhand,WEST SINGHBHUM,Urad,4
Jharkhand,WEST SINGHBHUM,Wheat,18
Karnataka,BAGALKOTE,Arecanut,6
Karnataka,BAGALKOTE,Arhar/Tur,22
Karnataka,BAGALKOTE,Bajra,23
Karnataka,BAGALKOTE,Banana,12
Karnataka,BAGALKOTE,Black pepper,1
Karnataka,BAGALKOTE,Cashewnut,8
Karnataka,BAGALKOTE,Castor seed,10
Karnataka,BAGALKOTE,Coconut,22
Karnataka,BAGALKOTE,Coriander,20
Karnataka,BAGALKOTE,Cotton(lint),33
Karnataka,BAGALKOTE,Cowpea(Lobia),28
Karnataka,BAGALKOTE,Dry chillies,45
Karnataka,BAGALKOTE,Garlic,19
Karnataka,BAGALKOTE,Ginger,6
Karnataka,BAGALKOTE,Gram,23
Karnataka,BAGALKOTE,Groundnut,43
Karnataka,BAGALKOTE,Horse-gram,44
Karnataka,BAGALKOTE,Jowar,49
Karnataka,BAGALKOTE,Linseed,22
Karnataka,BAGALKOTE,Maize,66
Karnataka,BAGALKOTE,Mesta,13
Karnataka,BAGALKOTE,Moong(Green Gram),23
Karnataka,BAGALKOTE,Niger seed,20
Karnataka,BAGALKOTE,Onion,52
Karnataka,BAGALKOTE,Other  Rabi pulses,17
Karnataka,BAGALKOTE,Other Kharif pulses,21
Karnataka,BAGALKOTE,Potato,3
Karnataka,BAGALKOTE,Ragi,3
Karnataka,BAGALKOTE,Rapeseed &Mustard,11
Karnataka,BAGALKOTE,Rice,28
Karnataka,BAGALKOTE,Safflower,22
Karnataka,BAGALKOTE,Sannhamp,7
Karnataka,BAGALKOTE,Sesamum,22
Karnataka,BAGALKOTE,Small millets,16
Karnataka,BAGALKOTE,Soyabean,22
Karnataka,BAGALKOTE,Sugarcane,20
Karnataka,BAGALKOTE,Sunflower,66
Karnataka,BAGALKOTE,Sweet potato,16
Karnataka,BAGALKOTE,Tapioca,2
Karnataka,BAGALKOTE,Tobacco,3
Karnataka,BAGALKOTE,Turmeric,21
Karnataka,BAGALKOTE,Urad,14
Karnataka,BAGALKOTE,Wheat,22
Karnataka,BALLARI,Arecanut,20
Karnataka,BALLARI,Arhar/Tur,23
Karnataka,BALLARI,Bajra,55
Karnataka,BALLARI,Banana,12
Karnataka,BALLARI,Cashewnut,5
Karnataka,BALLARI,Castor seed,22
Karnataka,BALLARI,Coconut,22
Karnataka,BALLARI,Coriander,22
Karnataka,BALLARI,Cotton(lint),36
Karnataka,BALLARI,Cowpea(Lobia),28
Karnataka,BALLARI,Dry chillies,47
Karnataka,BALLARI,Garlic,9
Karnataka,BALLARI,Ginger,13
Karnataka,BALLARI,Gram,24
Karnataka,BALLARI,Groundnut,46
Karnataka,BALLARI,Horse-gram,46
Karnataka,BALLARI,Jowar,69
Karnataka,BALLARI,Linseed,13
Karnataka,BALLARI,Maize,69
Karnataka,BALLARI,Mesta,6
Karnataka,BALLARI,Moong(Green Gram),39
Karnataka,BALLARI,Niger seed,22
Karnataka,BALLARI,Onion,52
Karnataka,BALLARI,Other  Rabi pulses,18
Karnataka,BALLARI,Other Kharif pulses,21
Karnataka,BALLARI,Potato,8
Karnataka,BALLARI,Ragi,61
Karnataka,BALLARI,Rapeseed &Mustard,15
Karnataka,BALLARI,Rice,57
Karnataka,BALLARI,Safflower,22
Karnataka,BALLARI,Sannhamp,8
Karnataka,BALLARI,Sesamum,22
Karnataka,BALLARI,Small millets,20
Karnataka,BALLARI,Soyabean,3
Karnataka,BALLARI,Sugarcane,21
Karnataka,BALLARI,Sunflower,66
Karnataka,BALLARI,Sweet potato,2
Karnataka,BALLARI,Tapioca,1
Karnataka,BALLARI,Tobacco,19
Karnataka,BALLARI,Turmeric,11
Karnataka,BALLARI,Urad,42
Karnataka,BALLARI,Wheat,23
Karnataka,BANGALORE RURAL,Arecanut,20
Karnataka,BANGALORE RURAL,Arhar/Tur,22
Karnataka,BANGALORE RURAL,Bajra,13
Karnataka,BANGALORE RURAL,Banana,12
Karnataka,BANGALORE RURAL,Black pepper,15
Karnataka,BANGALORE RURAL,Cardamom,1
Karnataka,BANGALORE RURAL,Cashewnut,12
Karnataka,BANGALORE RURAL,Castor seed,22
Karnataka,BANGALORE RURAL,Coconut,22
Karnataka,BANGALORE RURAL,Coriander,17
Karnataka,BANGALORE RURAL,Cotton(lint),5
Karnataka,BANGALORE RURAL,Cowpea(Lobia),20
Karnataka,BANGALORE RURAL,Dry chillies,41
Karnataka,BANGALORE RURAL,Garlic,16
Karnataka,BANGALORE RURAL,Ginger,22
Karnataka,BANGALORE RURAL,Gram,23
Karnataka,BANGALORE RURAL,Groundnut,43
Karnataka,BANGALORE RURAL,Horse-gram,44
Karnataka,BANGALORE RURAL,Jowar,5
Karnataka,BANGALORE RURAL,Linseed,1
Karnataka,BANGALORE RURAL,Maize,66
Karnataka,BANGALORE RURAL,Mesta,1
Karnataka,BANGALORE RURAL,Moong(Green Gram),24
Karnataka,BANGALORE RURAL,Niger seed,22
Karnataka,BANGALORE RURAL,Onion,48
Karnataka,BANGALORE RURAL,Other  Rabi pulses,20
Karnataka,BANGALORE RURAL,Other Kharif pulses,21
Karnataka,BANGALORE RURAL,Peas & beans (Pulses),13
Karnataka,BANGALORE RURAL,Potato,52
Karnataka,BANGALORE RURAL,Ragi,66
Karnataka,BANGALORE RURAL,Rapeseed &Mustard,21
Karnataka,BANGALORE RURAL,Rice,60
Karnataka,BANGALORE RURAL,Safflower,2
Karnataka,BANGALORE RURAL,Sannhamp,1
Karnataka,BANGALORE RURAL,Sesamum,22
Karnataka,BANGALORE RURAL,Small millets,16
Karnataka,BANGALORE RURAL,Soyabean,4
Karnataka,BANGALORE RURAL,Sugarcane,15
Karnataka,BANGALORE RURAL,Sunflower,52
Karnataka,BANGALORE RURAL,Sweet potato,20
Karnataka,BANGALORE RURAL,Tapioca,20
Karnataka,BANGALORE RURAL,Tobacco,3
Karnataka,BANGALORE RURAL,Turmeric,19
Karnataka,BANGALORE RURAL,Urad,23
Karnataka,BANGALORE RURAL,Wheat,4
Karnataka,BELAGAVI,Arecanut,15
Karnataka,BELAGAVI,Arhar/Tur,23
Karnataka,BELAGAVI,Bajra,26
Karnataka,BELAGAVI,Banana,12
Karnataka,BELAGAVI,Black pepper,4
Karnataka,BELAGAVI,Cardamom,1
Karnataka,BELAGAVI,Cashewnut,12
Karnataka,BELAGAVI,Castor seed,21
Karnataka,BELAGAVI,Coconut,22
Karnataka,BELAGAVI,Coriander,19
Karnataka,BELAGAVI,Cotton(lint),33
Karnataka,BELAGAVI,Cowpea(Lobia),28
Karnataka,BELAGAVI,Dry chillies,46
Karnataka,BELAGAVI,Garlic,22
Karnataka,BELAGAVI,Ginger,10
Karnataka,BELAGAVI,Gram,24
Karnataka,BELAGAVI,Groundnut,46
Karnataka,BELAGAVI,Horse-gram,46
Karnataka,BELAGAVI,Jowar,69
Karnataka,BELAGAVI,Linseed,22
Karnataka,BELAGAVI,Maize,69
Karnataka,BELAGAVI,Mesta,17
Karnataka,BELAGAVI,Moong(Green Gram),44
Karnataka,BELAGAVI,Niger seed,22
Karnataka,BELAGAVI,Onion,52
Karnataka,BELAGAVI,Other  Rabi pulses,21
Karnataka,BELAGAVI,Other Kharif pulses,21
Karnataka,BELAGAVI,Peas & beans (Pulses),11
Karnataka,BELAGAVI,Potato,48
Karnataka,BELAGAVI,Ragi,28
Karnataka,BELAGAVI,Rapeseed &Mustard,21
Karnataka,BELAGAVI,Rice,45
Karnataka,BELAGAVI,Safflower,22
Karnataka,BELAGAVI,Sannhamp,7
Karnataka,BELAGAVI,Sesamum,22
Karnataka,BELAGAVI,Small millets,20
Karnataka,BELAGAVI,Soyabean,22
Karnataka,BELAGAVI,Sugarcane,21
Karnataka,BELAGAVI,Sunflower,66
Karnataka,BELAGAVI,Sweet potato,20
Karnataka,BELAGAVI,Tapioca,4
Karnataka,BELAGAVI,Tobacco,19
Karnataka,BELAGAVI,Turmeric,23
Karnataka,BELAGAVI,Urad,25
Karnataka,BELAGAVI,Wheat,23
Karnataka,BENGALURU URBAN,Arecanut,21
Karnataka,BENGALURU URBAN,Arhar/Tur,23
Karnataka,BENGALURU URBAN,Bajra,6
Karnataka,BENGALURU URBAN,Banana,12
Karnataka,BENGALURU URBAN,Black pepper,11
Karnataka,BENGALURU URBAN,Cashewnut,4
Karnataka,BENGALURU URBAN,Castor seed,22
Karnataka,BENGALURU URBAN,Coconut,22
Karnataka,BENGALURU URBAN,Coriander,21
Karnataka,BENGALURU URBAN,Cotton(lint),2
Karnataka,BENGALURU URBAN,Cowpea(Lobia),24
Karnataka,BENGALURU URBAN,Dry chillies,45
Karnataka,BENGALURU URBAN,Garlic,15
Karnataka,BENGALURU URBAN,Ginger,12
Karnataka,BENGALURU URBAN,Gram,14
Karnataka,BENGALURU URBAN,Groundnut,41
Karnataka,BENGALURU URBAN,Horse-gram,46
Karnataka,BENGALURU URBAN,Jowar,13
Karnataka,BENGALURU URBAN,Linseed,3
Karnataka,BENGALURU URBAN,Maize,69
Karnataka,BENGALURU URBAN,Moong(Green Gram),23
Karnataka,BENGALURU URBAN,Niger seed,22
Karnataka,BENGALURU URBAN,Onion,31
Karnataka,BENGALURU URBAN,Other  Rabi pulses,21
Karnataka,BENGALURU URBAN,Other Kharif pulses,21
Karnataka,BENGALURU URBAN,Peas & beans (Pulses),13
Karnataka,BENGALURU URBAN,Potato,46
Karnataka,BENGALURU URBAN,Ragi,69
Karnataka,BENGALURU URBAN,Rapeseed &Mustard,21
Karnataka,BENGALURU URBAN,Rice,52
Karnataka,BENGALURU URBAN,Safflower,1
Karnataka,BENGALURU URBAN,Sannhamp,1
Karnataka,BENGALURU URBAN,Sesamum,21
Karnataka,BENGALURU URBAN,Small millets,16
Karnataka,BENGALURU URBAN,Soyabean,2
Karnataka,BENGALURU URBAN,Sugarcane,14
Karnataka,BENGALURU URBAN,Sunflower,31
Karnataka,BENGALURU URBAN,Sweet potato,5
Karnataka,BENGALURU URBAN,Tapioca,3
Karnataka,BENGALURU URBAN,Tobacco,2
Karnataka,BENGALURU URBAN,Turmeric,6
Karnataka,BENGALURU URBAN,Urad,21
Karnataka,BENGALURU URBAN,Wheat,1
Karnataka,BIDAR,Arhar/Tur,23
Karnataka,BIDAR,Bajra,24
Karnataka,BIDAR,Banana,12
Karnataka,BIDAR,Black pepper,3
Karnataka,BIDAR,Cashewnut,11
Karnataka,BIDAR,Castor seed,5
Karnataka,BIDAR,Coconut,21
Karnataka,BIDAR,Coriander,19
Karnataka,BIDAR,Cotton(lint),23
Karnataka,BIDAR,Cowpea(Lobia),12
Karnataka,BIDAR,Dry chillies,46
Karnataka,BIDAR,Garlic,22
Karnataka,BIDAR,Ginger,23
Karnataka,BIDAR,Gram,22
Karnataka,BIDAR,Groundnut,46
Karnataka,BIDAR,Horse-gram,17
Karnataka,BIDAR,Jowar,51
Karnataka,BIDAR,Linseed,22
Karnataka,BIDAR,Maize,61
Karnataka,BIDAR,Mesta,19
Karnataka,BIDAR,Moong(Green Gram),23
Karnataka,BIDAR,Niger seed,22
Karnataka,BIDAR,Onion,51
Karnataka,BIDAR,Other  Rabi pulses,21
Karnataka,BIDAR,Other Kharif pulses,21
Karnataka,BIDAR,Peas & beans (Pulses),11
Karnataka,BIDAR,Potato,46
Karnataka,BIDAR,Ragi,3
Karnataka,BIDAR,Rapeseed &Mustard,21
Karnataka,BIDAR,Rice,32
Karnataka,BIDAR,Safflower,22
Karnataka,BIDAR,Sannhamp,18
Karnataka,BIDAR,Sesamum,22
Karnataka,BIDAR,Small millets,19
Karnataka,BIDAR,Soyabean,22
Karnataka,BIDAR,Sugarcane,21
Karnataka,BIDAR,Sunflower,59
Karnataka,BIDAR,Sweet potato,4
Karnataka,BIDAR,Tapioca,2
Karnataka,BIDAR,Tobacco,1
Karnataka,BIDAR,Turmeric,23
Karnataka,BIDAR,Urad,22
Karnataka,BIDAR,Wheat,23
Karnataka,CHAMARAJANAGARA,Arecanut,20
Karnataka,CHAMARAJANAGARA,Arhar/Tur,22
Karnataka,CHAMARAJANAGARA,Bajra,23
Karnataka,CHAMARAJANAGARA,Banana,12
Karnataka,CHAMARAJANAGARA,Black pepper,13
Karnataka,CHAMARAJANAGARA,Cardamom,14
Karnataka,CHAMARAJANAGARA,Cashewnut,12
Karnataka,CHAMARAJANAGARA,Castor seed,22
Karnataka,CHAMARAJANAGARA,Coconut,22
Karnataka,CHAMARAJANAGARA,Coriander,21
Karnataka,CHAMARAJANAGARA,Cotton(lint),26
Karnataka,CHAMARAJANAGARA,Cowpea(Lobia),18
Karnataka,CHAMARAJANAGARA,Dry chillies,43
Karnataka,CHAMARAJANAGARA,Garlic,21
Karnataka,CHAMARAJANAGARA,Ginger,15
Karnataka,CHAMARAJANAGARA,Gram,24
Karnataka,CHAMARAJANAGARA,Groundnut,37
Karnataka,CHAMARAJANAGARA,Horse-gram,42
Karnataka,CHAMARAJANAGARA,Jowar,45
Karnataka,CHAMARAJANAGARA,Linseed,2
Karnataka,CHAMARAJANAGARA,Maize,66
Karnataka,CHAMARAJANAGARA,Moong(Green Gram),41
Karnataka,CHAMARAJANAGARA,Niger seed,21
Karnataka,CHAMARAJANAGARA,Onion,52
Karnataka,CHAMARAJANAGARA,Other  Rabi pulses,21
Karnataka,CHAMARAJANAGARA,Other Kharif pulses,21
Karnataka,CHAMARAJANAGARA,Peas & beans (Pulses),13
Karnataka,CHAMARAJANAGARA,Potato,32
Karnataka,CHAMARAJANAGARA,Ragi,66
Karnataka,CHAMARAJANAGARA,Rapeseed &Mustard,1
Karnataka,CHAMARAJANAGARA,Rice,65
Karnataka,CHAMARAJANAGARA,Safflower,2
Karnataka,CHAMARAJANAGARA,Sannhamp,3
Karnataka,CHAMARAJANAGARA,Sesamum,22
Karnataka,CHAMARAJANAGARA,Small millets,16
Karnataka,CHAMARAJANAGARA,Soyabean,6
Karnataka,CHAMARAJANAGARA,Sugarcane,20
Karnataka,CHAMARAJANAGARA,Sunflower,63
Karnataka,CHAMARAJANAGARA,Sweet potato,2
Karnataka,CHAMARAJANAGARA,Tapioca,6
Karnataka,CHAMARAJANAGARA,Tobacco,19
Karnataka,CHAMARAJANAGARA,Turmeric,22
Karnataka,CHAMARAJANAGARA,Urad,38
Karnataka,CHAMARAJANAGARA,Wheat,6
Karnataka,CHIKKABALLAPURA,Arecanut,10
Karnataka,CHIKKABALLAPURA,Arhar/Tur,13
Karnataka,CHIKKABALLAPURA,Bajra,9
Karnataka,CHIKKABALLAPURA,Banana,5
Karnataka,CHIKKABALLAPURA,Cashewnut,12
Karnataka,CHIKKABALLAPURA,Castor seed,13
Karnataka,CHIKKABALLAPURA,Coconut,13
Karnataka,CHIKKABALLAPURA,Coriander,10
Karnataka,CHIKKABALLAPURA,Cotton(lint),14
Karnataka,CHIKKABALLAPURA,Cowpea(Lobia),15
Karnataka,CHIKKABALLAPURA,Dry chillies,30
Karnataka,CHIKKABALLAPURA,Garlic,10
Karnataka,CHIKKABALLAPURA,Ginger,10
Karnataka,CHIKKABALLAPURA,Gram,13
Karnataka,CHIKKABALLAPURA,Groundnut,26
Karnataka,CHIKKABALLAPURA,Horse-gram,26
Karnataka,CHIKKABALLAPURA,Jowar,10
Karnataka,CHIKKABALLAPURA,Linseed,2
Karnataka,CHIKKABALLAPURA,Maize,39
Karnataka,CHIKKABALLAPURA,Moong(Green Gram),3
Karnataka,CHIKKABALLAPURA,Niger seed,12
Karnataka,CHIKKABALLAPURA,Onion,39
Karnataka,CHIKKABALLAPURA,Other  Rabi pulses,2
Karnataka,CHIKKABALLAPURA,Other Kharif pulses,13
Karnataka,CHIKKABALLAPURA,Peas & beans (Pulses),6
Karnataka,CHIKKABALLAPURA,Potato,38
Karnataka,CHIKKABALLAPURA,Ragi,39
Karnataka,CHIKKABALLAPURA,Rapeseed &Mustard,12
Karnataka,CHIKKABALLAPURA,Rice,29
Karnataka,CHIKKABALLAPURA,Safflower,2
Karnataka,CHIKKABALLAPURA,Sannhamp,1
Karnataka,CHIKKABALLAPURA,Sesamum,3
Karnataka,CHIKKABALLAPURA,Small millets,10
Karnataka,CHIKKABALLAPURA,Soyabean,2
Karnataka,CHIKKABALLAPURA,Sugarcane,7
Karnataka,CHIKKABALLAPURA,Sunflower,34
Karnataka,CHIKKABALLAPURA,Sweet potato,10
Karnataka,CHIKKABALLAPURA,Tapioca,1
Karnataka,CHIKKABALLAPURA,Tobacco,2
Karnataka,CHIKKABALLAPURA,Turmeric,5
Karnataka,CHIKKABALLAPURA,Urad,2
Karnataka,CHIKKABALLAPURA,Wheat,2
Karnataka,CHIKKAMAGALURU,Arecanut,21
Karnataka,CHIKKAMAGALURU,Arhar/Tur,23
Karnataka,CHIKKAMAGALURU,Bajra,5
Karnataka,CHIKKAMAGALURU,Banana,12
Karnataka,CHIKKAMAGALURU,Black pepper,23
Karnataka,CHIKKAMAGALURU,Cardamom,22
Karnataka,CHIKKAMAGALURU,Cashewnut,12
Karnataka,CHIKKAMAGALURU,Castor seed,22
Karnataka,CHIKKAMAGALURU,Coconut,22
Karnataka,CHIKKAMAGALURU,Coriander,22
Karnataka,CHIKKAMAGALURU,Cotton(lint),23
Karnataka,CHIKKAMAGALURU,Cowpea(Lobia),20
Karnataka,CHIKKAMAGALURU,Dry chillies,35
Karnataka,CHIKKAMAGALURU,Garlic,6
Karnataka,CHIKKAMAGALURU,Ginger,23
Karnataka,CHIKKAMAGALURU,Gram,24
Karnataka,CHIKKAMAGALURU,Groundnut,45
Karnataka,CHIKKAMAGALURU,Horse-gram,46
Karnataka,CHIKKAMAGALURU,Jowar,46
Karnataka,CHIKKAMAGALURU,Linseed,3
Karnataka,CHIKKAMAGALURU,Maize,26
Karnataka,CHIKKAMAGALURU,Moong(Green Gram),41
Karnataka,CHIKKAMAGALURU,Niger seed,20
Karnataka,CHIKKAMAGALURU,Onion,38
Karnataka,CHIKKAMAGALURU,Other  Rabi pulses,17
Karnataka,CHIKKAMAGALURU,Other Kharif pulses,21
Karnataka,CHIKKAMAGALURU,Peas & beans (Pulses),13
Karnataka,CHIKKAMAGALURU,Potato,34
Karnataka,CHIKKAMAGALURU,Ragi,33
Karnataka,CHIKKAMAGALURU,Rapeseed &Mustard,20
Karnataka,CHIKKAMAGALURU,Rice,46
Karnataka,CHIKKAMAGALURU,Safflower,16
Karnataka,CHIKKAMAGALURU,Sannhamp,1
Karnataka,CHIKKAMAGALURU,Sesamum,22
Karnataka,CHIKKAMAGALURU,Small millets,20
Karnataka,CHIKKAMAGALURU,Soyabean,6
Karnataka,CHIKKAMAGALURU,Sugarcane,21
Karnataka,CHIKKAMAGALURU,Sunflower,44
Karnataka,CHIKKAMAGALURU,Sweet potato,20
Karnataka,CHIKKAMAGALURU,Tapioca,15
Karnataka,CHIKKAMAGALURU,Tobacco,18
Karnataka,CHIKKAMAGALURU,Turmeric,22
Karnataka,CHIKKAMAGALURU,Urad,37
Karnataka,CHIKKAMAGALURU,Wheat,16
Karnataka,CHITRADURGA,Arecanut,21
Karnataka,CHITRADURGA,Arhar/Tur,23
Karnataka,CHITRADURGA,Bajra,28
Karnataka,CHITRADURGA,Banana,12
Karnataka,CHITRADURGA,Black pepper,7
Karnataka,CHITRADURGA,Cardamom,2
Karnataka,CHITRADURGA,Cashewnut,10
Karnataka,CHITRADURGA,Castor seed,22
Karnataka,CHITRADURGA,Coconut,22
Karnataka,CHITRADURGA,Coriander,23
Karnataka,CHITRADURGA,Cotton(lint),33
Karnataka,CHITRADURGA,Cowpea(Lobia),24
Karnataka,CHITRADURGA,Dry chillies,47
Karnataka,CHITRADURGA,Garlic,11
Karnataka,CHITRADURGA,Ginger,6
Karnataka,CHITRADURGA,Gram,24
Karnataka,CHITRADURGA,Groundnut,45
Karnataka,CHITRADURGA,Horse-gram,46
Karnataka,CHITRADURGA,Jowar,69
Karnataka,CHITRADURGA,Linseed,2
Karnataka,CHITRADURGA,Maize,69
Karnataka,CHITRADURGA,Moong(Green Gram),24
Karnataka,CHITRADURGA,Niger seed,20
Karnataka,CHITRADURGA,Onion,52
Karnataka,CHITRADURGA,Other  Rabi pulses,20
Karnataka,CHITRADURGA,Other Kharif pulses,21
Karnataka,CHITRADURGA,Peas & beans (Pulses),9
Karnataka,CHITRADURGA,Potato,9
Karnataka,CHITRADURGA,Ragi,69
Karnataka,CHITRADURGA,Rapeseed &Mustard,18
Karnataka,CHITRADURGA,Rice,69
Karnataka,CHITRADURGA,Safflower,21
Karnataka,CHITRADURGA,Sannhamp,2
Karnataka,CHITRADURGA,Sesamum,22
Karnataka,CHITRADURGA,Small millets,20
Karnataka,CHITRADURGA,Soyabean,4
Karnataka,CHITRADURGA,Sugarcane,16
Karnataka,CHITRADURGA,Sunflower,63
Karnataka,CHITRADURGA,Sweet potato,2
Karnataka,CHITRADURGA,Tobacco,16
Karnataka,CHITRADURGA,Turmeric,9
Karnataka,CHITRADURGA,Urad,18
Karnataka,CHITRADURGA,Wheat,23
Karnataka,DAKSHINA KANNADA,Arecanut,21
Karnataka,DAKSHINA KANNADA,Arhar/Tur,2
Karnataka,DAKSHINA KANNADA,Bajra,2
Karnataka,DAKSHINA KANNADA,Banana,12
Karnataka,DAKSHINA KANNADA,Black pepper,23
Karnataka,DAKSHINA KANNADA,Cardamom,22
Karnataka,DAKSHINA KANNADA,Cashewnut,12
Karnataka,DAKSHINA KANNADA,Coconut,22
Karnataka,DAKSHINA KANNADA,Coriander,2
Karnataka,DAKSHINA KANNADA,Cotton(lint),1
Karnataka,DAKSHINA KANNADA,Cowpea(Lobia),19
Karnataka,DAKSHINA KANNADA,Dry chillies,32
Karnataka,DAKSHINA KANNADA,Garlic,1
Karnataka,DAKSHINA KANNADA,Ginger,22
Karnataka,DAKSHINA KANNADA,Gram,1
Karnataka,DAKSHINA KANNADA,Groundnut,1
Karnataka,DAKSHINA KANNADA,Horse-gram,22
Karnataka,DAKSHINA KANNADA,Jowar,1
Karnataka,DAKSHINA KANNADA,Maize,7
Karnataka,DAKSHINA KANNADA,Moong(Green Gram),26
Karnataka,DAKSHINA KANNADA,Other  Rabi pulses,11
Karnataka,DAKSHINA KANNADA,Other Kharif pulses,3
Karnataka,DAKSHINA KANNADA,Potato,1
Karnataka,DAKSHINA KANNADA,Rice,67
Karnataka,DAKSHINA KANNADA,Sesamum,15
Karnataka,DAKSHINA KANNADA,Small millets,1
Karnataka,DAKSHINA KANNADA,Sugarcane,18
Karnataka,DAKSHINA KANNADA,Sweet potato,20
Karnataka,DAKSHINA KANNADA,Tapioca,20
Karnataka,DAKSHINA KANNADA,Tobacco,2
Karnataka,DAKSHINA KANNADA,Turmeric,22
Karnataka,DAKSHINA KANNADA,Urad,24
Karnataka,DAKSHINA KANNADA,Wheat,2
Karnataka,DAVANGERE,Arecanut,20
Karnataka,DAVANGERE,Arhar/Tur,22
Karnataka,DAVANGERE,Bajra,26
Karnataka,DAVANGERE,Banana,12
Karnataka,DAVANGERE,Black pepper,22
Karnataka,DAVANGERE,Cardamom,2
Karnataka,DAVANGERE,Cashewnut,12
Karnataka,DAVANGERE,Castor seed,22
Karnataka,DAVANGERE,Coconut,22
Karnataka,DAVANGERE,Coriander,20
Karnataka,DAVANGERE,Cotton(lint),34
Karnataka,DAVANGERE,Cowpea(Lobia),28
Karnataka,DAVANGERE,Dry chillies,45
Karnataka,DAVANGERE,Garlic,14
Karnataka,DAVANGERE,Ginger,20
Karnataka,DAVANGERE,Gram,24
Karnataka,DAVANGERE,Groundnut,44
Karnataka,DAVANGERE,Horse-gram,44
Karnataka,DAVANGERE,Jowar,66
Karnataka,DAVANGERE,Linseed,6
Karnataka,DAVANGERE,Maize,66
Karnataka,DAVANGERE,Mesta,2
Karnataka,DAVANGERE,Moong(Green Gram),42
Karnataka,DAVANGERE,Niger seed,20
Karnataka,DAVANGERE,Onion,52
Karnataka,DAVANGERE,Other  Rabi pulses,21
Karnataka,DAVANGERE,Other Kharif pulses,21
Karnataka,DAVANGERE,Peas & beans (Pulses),10
Karnataka,DAVANGERE,Potato,22
Karnataka,DAVANGERE,Ragi,63
Karnataka,DAVANGERE,Rapeseed &Mustard,20
Karnataka,DAVANGERE,Rice,46
Karnataka,DAVANGERE,Safflower,18
Karnataka,DAVANGERE,Sannhamp,4
Karnataka,DAVANGERE,Sesamum,22
Karnataka,DAVANGERE,Small millets,20
Karnataka,DAVANGERE,Soyabean,7
Karnataka,DAVANGERE,Sugarcane,20
Karnataka,DAVANGERE,Sunflower,66
Karnataka,DAVANGERE,Sweet potato,3
Karnataka,DAVANGERE,Tobacco,19
Karnataka,DAVANGERE,Turmeric,12
Karnataka,DAVANGERE,Urad,39
Karnataka,DAVANGERE,Wheat,22
Karnataka,DHARWAD,Arecanut,21
Karnataka,DHARWAD,Arhar/Tur,23
Karnataka,DHARWAD,Bajra,9
Karnataka,DHARWAD,Banana,12
Karnataka,DHARWAD,Black pepper,6
Karnataka,DHARWAD,Cashewnut,12
Karnataka,DHARWAD,Castor seed,6
Karnataka,DHARWAD,Coconut,22
Karnataka,DHARWAD,Coriander,23
Karnataka,DHARWAD,Cotton(lint),32
Karnataka,DHARWAD,Cowpea(Lobia),28
Karnataka,DHARWAD,Dry chillies,46
Karnataka,DHARWAD,Garlic,22
Karnataka,DHARWAD,Ginger,5
Karnataka,DHARWAD,Gram,24
Karnataka,DHARWAD,Groundnut,45
Karnataka,DHARWAD,Horse-gram,46
Karnataka,DHARWAD,Jowar,56
Karnataka,DHARWAD,Linseed,19
Karnataka,DHARWAD,Maize,69
Karnataka,DHARWAD,Mesta,9
Karnataka,DHARWAD,Moong(Green Gram),44
Karnataka,DHARWAD,Niger seed,21
Karnataka,DHARWAD,Onion,50
Karnataka,DHARWAD,Other  Rabi pulses,21
Karnataka,DHARWAD,Other Kharif pulses,21
Karnataka,DHARWAD,Peas & beans (Pulses),6
Karnataka,DHARWAD,Potato,37
Karnataka,DHARWAD,Ragi,26
Karnataka,DHARWAD,Rapeseed &Mustard,13
Karnataka,DHARWAD,Rice,48
Karnataka,DHARWAD,Safflower,22
Karnataka,DHARWAD,Sannhamp,2
Karnataka,DHARWAD,Sesamum,22
Karnataka,DHARWAD,Small millets,20
Karnataka,DHARWAD,Soyabean,22
Karnataka,DHARWAD,Sugarcane,21
Karnataka,DHARWAD,Sunflower,56
Karnataka,DHARWAD,Sweet potato,3
Karnataka,DHARWAD,Tapioca,1
Karnataka,DHARWAD,Tobacco,10
Karnataka,DHARWAD,Turmeric,5
Karnataka,DHARWAD,Urad,30
Karnataka,DHARWAD,Wheat,23
Karnataka,GADAG,Arecanut,14
Karnataka,GADAG,Arhar/Tur,22
Karnataka,GADAG,Bajra,23
Karnataka,GADAG,Banana,12
Karnataka,GADAG,Black pepper,3
Karnataka,GADAG,Cashewnut,4
Karnataka,GADAG,Castor seed,20
Karnataka,GADAG,Coconut,22
Karnataka,GADAG,Coriander,22
Karnataka,GADAG,Cotton(lint),32
Karnataka,GADAG,Cowpea(Lobia),25
Karnataka,GADAG,Dry chillies,44
Karnataka,GADAG,Garlic,20
Karnataka,GADAG,Ginger,7
Karnataka,GADAG,Gram,24
Karnataka,GADAG,Groundnut,43
Karnataka,GADAG,Horse-gram,44
Karnataka,GADAG,Jowar,61
Karnataka,GADAG,Linseed,22
Karnataka,GADAG,Maize,66
Karnataka,GADAG,Mesta,2
Karnataka,GADAG,Moong(Green Gram),23
Karnataka,GADAG,Niger seed,22
Karnataka,GADAG,Onion,52
Karnataka,GADAG,Other  Rabi pulses,15
Karnataka,GADAG,Other Kharif pulses,21
Karnataka,GADAG,Peas & beans (Pulses),2
Karnataka,GADAG,Potato,3
Karnataka,GADAG,Ragi,22
Karnataka,GADAG,Rapeseed &Mustard,18
Karnataka,GADAG,Rice,46
Karnataka,GADAG,Safflower,22
Karnataka,GADAG,Sannhamp,4
Karnataka,GADAG,Sesamum,22
Karnataka,GADAG,Small millets,20
Karnataka,GADAG,Soyabean,12
Karnataka,GADAG,Sugarcane,20
Karnataka,GADAG,Sunflower,66
Karnataka,GADAG,Sweet potato,4
Karnataka,GADAG,Tapioca,3
Karnataka,GADAG,Tobacco,16
Karnataka,GADAG,Turmeric,9
Karnataka,GADAG,Urad,23
Karnataka,GADAG,Wheat,22
Karnataka,HASSAN,Arecanut,21
Karnataka,HASSAN,Arhar/Tur,23
Karnataka,HASSAN,Bajra,5
Karnataka,HASSAN,Banana,12
Karnataka,HASSAN,Black pepper,23
Karnataka,HASSAN,Cardamom,22
Karnataka,HASSAN,Cashewnut,11
Karnataka,HASSAN,Castor seed,22
Karnataka,HASSAN,Coconut,22
Karnataka,HASSAN,Coriander,22
Karnataka,HASSAN,Cotton(lint),23
Karnataka,HASSAN,Cowpea(Lobia),28
Karnataka,HASSAN,Dry chillies,45
Karnataka,HASSAN,Garlic,21
Karnataka,HASSAN,Ginger,23
Karnataka,HASSAN,Gram,24
Karnataka,HASSAN,Groundnut,45
Karnataka,HASSAN,Horse-gram,46
Karnataka,HASSAN,Jowar,46
Karnataka,HASSAN,Maize,68
Karnataka,HASSAN,Moong(Green Gram),41
Karnataka,HASSAN,Niger seed,22
Karnataka,HASSAN,Onion,37
Karnataka,HASSAN,Other  Rabi pulses,21
Karnataka,HASSAN,Other Kharif pulses,21
Karnataka,HASSAN,Peas & beans (Pulses),13
Karnataka,HASSAN,Potato,44
Karnataka,HASSAN,Ragi,69
Karnataka,HASSAN,Rapeseed &Mustard,21
Karnataka,HASSAN,Rice,67
Karnataka,HASSAN,Safflower,2
Karnataka,HASSAN,Sannhamp,2
Karnataka,HASSAN,Sesamum,22
Karnataka,HASSAN,Small millets,18
Karnataka,HASSAN,Soyabean,9
Karnataka,HASSAN,Sugarcane,21
Karnataka,HASSAN,Sunflower,49
Karnataka,HASSAN,Sweet potato,20
Karnataka,HASSAN,Tapioca,6
Karnataka,HASSAN,Tobacco,19
Karnataka,HASSAN,Turmeric,23
Karnataka,HASSAN,Urad,38
Karnataka,HASSAN,Wheat,2
Karnataka,HAVERI,Arecanut,20
Karnataka,HAVERI,Arhar/Tur,22
Karnataka,HAVERI,Bajra,18
Karnataka,HAVERI,Banana,12
Karnataka,HAVERI,Black pepper,6
Karnataka,HAVERI,Cardamom,1
Karnataka,HAVERI,Cashewnut,12
Karnataka,HAVERI,Castor seed,22
Karnataka,HAVERI,Coconut,22
Karnataka,HAVERI,Coriander,20
Karnataka,HAVERI,Cotton(lint),33
Karnataka,HAVERI,Cowpea(Lobia),28
Karnataka,HAVERI,Dry chillies,45
Karnataka,HAVERI,Garlic,21
Karnataka,HAVERI,Ginger,22
Karnataka,HAVERI,Gram,24
Karnataka,HAVERI,Groundnut,43
Karnataka,HAVERI,Horse-gram,44
Karnataka,HAVERI,Jowar,66
Karnataka,HAVERI,Linseed,22
Karnataka,HAVERI,Maize,66
Karnataka,HAVERI,Mesta,3
Karnataka,HAVERI,Moong(Green Gram),48
Karnataka,HAVERI,Niger seed,21
Karnataka,HAVERI,Onion,52
Karnataka,HAVERI,Other  Rabi pulses,21
Karnataka,HAVERI,Other Kharif pulses,20
Karnataka,HAVERI,Peas & beans (Pulses),10
Karnataka,HAVERI,Potato,16
Karnataka,HAVERI,Ragi,30
Karnataka,HAVERI,Rapeseed &Mustard,21
Karnataka,HAVERI,Rice,45
Karnataka,HAVERI,Safflower,22
Karnataka,HAVERI,Sannhamp,9
Karnataka,HAVERI,Sesamum,22
Karnataka,HAVERI,Small millets,20
Karnataka,HAVERI,Soyabean,22
Karnataka,HAVERI,Sugarcane,20
Karnataka,HAVERI,Sunflower,66
Karnataka,HAVERI,Sweet potato,6
Karnataka,HAVERI,Tapioca,1
Karnataka,HAVERI,Tobacco,13
Karnataka,HAVERI,Turmeric,18
Karnataka,HAVERI,Urad,45
Karnataka,HAVERI,Wheat,22
Karnataka,KALABURAGI,Arecanut,1
Karnataka,KALABURAGI,Arhar/Tur,23
Karnataka,KALABURAGI,Bajra,28
Karnataka,KALABURAGI,Banana,12
Karnataka,KALABURAGI,Black pepper,2
Karnataka,KALABURAGI,Cashewnut,1
Karnataka,KALABURAGI,Castor seed,19
Karnataka,KALABURAGI,Coconut,21
Karnataka,KALABURAGI,Coriander,19
Karnataka,KALABURAGI,Cotton(lint),23
Karnataka,KALABURAGI,Cowpea(Lobia),11
Karnataka,KALABURAGI,Dry chillies,46
Karnataka,KALABURAGI,Garlic,20
Karnataka,KALABURAGI,Ginger,19
Karnataka,KALABURAGI,Gram,24
Karnataka,KALABURAGI,Groundnut,46
Karnataka,KALABURAGI,Horse-gram,39
Karnataka,KALABURAGI,Jowar,59
Karnataka,KALABURAGI,Linseed,21
Karnataka,KALABURAGI,Maize,69
Karnataka,KALABURAGI,Mesta,18
Karnataka,KALABURAGI,Moong(Green Gram),24
Karnataka,KALABURAGI,Niger seed,22
Karnataka,KALABURAGI,Onion,52
Karnataka,KALABURAGI,Other  Rabi pulses,12
Karnataka,KALABURAGI,Other Kharif pulses,21
Karnataka,KALABURAGI,Peas & beans (Pulses),1
Karnataka,KALABURAGI,Potato,29
Karnataka,KALABURAGI,Ragi,8
Karnataka,KALABURAGI,Rapeseed &Mustard,12
Karnataka,KALABURAGI,Rice,69
Karnataka,KALABURAGI,Safflower,22
Karnataka,KALABURAGI,Sannhamp,8
Karnataka,KALABURAGI,Sesamum,22
Karnataka,KALABURAGI,Small millets,19
Karnataka,KALABURAGI,Soyabean,22
Karnataka,KALABURAGI,Sugarcane,21
Karnataka,KALABURAGI,Sunflower,65
Karnataka,KALABURAGI,Sweet potato,13
Karnataka,KALABURAGI,Tapioca,2
Karnataka,KALABURAGI,Tobacco,2
Karnataka,KALABURAGI,Turmeric,22
Karnataka,KALABURAGI,Urad,22
Karnataka,KALABURAGI,Wheat,23
Karnataka,KODAGU,Arecanut,21
Karnataka,KODAGU,Arhar/Tur,3
Karnataka,KODAGU,Bajra,1
Karnataka,KODAGU,Banana,12
Karnataka,KODAGU,Black pepper,23
Karnataka,KODAGU,Cardamom,22
Karnataka,KODAGU,Cashewnut,12
Karnataka,KODAGU,Castor seed,4
Karnataka,KODAGU,Coconut,22
Karnataka,KODAGU,Coriander,1
Karnataka,KODAGU,Cotton(lint),1
Karnataka,KODAGU,Cowpea(Lobia),13
Karnataka,KODAGU,Dry chillies,28
Karnataka,KODAGU,Ginger,23
Karnataka,KODAGU,Gram,6
Karnataka,KODAGU,Groundnut,27
Karnataka,KODAGU,Horse-gram,11
Karnataka,KODAGU,Jowar,2
Karnataka,KODAGU,Maize,50
Karnataka,KODAGU,Moong(Green Gram),1
Karnataka,KODAGU,Onion,1
Karnataka,KODAGU,Other  Rabi pulses,11
Karnataka,KODAGU,Other Kharif pulses,12
Karnataka,KODAGU,Peas & beans (Pulses),5
Karnataka,KODAGU,Potato,18
Karnataka,KODAGU,Ragi,36
Karnataka,KODAGU,Rice,66
Karnataka,KODAGU,Sesamum,4
Karnataka,KODAGU,Small millets,1
Karnataka,KODAGU,Sugarcane,1
Karnataka,KODAGU,Sunflower,1
Karnataka,KODAGU,Sweet potato,20
Karnataka,KODAGU,Tapioca,20
Karnataka,KODAGU,Tobacco,18
Karnataka,KODAGU,Turmeric,9
Karnataka,KODAGU,Urad,1
Karnataka,KODAGU,Wheat,1
Karnataka,KOLAR,Arecanut,10
Karnataka,KOLAR,Arhar/Tur,23
Karnataka,KOLAR,Bajra,13
Karnataka,KOLAR,Banana,12
Karnataka,KOLAR,Cardamom,1
Karnataka,KOLAR,Cashewnut,12
Karnataka,KOLAR,Castor seed,22
Karnataka,KOLAR,Coconut,22
Karnataka,KOLAR,Coriander,22
Karnataka,KOLAR,Cotton(lint),2
Karnataka,KOLAR,Cowpea(Lobia),17
Karnataka,KOLAR,Dry chillies,46
Karnataka,KOLAR,Garlic,4
Karnataka,KOLAR,Ginger,4
Karnataka,KOLAR,Gram,14
Karnataka,KOLAR,Groundnut,39
Karnataka,KOLAR,Horse-gram,46
Karnataka,KOLAR,Jowar,4
Karnataka,KOLAR,Maize,61
Karnataka,KOLAR,Moong(Green Gram),10
Karnataka,KOLAR,Niger seed,22
Karnataka,KOLAR,Onion,52
Karnataka,KOLAR,Other  Rabi pulses,10
Karnataka,KOLAR,Other Kharif pulses,21
Karnataka,KOLAR,Peas & beans (Pulses),13
Karnataka,KOLAR,Potato,40
Karnataka,KOLAR,Ragi,67
Karnataka,KOLAR,Rapeseed &Mustard,20
Karnataka,KOLAR,Rice,45
Karnataka,KOLAR,Safflower,1
Karnataka,KOLAR,Sannhamp,2
Karnataka,KOLAR,Sesamum,11
Karnataka,KOLAR,Small millets,20
Karnataka,KOLAR,Soyabean,2
Karnataka,KOLAR,Sugarcane,15
Karnataka,KOLAR,Sunflower,40
Karnataka,KOLAR,Sweet potato,2
Karnataka,KOLAR,Tapioca,2
Karnataka,KOLAR,Tobacco,1
Karnataka,KOLAR,Turmeric,4
Karnataka,KOLAR,Urad,6
Karnataka,KOLAR,Wheat,1
Karnataka,KOPPAL,Arhar/Tur,22
Karnataka,KOPPAL,Bajra,26
Karnataka,KOPPAL,Banana,12
Karnataka,KOPPAL,Cashewnut,2
Karnataka,KOPPAL,Castor seed,22
Karnataka,KOPPAL,Coconut,22
Karnataka,KOPPAL,Coriander,13
Karnataka,KOPPAL,Cotton(lint),32
Karnataka,KOPPAL,Cowpea(Lobia),21
Karnataka,KOPPAL,Dry chillies,45
Karnataka,KOPPAL,Garlic,1
Karnataka,KOPPAL,Ginger,3
Karnataka,KOPPAL,Gram,24
Karnataka,KOPPAL,Groundnut,43
Karnataka,KOPPAL,Horse-gram,44
Karnataka,KOPPAL,Jowar,66
Karnataka,KOPPAL,Linseed,22
Karnataka,KOPPAL,Maize,66
Karnataka,KOPPAL,Mesta,2
Karnataka,KOPPAL,Moong(Green Gram),29
Karnataka,KOPPAL,Niger seed,22
Karnataka,KOPPAL,Onion,52
Karnataka,KOPPAL,Other  Rabi pulses,12
Karnataka,KOPPAL,Other Kharif pulses,21
Karnataka,KOPPAL,Peas & beans (Pulses),2
Karnataka,KOPPAL,Potato,4
Karnataka,KOPPAL,Ragi,3
Karnataka,KOPPAL,Rapeseed &Mustard,3
Karnataka,KOPPAL,Rice,45
Karnataka,KOPPAL,Safflower,22
Karnataka,KOPPAL,Sannhamp,3
Karnataka,KOPPAL,Sesamum,22
Karnataka,KOPPAL,Small millets,20
Karnataka,KOPPAL,Soyabean,2
Karnataka,KOPPAL,Sugarcane,17
Karnataka,KOPPAL,Sunflower,66
Karnataka,KOPPAL,Sweet potato,2
Karnataka,KOPPAL,Tapioca,1
Karnataka,KOPPAL,Tobacco,2
Karnataka,KOPPAL,Turmeric,1
Karnataka,KOPPAL,Urad,32
Karnataka,KOPPAL,Wheat,22
Karnataka,MANDYA,Arecanut,21
Karnataka,MANDYA,Arhar/Tur,23
Karnataka,MANDYA,Bajra,5
Karnataka,MANDYA,Banana,12
Karnataka,MANDYA,Black pepper,10
Karnataka,MANDYA,Cardamom,2
Karnataka,MANDYA,Cashewnut,9
Karnataka,MANDYA,Castor seed,22
Karnataka,MANDYA,Coconut,22
Karnataka,MANDYA,Coriander,8
Karnataka,MANDYA,Cotton(lint),12
Karnataka,MANDYA,Cowpea(Lobia),26
Karnataka,MANDYA,Dry chillies,45
Karnataka,MANDYA,Garlic,10
Karnataka,MANDYA,Ginger,22
Karnataka,MANDYA,Gram,21
Karnataka,MANDYA,Groundnut,39
Karnataka,MANDYA,Horse-gram,46
Karnataka,MANDYA,Jowar,30
Karnataka,MANDYA,Linseed,1
Karnataka,MANDYA,Maize,57
Karnataka,MANDYA,Mesta,1
Karnataka,MANDYA,Moong(Green Gram),45
Karnataka,MANDYA,Niger seed,22
Karnataka,MANDYA,Onion,49
Karnataka,MANDYA,Other  Rabi pulses,20
Karnataka,MANDYA,Other Kharif pulses,21
Karnataka,MANDYA,Peas & beans (Pulses),13
Karnataka,MANDYA,Potato,46
Karnataka,MANDYA,Ragi,69
Karnataka,MANDYA,Rapeseed &Mustard,2
Karnataka,MANDYA,Rice,64
Karnataka,MANDYA,Safflower,2
Karnataka,MANDYA,Sannhamp,1
Karnataka,MANDYA,Sesamum,22
Karnataka,MANDYA,Small millets,8
Karnataka,MANDYA,Soyabean,15
Karnataka,MANDYA,Sugarcane,21
Karnataka,MANDYA,Sunflower,33
Karnataka,MANDYA,Sweet potato,18
Karnataka,MANDYA,Tapioca,6
Karnataka,MANDYA,Tobacco,5
Karnataka,MANDYA,Turmeric,23
Karnataka,MANDYA,Urad,44
Karnataka,MANDYA,Wheat,3
Karnataka,MYSURU,Arecanut,21
Karnataka,MYSURU,Arhar/Tur,23
Karnataka,MYSURU,Bajra,8
Karnataka,MYSURU,Banana,12
Karnataka,MYSURU,Black pepper,23
Karnataka,MYSURU,Cardamom,3
Karnataka,MYSURU,Cashewnut,12
Karnataka,MYSURU,Castor seed,22
Karnataka,MYSURU,Coconut,22
Karnataka,MYSURU,Coriander,20
Karnataka,MYSURU,Cotton(lint),25
Karnataka,MYSURU,Cowpea(Lobia),25
Karnataka,MYSURU,Dry chillies,45
Karnataka,MYSURU,Garlic,8
Karnataka,MYSURU,Ginger,23
Karnataka,MYSURU,Gram,24
Karnataka,MYSURU,Groundnut,40
Karnataka,MYSURU,Horse-gram,42
Karnataka,MYSURU,Jowar,61
Karnataka,MYSURU,Linseed,3
Karnataka,MYSURU,Maize,69
Karnataka,MYSURU,Mesta,1
Karnataka,MYSURU,Moong(Green Gram),42
Karnataka,MYSURU,Niger seed,22
Karnataka,MYSURU,Onion,28
Karnataka,MYSURU,Other  Rabi pulses,21
Karnataka,MYSURU,Other Kharif pulses,21
Karnataka,MYSURU,Peas & beans (Pulses),13
Karnataka,MYSURU,Potato,25
Karnataka,MYSURU,Ragi,69
Karnataka,MYSURU,Rapeseed &Mustard,3
Karnataka,MYSURU,Rice,60
Karnataka,MYSURU,Safflower,2
Karnataka,MYSURU,Sannhamp,2
Karnataka,MYSURU,Sesamum,22
Karnataka,MYSURU,Small millets,5
Karnataka,MYSURU,Soyabean,11
Karnataka,MYSURU,Sugarcane,21
Karnataka,MYSURU,Sunflower,41
Karnataka,MYSURU,Sweet potato,12
Karnataka,MYSURU,Tapioca,13
Karnataka,MYSURU,Tobacco,19
Karnataka,MYSURU,Turmeric,23
Karnataka,MYSURU,Urad,40
Karnataka,MYSURU,Wheat,3
Karnataka,RAICHUR,Arhar/Tur,23
Karnataka,RAICHUR,Bajra,35
Karnataka,RAICHUR,Banana,12
Karnataka,RAICHUR,Castor seed,21
Karnataka,RAICHUR,Coconut,21
Karnataka,RAICHUR,Coriander,8
Karnataka,RAICHUR,Cotton(lint),26
Karnataka,RAICHUR,Cowpea(Lobia),16
Karnataka,RAICHUR,Dry chillies,44
Karnataka,RAICHUR,Garlic,2
Karnataka,RAICHUR,Ginger,6
Karnataka,RAICHUR,Gram,24
Karnataka,RAICHUR,Groundnut,45
Karnataka,RAICHUR,Horse-gram,45
Karnataka,RAICHUR,Jowar,62
Karnataka,RAICHUR,Linseed,18
Karnataka,RAICHUR,Maize,58
Karnataka,RAICHUR,Mesta,1
Karnataka,RAICHUR,Moong(Green Gram),29
Karnataka,RAICHUR,Niger seed,13
Karnataka,RAICHUR,Onion,50
Karnataka,RAICHUR,Other  Rabi pulses,11
Karnataka,RAICHUR,Other Kharif pulses,16
Karnataka,RAICHUR,Peas & beans (Pulses),1
Karnataka,RAICHUR,Potato,3
Karnataka,RAICHUR,Ragi,3
Karnataka,RAICHUR,Rapeseed &Mustard,7
Karnataka,RAICHUR,Rice,48
Karnataka,RAICHUR,Safflower,22
Karnataka,RAICHUR,Sannhamp,4
Karnataka,RAICHUR,Sesamum,22
Karnataka,RAICHUR,Small millets,14
Karnataka,RAICHUR,Soyabean,3
Karnataka,RAICHUR,Sugarcane,16
Karnataka,RAICHUR,Sunflower,63
Karnataka,RAICHUR,Sweet potato,3
Karnataka,RAICHUR,Tobacco,11
Karnataka,RAICHUR,Turmeric,15
Karnataka,RAICHUR,Urad,17
Karnataka,RAICHUR,Wheat,23
Karnataka,RAMANAGARA,Arecanut,13
Karnataka,RAMANAGARA,Arhar/Tur,13
Karnataka,RAMANAGARA,Bajra,10
Karnataka,RAMANAGARA,Banana,5
Karnataka,RAMANAGARA,Black pepper,7
Karnataka,RAMANAGARA,Cardamom,1
Karnataka,RAMANAGARA,Cashewnut,9
Karnataka,RAMANAGARA,Castor seed,13
Karnataka,RAMANAGARA,Coconut,13
Karnataka,RAMANAGARA,Coriander,5
Karnataka,RAMANAGARA,Cotton(lint),6
Karnataka,RAMANAGARA,Cowpea(Lobia),15
Karnataka,RAMANAGARA,Dry chillies,19
Karnataka,RAMANAGARA,Garlic,8
Karnataka,RAMANAGARA,Ginger,12
Karnataka,RAMANAGARA,Gram,9
Karnataka,RAMANAGARA,Groundnut,22
Karnataka,RAMANAGARA,Horse-gram,26
Karnataka,RAMANAGARA,Jowar,5
Karnataka,RAMANAGARA,Maize,39
Karnataka,RAMANAGARA,Moong(Green Gram),12
Karnataka,RAMANAGARA,Niger seed,13
Karnataka,RAMANAGARA,Onion,15
Karnataka,RAMANAGARA,Other  Rabi pulses,12
Karnataka,RAMANAGARA,Other Kharif pulses,13
Karnataka,RAMANAGARA,Peas & beans (Pulses),6
Karnataka,RAMANAGARA,Potato,8
Karnataka,RAMANAGARA,Ragi,39
Karnataka,RAMANAGARA,Rapeseed &Mustard,11
Karnataka,RAMANAGARA,Rice,30
Karnataka,RAMANAGARA,Safflower,2
Karnataka,RAMANAGARA,Sannhamp,2
Karnataka,RAMANAGARA,Sesamum,13
Karnataka,RAMANAGARA,Small millets,12
Karnataka,RAMANAGARA,Soyabean,2
Karnataka,RAMANAGARA,Sugarcane,13
Karnataka,RAMANAGARA,Sunflower,14
Karnataka,RAMANAGARA,Sweet potato,13
Karnataka,RAMANAGARA,Tapioca,13
Karnataka,RAMANAGARA,Tobacco,3
Karnataka,RAMANAGARA,Turmeric,13
Karnataka,RAMANAGARA,Urad,11
Karnataka,RAMANAGARA,Wheat,2
Karnataka,SHIVAMOGGA,Arecanut,21
Karnataka,SHIVAMOGGA,Arhar/Tur,23
Karnataka,SHIVAMOGGA,Bajra,8
Karnataka,SHIVAMOGGA,Banana,12
Karnataka,SHIVAMOGGA,Black pepper,23
Karnataka,SHIVAMOGGA,Cardamom,22
Karnataka,SHIVAMOGGA,Cashewnut,12
Karnataka,SHIVAMOGGA,Castor seed,20
Karnataka,SHIVAMOGGA,Coconut,22
Karnataka,SHIVAMOGGA,Coriander,8
Karnataka,SHIVAMOGGA,Cotton(lint),24
Karnataka,SHIVAMOGGA,Cowpea(Lobia),27
Karnataka,SHIVAMOGGA,Dry chillies,46
Karnataka,SHIVAMOGGA,Garlic,5
Karnataka,SHIVAMOGGA,Ginger,23
Karnataka,SHIVAMOGGA,Gram,24
Karnataka,SHIVAMOGGA,Groundnut,46
Karnataka,SHIVAMOGGA,Horse-gram,46
Karnataka,SHIVAMOGGA,Jowar,68
Karnataka,SHIVAMOGGA,Linseed,16
Karnataka,SHIVAMOGGA,Maize,67
Karnataka,SHIVAMOGGA,Mesta,1
Karnataka,SHIVAMOGGA,Moong(Green Gram),45
Karnataka,SHIVAMOGGA,Niger seed,19
Karnataka,SHIVAMOGGA,Onion,20
Karnataka,SHIVAMOGGA,Other  Rabi pulses,20
Karnataka,SHIVAMOGGA,Other Kharif pulses,21
Karnataka,SHIVAMOGGA,Peas & beans (Pulses),9
Karnataka,SHIVAMOGGA,Potato,5
Karnataka,SHIVAMOGGA,Ragi,54
Karnataka,SHIVAMOGGA,Rapeseed &Mustard,12
Karnataka,SHIVAMOGGA,Rice,51
Karnataka,SHIVAMOGGA,Safflower,7
Karnataka,SHIVAMOGGA,Sannhamp,2
Karnataka,SHIVAMOGGA,Sesamum,20
Karnataka,SHIVAMOGGA,Small millets,7
Karnataka,SHIVAMOGGA,Soyabean,9
Karnataka,SHIVAMOGGA,Sugarcane,21
Karnataka,SHIVAMOGGA,Sunflower,62
Karnataka,SHIVAMOGGA,Sweet potato,1
Karnataka,SHIVAMOGGA,Tapioca,11
Karnataka,SHIVAMOGGA,Tobacco,19
Karnataka,SHIVAMOGGA,Turmeric,23
Karnataka,SHIVAMOGGA,Urad,42
Karnataka,SHIVAMOGGA,Wheat,5
Karnataka,TUMAKURU,Arecanut,21
Karnataka,TUMAKURU,Arhar/Tur,23
Karnataka,TUMAKURU,Bajra,27
Karnataka,TUMAKURU,Banana,12
Karnataka,TUMAKURU,Black pepper,17
Karnataka,TUMAKURU,Cardamom,2
Karnataka,TUMAKURU,Cashewnut,12
Karnataka,TUMAKURU,Castor seed,22
Karnataka,TUMAKURU,Coconut,22
Karnataka,TUMAKURU,Coriander,18
Karnataka,TUMAKURU,Cotton(lint),31
Karnataka,TUMAKURU,Cowpea(Lobia),23
Karnataka,TUMAKURU,Dry chillies,47
Karnataka,TUMAKURU,Garlic,17
Karnataka,TUMAKURU,Ginger,23
Karnataka,TUMAKURU,Gram,24
Karnataka,TUMAKURU,Groundnut,46
Karnataka,TUMAKURU,Horse-gram,46
Karnataka,TUMAKURU,Jowar,45
Karnataka,TUMAKURU,Linseed,10
Karnataka,TUMAKURU,Maize,69
Karnataka,TUMAKURU,Moong(Green Gram),35
Karnataka,TUMAKURU,Niger seed,21
Karnataka,TUMAKURU,Onion,50
Karnataka,TUMAKURU,Other  Rabi pulses,14
Karnataka,TUMAKURU,Other Kharif pulses,21
Karnataka,TUMAKURU,Peas & beans (Pulses),13
Karnataka,TUMAKURU,Potato,44
Karnataka,TUMAKURU,Ragi,68
Karnataka,TUMAKURU,Rapeseed &Mustard,22
Karnataka,TUMAKURU,Rice,68
Karnataka,TUMAKURU,Safflower,7
Karnataka,TUMAKURU,Sannhamp,6
Karnataka,TUMAKURU,Sesamum,22
Karnataka,TUMAKURU,Small millets,20
Karnataka,TUMAKURU,Soyabean,15
Karnataka,TUMAKURU,Sugarcane,21
Karnataka,TUMAKURU,Sunflower,54
Karnataka,TUMAKURU,Sweet potato,20
Karnataka,TUMAKURU,Tapioca,19
Karnataka,TUMAKURU,Tobacco,16
Karnataka,TUMAKURU,Turmeric,19
Karnataka,TUMAKURU,Urad,26
Karnataka,TUMAKURU,Wheat,7
Karnataka,UDUPI,Arecanut,20
Karnataka,UDUPI,Arhar/Tur,1
Karnataka,UDUPI,Bajra,2
Karnataka,UDUPI,Banana,11
Karnataka,UDUPI,Black pepper,21
Karnataka,UDUPI,Cardamom,2
Karnataka,UDUPI,Cashewnut,12
Karnataka,UDUPI,Coconut,22
Karnataka,UDUPI,Coriander,1
Karnataka,UDUPI,Cowpea(Lobia),21
Karnataka,UDUPI,Dry chillies,42
Karnataka,UDUPI,Ginger,21
Karnataka,UDUPI,Gram,4
Karnataka,UDUPI,Groundnut,24
Karnataka,UDUPI,Horse-gram,23
Karnataka,UDUPI,Jowar,3
Karnataka,UDUPI,Maize,29
Karnataka,UDUPI,Moong(Green Gram),28
Karnataka,UDUPI,Onion,8
Karnataka,UDUPI,Other  Rabi pulses,10
Karnataka,UDUPI,Other Kharif pulses,3
Karnataka,UDUPI,Potato,2
Karnataka,UDUPI,Rapeseed &Mustard,2
Karnataka,UDUPI,Rice,66
Karnataka,UDUPI,Sesamum,19
Karnataka,UDUPI,Sugarcane,19
Karnataka,UDUPI,Sunflower,2
Karnataka,UDUPI,Sweet potato,19
Karnataka,UDUPI,Tapioca,19
Karnataka,UDUPI,Tobacco,1
Karnataka,UDUPI,Turmeric,21
Karnataka,UDUPI,Urad,27
Karnataka,UDUPI,Wheat,1
Karnataka,UTTARA KANNADA,Arecanut,21
Karnataka,UTTARA KANNADA,Arhar/Tur,22
Karnataka,UTTARA KANNADA,Bajra,3
Karnataka,UTTARA KANNADA,Banana,12
Karnataka,UTTARA KANNADA,Black pepper,23
Karnataka,UTTARA KANNADA,Cardamom,22
Karnataka,UTTARA KANNADA,Cashewnut,12
Karnataka,UTTARA KANNADA,Coconut,22
Karnataka,UTTARA KANNADA,Coriander,1
Karnataka,UTTARA KANNADA,Cotton(lint),23
Karnataka,UTTARA KANNADA,Cowpea(Lobia),19
Karnataka,UTTARA KANNADA,Dry chillies,24
Karnataka,UTTARA KANNADA,Ginger,23
Karnataka,UTTARA KANNADA,Gram,23
Karnataka,UTTARA KANNADA,Groundnut,48
Karnataka,UTTARA KANNADA,Horse-gram,42
Karnataka,UTTARA KANNADA,Jowar,43
Karnataka,UTTARA KANNADA,Linseed,10
Karnataka,UTTARA KANNADA,Maize,62
Karnataka,UTTARA KANNADA,Mesta,6
Karnataka,UTTARA KANNADA,Moong(Green Gram),29
Karnataka,UTTARA KANNADA,Onion,23
Karnataka,UTTARA KANNADA,Other  Rabi pulses,20
Karnataka,UTTARA KANNADA,Other Kharif pulses,9
Karnataka,UTTARA KANNADA,Potato,2
Karnataka,UTTARA KANNADA,Ragi,42
Karnataka,UTTARA KANNADA,Rapeseed &Mustard,4
Karnataka,UTTARA KANNADA,Rice,69
Karnataka,UTTARA KANNADA,Safflower,2
Karnataka,UTTARA KANNADA,Sannhamp,11
Karnataka,UTTARA KANNADA,Sesamum,16
Karnataka,UTTARA KANNADA,Small millets,2
Karnataka,UTTARA KANNADA,Soyabean,14
Karnataka,UTTARA KANNADA,Sugarcane,20
Karnataka,UTTARA KANNADA,Sunflower,40
Karnataka,UTTARA KANNADA,Sweet potato,20
Karnataka,UTTARA KANNADA,Tobacco,6
Karnataka,UTTARA KANNADA,Turmeric,23
Karnataka,UTTARA KANNADA,Urad,26
Karnataka,VIJAYAPURA,Arecanut,2
Karnataka,VIJAYAPURA,Arhar/Tur,23
Karnataka,VIJAYAPURA,Bajra,24
Karnataka,VIJAYAPURA,Banana,12
Karnataka,VIJAYAPURA,Castor seed,13
Karnataka,VIJAYAPURA,Coconut,22
Karnataka,VIJAYAPURA,Coriander,21
Karnataka,VIJAYAPURA,Cotton(lint),36
Karnataka,VIJAYAPURA,Cowpea(Lobia),23
Karnataka,VIJAYAPURA,Dry chillies,47
Karnataka,VIJAYAPURA,Garlic,22
Karnataka,VIJAYAPURA,Ginger,2
Karnataka,VIJAYAPURA,Gram,23
Karnataka,VIJAYAPURA,Groundnut,45
Karnataka,VIJAYAPURA,Horse-gram,41
Karnataka,VIJAYAPURA,Jowar,44
Karnataka,VIJAYAPURA,Linseed,22
Karnataka,VIJAYAPURA,Maize,69
Karnataka,VIJAYAPURA,Mesta,2
Karnataka,VIJAYAPURA,Moong(Green Gram),26
Karnataka,VIJAYAPURA,Niger seed,21
Karnataka,VIJAYAPURA,Onion,52
Karnataka,VIJAYAPURA,Other  Rabi pulses,15
Karnataka,VIJAYAPURA,Other Kharif pulses,21
Karnataka,VIJAYAPURA,Peas & beans (Pulses),5
Karnataka,VIJAYAPURA,Potato,6
Karnataka,VIJAYAPURA,Ragi,3
Karnataka,VIJAYAPURA,Rapeseed &Mustard,1
Karnataka,VIJAYAPURA,Rice,27
Karnataka,VIJAYAPURA,Safflower,22
Karnataka,VIJAYAPURA,Sannhamp,2
Karnataka,VIJAYAPURA,Sesamum,22
Karnataka,VIJAYAPURA,Small millets,10
Karnataka,VIJAYAPURA,Soyabean,9
Karnataka,VIJAYAPURA,Sugarcane,21
Karnataka,VIJAYAPURA,Sunflower,64
Karnataka,VIJAYAPURA,Sweet potato,15
Karnataka,VIJAYAPURA,Tapioca,1
Karnataka,VIJAYAPURA,Tobacco,2
Karnataka,VIJAYAPURA,Turmeric,23
Karnataka,VIJAYAPURA,Urad,14
Karnataka,VIJAYAPURA,Wheat,23
Karnataka,YADAGIRI,Arhar/Tur,10
Karnataka,YADAGIRI,Bajra,19
Karnataka,YADAGIRI,Cashewnut,2
Karnataka,YADAGIRI,Castor seed,10
Karnataka,YADAGIRI,Coconut,10
Karnataka,YADAGIRI,Coriander,3
Karnataka,YADAGIRI,Cotton(lint),12
Karnataka,YADAGIRI,Cowpea(Lobia),23
Karnataka,YADAGIRI,Dry chillies,19
Karnataka,YADAGIRI,Garlic,3
Karnataka,YADAGIRI,Ginger,1
Karnataka,YADAGIRI,Gram,10
Karnataka,YADAGIRI,Groundnut,21
Karnataka,YADAGIRI,Horse-gram,20
Karnataka,YADAGIRI,Jowar,28
Karnataka,YADAGIRI,Linseed,4
Karnataka,YADAGIRI,Maize,29
Karnataka,YADAGIRI,Mesta,3
Karnataka,YADAGIRI,Moong(Green Gram),14
Karnataka,YADAGIRI,Niger seed,7
Karnataka,YADAGIRI,Onion,29
Karnataka,YADAGIRI,Other  Rabi pulses,3
Karnataka,YADAGIRI,Other Kharif pulses,10
Karnataka,YADAGIRI,Potato,2
Karnataka,YADAGIRI,Ragi,4
Karnataka,YADAGIRI,Rapeseed &Mustard,2
Karnataka,YADAGIRI,Rice,28
Karnataka,YADAGIRI,Safflower,10
Karnataka,YADAGIRI,Sesamum,10
Karnataka,YADAGIRI,Small millets,10
Karnataka,YADAGIRI,Soyabean,1
Karnataka,YADAGIRI,Sugarcane,10
Karnataka,YADAGIRI,Sunflower,26
Karnataka,YADAGIRI,Sweet potato,3
Karnataka,YADAGIRI,Tapioca,2
Karnataka,YADAGIRI,Tobacco,1
Karnataka,YADAGIRI,Turmeric,3
Karnataka,YADAGIRI,Urad,12
Karnataka,YADAGIRI,Wheat,10
Kerala,ALAPPUZHA,Arecanut,23
Kerala,ALAPPUZHA,Banana,22
Kerala,ALAPPUZHA,Black pepper,23
Kerala,ALAPPUZHA,Cashewnut,23
Kerala,ALAPPUZHA,Coconut,23
Kerala,ALAPPUZHA,Ginger,22
Kerala,ALAPPUZHA,Gram,2
Kerala,ALAPPUZHA,Other Kharif pulses,3
Kerala,ALAPPUZHA,Potato,1
Kerala,ALAPPUZHA,Ragi,1
Kerala,ALAPPUZHA,Rice,66
Kerala,ALAPPUZHA,Sesamum,23
Kerala,ALAPPUZHA,Small millets,1
Kerala,ALAPPUZHA,Sugarcane,22
Kerala,ALAPPUZHA,Sweet potato,20
Kerala,ALAPPUZHA,Tapioca,23
Kerala,ALAPPUZHA,Turmeric,22
Kerala,ALAPPUZHA,other oilseeds,1
Kerala,ERNAKULAM,Arecanut,23
Kerala,ERNAKULAM,Banana,22
Kerala,ERNAKULAM,Black pepper,23
Kerala,ERNAKULAM,Cashewnut,23
Kerala,ERNAKULAM,Coconut,23
Kerala,ERNAKULAM,Dry chillies,1
Kerala,ERNAKULAM,Ginger,22
Kerala,ERNAKULAM,Other  Rabi pulses,1
Kerala,ERNAKULAM,Other Kharif pulses,4
Kerala,ERNAKULAM,Potato,1
Kerala,ERNAKULAM,Ragi,2
Kerala,ERNAKULAM,Rice,66
Kerala,ERNAKULAM,Sesamum,23
Kerala,ERNAKULAM,Sugarcane,10
Kerala,ERNAKULAM,Sweet potato,19
Kerala,ERNAKULAM,Tapioca,23
Kerala,ERNAKULAM,Turmeric,22
Kerala,ERNAKULAM,other oilseeds,1
Kerala,IDUKKI,Arecanut,23
Kerala,IDUKKI,Arhar/Tur,2
Kerala,IDUKKI,Banana,22
Kerala,IDUKKI,Black pepper,23
Kerala,IDUKKI,Cardamom,20
Kerala,IDUKKI,Cashewnut,23
Kerala,IDUKKI,Coconut,23
Kerala,IDUKKI,Garlic,20
Kerala,IDUKKI,Ginger,22
Kerala,IDUKKI,Jowar,8
Kerala,IDUKKI,Maize,8
Kerala,IDUKKI,Other  Rabi pulses,1
Kerala,IDUKKI,Other Cereals,6
Kerala,IDUKKI,Other Kharif pulses,5
Kerala,IDUKKI,Potato,9
Kerala,IDUKKI,Ragi,16
Kerala,IDUKKI,Rice,66
Kerala,IDUKKI,Sesamum,11
Kerala,IDUKKI,Small millets,1
Kerala,IDUKKI,Sugarcane,22
Kerala,IDUKKI,Sweet potato,20
Kerala,IDUKKI,Tapioca,23
Kerala,IDUKKI,Turmeric,22
Kerala,IDUKKI,Wheat,6
Kerala,IDUKKI,other oilseeds,1
Kerala,KANNUR,Arecanut,23
Kerala,KANNUR,Arhar/Tur,2
Kerala,KANNUR,Banana,22
Kerala,KANNUR,Black pepper,23
Kerala,KANNUR,Cashewnut,23
Kerala,KANNUR,Coconut,23
Kerala,KANNUR,Dry chillies,2
Kerala,KANNUR,Ginger,22
Kerala,KANNUR,Gram,2
Kerala,KANNUR,Jowar,1
Kerala,KANNUR,Other  Rabi pulses,1
Kerala,KANNUR,Other Kharif pulses,4
Kerala,KANNUR,Potato,1
Kerala,KANNUR,Rice,66
Kerala,KANNUR,Sesamum,7
Kerala,KANNUR,Sugarcane,21
Kerala,KANNUR,Sweet potato,20
Kerala,KANNUR,Tapioca,23
Kerala,KANNUR,Turmeric,22
Kerala,KANNUR,other oilseeds,1
Kerala,KASARAGOD,Arecanut,23
Kerala,KASARAGOD,Arhar/Tur,2
Kerala,KASARAGOD,Banana,22
Kerala,KASARAGOD,Black pepper,23
Kerala,KASARAGOD,Cardamom,5
Kerala,KASARAGOD,Cashewnut,23
Kerala,KASARAGOD,Coconut,23
Kerala,KASARAGOD,Dry chillies,2
Kerala,KASARAGOD,Ginger,22
Kerala,KASARAGOD,Gram,2
Kerala,KASARAGOD,Jowar,9
Kerala,KASARAGOD,Other  Rabi pulses,1
Kerala,KASARAGOD,Other Cereals,2
Kerala,KASARAGOD,Other Kharif pulses,4
Kerala,KASARAGOD,Potato,1
Kerala,KASARAGOD,Ragi,1
Kerala,KASARAGOD,Rice,66
Kerala,KASARAGOD,Sesamum,4
Kerala,KASARAGOD,Small millets,1
Kerala,KASARAGOD,Sugarcane,13
Kerala,KASARAGOD,Sweet potato,20
Kerala,KASARAGOD,Tapioca,23
Kerala,KASARAGOD,Tobacco,21
Kerala,KASARAGOD,Turmeric,22
Kerala,KASARAGOD,other oilseeds,1
Kerala,KOLLAM,Arecanut,23
Kerala,KOLLAM,Banana,22
Kerala,KOLLAM,Black pepper,23
Kerala,KOLLAM,Cashewnut,23
Kerala,KOLLAM,Coconut,23
Kerala,KOLLAM,Dry chillies,1
Kerala,KOLLAM,Ginger,22
Kerala,KOLLAM,Gram,2
Kerala,KOLLAM,Jowar,2
Kerala,KOLLAM,Other  Rabi pulses,1
Kerala,KOLLAM,Other Kharif pulses,4
Kerala,KOLLAM,Potato,1
Kerala,KOLLAM,Ragi,1
Kerala,KOLLAM,Rice,63
Kerala,KOLLAM,Sesamum,23
Kerala,KOLLAM,Small millets,1
Kerala,KOLLAM,Sugarcane,9
Kerala,KOLLAM,Sweet potato,19
Kerala,KOLLAM,Tapioca,23
Kerala,KOLLAM,Turmeric,22
Kerala,KOLLAM,other oilseeds,1
Kerala,KOTTAYAM,Arecanut,23
Kerala,KOTTAYAM,Banana,22
Kerala,KOTTAYAM,Black pepper,23
Kerala,KOTTAYAM,Cardamom,21
Kerala,KOTTAYAM,Cashewnut,23
Kerala,KOTTAYAM,Coconut,23
Kerala,KOTTAYAM,Dry chillies,2
Kerala,KOTTAYAM,Ginger,22
Kerala,KOTTAYAM,Other Kharif pulses,2
Kerala,KOTTAYAM,Potato,1
Kerala,KOTTAYAM,Rice,66
Kerala,KOTTAYAM,Sesamum,7
Kerala,KOTTAYAM,Small millets,1
Kerala,KOTTAYAM,Sugarcane,22
Kerala,KOTTAYAM,Sweet potato,17
Kerala,KOTTAYAM,Tapioca,23
Kerala,KOTTAYAM,Turmeric,22
Kerala,KOTTAYAM,other oilseeds,1
Kerala,KOZHIKODE,Arecanut,23
Kerala,KOZHIKODE,Banana,22
Kerala,KOZHIKODE,Black pepper,23
Kerala,KOZHIKODE,Cardamom,14
Kerala,KOZHIKODE,Cashewnut,23
Kerala,KOZHIKODE,Coconut,23
Kerala,KOZHIKODE,Ginger,22
Kerala,KOZHIKODE,Other  Rabi pulses,1
Kerala,KOZHIKODE,Other Kharif pulses,4
Kerala,KOZHIKODE,Potato,1
Kerala,KOZHIKODE,Rice,66
Kerala,KOZHIKODE,Sesamum,2
Kerala,KOZHIKODE,Sugarcane,5
Kerala,KOZHIKODE,Sweet potato,20
Kerala,KOZHIKODE,Tapioca,23
Kerala,KOZHIKODE,Turmeric,22
Kerala,KOZHIKODE,other oilseeds,1
Kerala,MALAPPURAM,Arecanut,23
Kerala,MALAPPURAM,Banana,22
Kerala,MALAPPURAM,Black pepper,23
Kerala,MALAPPURAM,Cardamom,17
Kerala,MALAPPURAM,Cashewnut,23
Kerala,MALAPPURAM,Coconut,23
Kerala,MALAPPURAM,Ginger,22
Kerala,MALAPPURAM,Gram,2
Kerala,MALAPPURAM,Jowar,3
Kerala,MALAPPURAM,Maize,1
Kerala,MALAPPURAM,Other  Rabi pulses,1
Kerala,MALAPPURAM,Other Cereals,1
Kerala,MALAPPURAM,Other Kharif pulses,3
Kerala,MALAPPURAM,Potato,1
Kerala,MALAPPURAM,Ragi,5
Kerala,MALAPPURAM,Rice,66
Kerala,MALAPPURAM,Sesamum,23
Kerala,MALAPPURAM,Sugarcane,10
Kerala,MALAPPURAM,Sweet potato,20
Kerala,MALAPPURAM,Tapioca,23
Kerala,MALAPPURAM,Turmeric,22
Kerala,MALAPPURAM,other oilseeds,1
Kerala,PALAKKAD,Arecanut,23
Kerala,PALAKKAD,Arhar/Tur,8
Kerala,PALAKKAD,Banana,22
Kerala,PALAKKAD,Black pepper,23
Kerala,PALAKKAD,Cardamom,21
Kerala,PALAKKAD,Cashewnut,23
Kerala,PALAKKAD,Coconut,23
Kerala,PALAKKAD,Cotton(lint),16
Kerala,PALAKKAD,Dry chillies,2
Kerala,PALAKKAD,Ginger,22
Kerala,PALAKKAD,Gram,2
Kerala,PALAKKAD,Groundnut,20
Kerala,PALAKKAD,Jowar,20
Kerala,PALAKKAD,Maize,8
Kerala,PALAKKAD,Other  Rabi pulses,1
Kerala,PALAKKAD,Other Cereals,5
Kerala,PALAKKAD,Other Kharif pulses,5
Kerala,PALAKKAD,Potato,3
Kerala,PALAKKAD,Ragi,20
Kerala,PALAKKAD,Rice,66
Kerala,PALAKKAD,Sesamum,23
Kerala,PALAKKAD,Small millets,10
Kerala,PALAKKAD,Soyabean,4
Kerala,PALAKKAD,Sugarcane,22
Kerala,PALAKKAD,Sunflower,1
Kerala,PALAKKAD,Sweet potato,20
Kerala,PALAKKAD,Tapioca,23
Kerala,PALAKKAD,Turmeric,22
Kerala,PALAKKAD,other oilseeds,1
Kerala,PATHANAMTHITTA,Arecanut,23
Kerala,PATHANAMTHITTA,Arhar/Tur,1
Kerala,PATHANAMTHITTA,Banana,22
Kerala,PATHANAMTHITTA,Black pepper,23
Kerala,PATHANAMTHITTA,Cardamom,21
Kerala,PATHANAMTHITTA,Cashewnut,23
Kerala,PATHANAMTHITTA,Coconut,23
Kerala,PATHANAMTHITTA,Dry chillies,2
Kerala,PATHANAMTHITTA,Ginger,22
Kerala,PATHANAMTHITTA,Gram,1
Kerala,PATHANAMTHITTA,Maize,1
Kerala,PATHANAMTHITTA,Other Kharif pulses,3
Kerala,PATHANAMTHITTA,Potato,1
Kerala,PATHANAMTHITTA,Rice,66
Kerala,PATHANAMTHITTA,Sesamum,9
Kerala,PATHANAMTHITTA,Sugarcane,22
Kerala,PATHANAMTHITTA,Sweet potato,12
Kerala,PATHANAMTHITTA,Tapioca,23
Kerala,PATHANAMTHITTA,Turmeric,22
Kerala,PATHANAMTHITTA,other oilseeds,1
Kerala,THIRUVANANTHAPURAM,Arecanut,23
Kerala,THIRUVANANTHAPURAM,Banana,22
Kerala,THIRUVANANTHAPURAM,Black pepper,23
Kerala,THIRUVANANTHAPURAM,Cashewnut,23
Kerala,THIRUVANANTHAPURAM,Coconut,23
Kerala,THIRUVANANTHAPURAM,Dry chillies,2
Kerala,THIRUVANANTHAPURAM,Ginger,22
Kerala,THIRUVANANTHAPURAM,Gram,2
Kerala,THIRUVANANTHAPURAM,Groundnut,3
Kerala,THIRUVANANTHAPURAM,Jowar,1
Kerala,THIRUVANANTHAPURAM,Other Kharif pulses,4
Kerala,THIRUVANANTHAPURAM,Potato,1
Kerala,THIRUVANANTHAPURAM,Ragi,1
Kerala,THIRUVANANTHAPURAM,Rice,66
Kerala,THIRUVANANTHAPURAM,Sesamum,6
Kerala,THIRUVANANTHAPURAM,Small millets,1
Kerala,THIRUVANANTHAPURAM,Sugarcane,7
Kerala,THIRUVANANTHAPURAM,Sweet potato,20
Kerala,THIRUVANANTHAPURAM,Tapioca,23
Kerala,THIRUVANANTHAPURAM,Turmeric,22
Kerala,THIRUVANANTHAPURAM,other oilseeds,1
Kerala,THRISSUR,Arecanut,23
Kerala,THRISSUR,Arhar/Tur,2
Kerala,THRISSUR,Banana,22
Kerala,THRISSUR,Black pepper,23
Kerala,THRISSUR,Cashewnut,23
Kerala,THRISSUR,Coconut,23
Kerala,THRISSUR,Cotton(lint),1
Kerala,THRISSUR,Dry chillies,1
Kerala,THRISSUR,Ginger,22
Kerala,THRISSUR,Other Cereals,1
Kerala,THRISSUR,Other Kharif pulses,1
Kerala,THRISSUR,Potato,1
Kerala,THRISSUR,Rice,66
Kerala,THRISSUR,Sesamum,22
Kerala,THRISSUR,Small millets,1
Kerala,THRISSUR,Sugarcane,11
Kerala,THRISSUR,Sweet potato,18
Kerala,THRISSUR,Tapioca,23
Kerala,THRISSUR,Turmeric,22
Kerala,THRISSUR,other oilseeds,1
Kerala,WAYANAD,Arecanut,23
Kerala,WAYANAD,Arhar/Tur,4
Kerala,WAYANAD,Banana,22
Kerala,WAYANAD,Black pepper,23
Kerala,WAYANAD,Cardamom,21
Kerala,WAYANAD,Cashewnut,23
Kerala,WAYANAD,Coconut,23
Kerala,WAYANAD,Ginger,22
Kerala,WAYANAD,Jowar,7
Kerala,WAYANAD,Maize,1
Kerala,WAYANAD,Other  Rabi pulses,1
Kerala,WAYANAD,Other Cereals,3
Kerala,WAYANAD,Other Kharif pulses,4
Kerala,WAYANAD,Potato,1
Kerala,WAYANAD,Ragi,5
Kerala,WAYANAD,Rice,44
Kerala,WAYANAD,Sesamum,18
Kerala,WAYANAD,Small millets,1
Kerala,WAYANAD,Sugarcane,10
Kerala,WAYANAD,Sweet potato,19
Kerala,WAYANAD,Tapioca,23
Kerala,WAYANAD,Turmeric,22
Kerala,WAYANAD,other oilseeds,1
Ladakh,KARGIL,Barley,4
Ladakh,KARGIL,Gram,2
Ladakh,KARGIL,Maize,1
Ladakh,KARGIL,Masoor,1
Ladakh,KARGIL,Onion,2
Ladakh,KARGIL,Other  Rabi pulses,7
Ladakh,KARGIL,Other Cereals,7
Ladakh,KARGIL,Peas & beans (Pulses),13
Ladakh,KARGIL,Potato,9
Ladakh,KARGIL,Small millets,4
Ladakh,KARGIL,Wheat,13
Ladakh,LEH LADAKH,Barley,13
Ladakh,LEH LADAKH,Cowpea(Lobia),1
Ladakh,LEH LADAKH,Gram,2
Ladakh,LEH LADAKH,Horse-gram,1
Ladakh,LEH LADAKH,Linseed,2
Ladakh,LEH LADAKH,Masoor,8
Ladakh,LEH LADAKH,Moong(Green Gram),1
Ladakh,LEH LADAKH,Moth,2
Ladakh,LEH LADAKH,Onion,8
Ladakh,LEH LADAKH,Other  Rabi pulses,8
Ladakh,LEH LADAKH,Other Cereals,12
Ladakh,LEH LADAKH,Peas & beans (Pulses),11
Ladakh,LEH LADAKH,Potato,12
Ladakh,LEH LADAKH,Rapeseed &Mustard,12
Ladakh,LEH LADAKH,Small millets,5
Ladakh,LEH LADAKH,Wheat,13
Madhya Pradesh,AGAR MALWA,Arhar/Tur,7
Madhya Pradesh,AGAR MALWA,Bajra,4
Madhya Pradesh,AGAR MALWA,Barley,4
Madhya Pradesh,AGAR MALWA,Coriander,6
Madhya Pradesh,AGAR MALWA,Dry chillies,5
Madhya Pradesh,AGAR MALWA,Garlic,6
Madhya Pradesh,AGAR MALWA,Ginger,6
Madhya Pradesh,AGAR MALWA,Gram,7
Madhya Pradesh,AGAR MALWA,Groundnut,6
Madhya Pradesh,AGAR MALWA,Jowar,7
Madhya Pradesh,AGAR MALWA,Jute,1
Madhya Pradesh,AGAR MALWA,Linseed,4
Madhya Pradesh,AGAR MALWA,Maize,8
Madhya Pradesh,AGAR MALWA,Masoor,5
Madhya Pradesh,AGAR MALWA,Moong(Green Gram),9
Madhya Pradesh,AGAR MALWA,Niger seed,1
Madhya Pradesh,AGAR MALWA,Onion,6
Madhya Pradesh,AGAR MALWA,Other  Rabi pulses,1
Madhya Pradesh,AGAR MALWA,Other Kharif pulses,1
Madhya Pradesh,AGAR MALWA,Peas & beans (Pulses),5
Madhya Pradesh,AGAR MALWA,Potato,6
Madhya Pradesh,AGAR MALWA,Rapeseed &Mustard,7
Madhya Pradesh,AGAR MALWA,Rice,2
Madhya Pradesh,AGAR MALWA,Sannhamp,1
Madhya Pradesh,AGAR MALWA,Sesamum,7
Madhya Pradesh,AGAR MALWA,Soyabean,6
Madhya Pradesh,AGAR MALWA,Sugarcane,3
Madhya Pradesh,AGAR MALWA,Sweet potato,6
Madhya Pradesh,AGAR MALWA,Turmeric,5
Madhya Pradesh,AGAR MALWA,Urad,10
Madhya Pradesh,AGAR MALWA,Wheat,7
Madhya Pradesh,ALIRAJPUR,Arhar/Tur,11
Madhya Pradesh,ALIRAJPUR,Bajra,12
Madhya Pradesh,ALIRAJPUR,Barley,9
Madhya Pradesh,ALIRAJPUR,Castor seed,9
Madhya Pradesh,ALIRAJPUR,Coriander,9
Madhya Pradesh,ALIRAJPUR,Cotton(lint),12
Madhya Pradesh,ALIRAJPUR,Dry chillies,9
Madhya Pradesh,ALIRAJPUR,Garlic,11
Madhya Pradesh,ALIRAJPUR,Ginger,10
Madhya Pradesh,ALIRAJPUR,Gram,12
Madhya Pradesh,ALIRAJPUR,Groundnut,14
Madhya Pradesh,ALIRAJPUR,Horse-gram,10
Madhya Pradesh,ALIRAJPUR,Jowar,18
Madhya Pradesh,ALIRAJPUR,Jute,1
Madhya Pradesh,ALIRAJPUR,Linseed,2
Madhya Pradesh,ALIRAJPUR,Maize,14
Madhya Pradesh,ALIRAJPUR,Mesta,7
Madhya Pradesh,ALIRAJPUR,Moong(Green Gram),18
Madhya Pradesh,ALIRAJPUR,Onion,11
Madhya Pradesh,ALIRAJPUR,Other Kharif pulses,4
Madhya Pradesh,ALIRAJPUR,Peas & beans (Pulses),8
Madhya Pradesh,ALIRAJPUR,Potato,6
Madhya Pradesh,ALIRAJPUR,Rapeseed &Mustard,2
Madhya Pradesh,ALIRAJPUR,Rice,14
Madhya Pradesh,ALIRAJPUR,Sannhamp,6
Madhya Pradesh,ALIRAJPUR,Sesamum,10
Madhya Pradesh,ALIRAJPUR,Small millets,11
Madhya Pradesh,ALIRAJPUR,Soyabean,12
Madhya Pradesh,ALIRAJPUR,Sugarcane,6
Madhya Pradesh,ALIRAJPUR,Sweet potato,11
Madhya Pradesh,ALIRAJPUR,Turmeric,11
Madhya Pradesh,ALIRAJPUR,Urad,14
Madhya Pradesh,ALIRAJPUR,Wheat,12
Madhya Pradesh,ANUPPUR,Arhar/Tur,17
Madhya Pradesh,ANUPPUR,Bajra,3
Madhya Pradesh,ANUPPUR,Banana,4
Madhya Pradesh,ANUPPUR,Barley,15
Madhya Pradesh,ANUPPUR,Coriander,15
Madhya Pradesh,ANUPPUR,Cowpea(Lobia),4
Madhya Pradesh,ANUPPUR,Dry chillies,11
Madhya Pradesh,ANUPPUR,Garlic,15
Madhya Pradesh,ANUPPUR,Ginger,13
Madhya Pradesh,ANUPPUR,Gram,17
Madhya Pradesh,ANUPPUR,Groundnut,17
Madhya Pradesh,ANUPPUR,Horse-gram,13
Madhya Pradesh,ANUPPUR,Jowar,14
Madhya Pradesh,ANUPPUR,Jute,1
Madhya Pradesh,ANUPPUR,Khesari,8
Madhya Pradesh,ANUPPUR,Linseed,17
Madhya Pradesh,ANUPPUR,Maize,18
Madhya Pradesh,ANUPPUR,Masoor,16
Madhya Pradesh,ANUPPUR,Mesta,2
Madhya Pradesh,ANUPPUR,Moong(Green Gram),12
Madhya Pradesh,ANUPPUR,Niger seed,17
Madhya Pradesh,ANUPPUR,Onion,16
Madhya Pradesh,ANUPPUR,Other  Rabi pulses,8
Madhya Pradesh,ANUPPUR,Other Cereals,3
Madhya Pradesh,ANUPPUR,Other Kharif pulses,5
Madhya Pradesh,ANUPPUR,Peas & beans (Pulses),15
Madhya Pradesh,ANUPPUR,Potato,16
Madhya Pradesh,ANUPPUR,Rapeseed &Mustard,17
Madhya Pradesh,ANUPPUR,Rice,17
Madhya Pradesh,ANUPPUR,Safflower,2
Madhya Pradesh,ANUPPUR,Sannhamp,8
Madhya Pradesh,ANUPPUR,Sesamum,17
Madhya Pradesh,ANUPPUR,Small millets,17
Madhya Pradesh,ANUPPUR,Soyabean,17
Madhya Pradesh,ANUPPUR,Sugarcane,11
Madhya Pradesh,ANUPPUR,Sunflower,1
Madhya Pradesh,ANUPPUR,Sweet potato,12
Madhya Pradesh,ANUPPUR,Tobacco,1
Madhya Pradesh,ANUPPUR,Turmeric,13
Madhya Pradesh,ANUPPUR,Urad,23
Madhya Pradesh,ANUPPUR,Wheat,17
Madhya Pradesh,ASHOKNAGAR,Arhar/Tur,15
Madhya Pradesh,ASHOKNAGAR,Bajra,6
Madhya Pradesh,ASHOKNAGAR,Barley,15
Madhya Pradesh,ASHOKNAGAR,Coriander,15
Madhya Pradesh,ASHOKNAGAR,Cotton(lint),1
Madhya Pradesh,ASHOKNAGAR,Dry chillies,11
Madhya Pradesh,ASHOKNAGAR,Garlic,15
Madhya Pradesh,ASHOKNAGAR,Ginger,12
Madhya Pradesh,ASHOKNAGAR,Gram,17
Madhya Pradesh,ASHOKNAGAR,Groundnut,15
Madhya Pradesh,ASHOKNAGAR,Jowar,14
Madhya Pradesh,ASHOKNAGAR,Khesari,8
Madhya Pradesh,ASHOKNAGAR,Linseed,14
Madhya Pradesh,ASHOKNAGAR,Maize,19
Madhya Pradesh,ASHOKNAGAR,Masoor,16
Madhya Pradesh,ASHOKNAGAR,Mesta,1
Madhya Pradesh,ASHOKNAGAR,Moong(Green Gram),18
Madhya Pradesh,ASHOKNAGAR,Niger seed,10
Madhya Pradesh,ASHOKNAGAR,Onion,16
Madhya Pradesh,ASHOKNAGAR,Other  Rabi pulses,3
Madhya Pradesh,ASHOKNAGAR,Other Kharif pulses,1
Madhya Pradesh,ASHOKNAGAR,Peas & beans (Pulses),14
Madhya Pradesh,ASHOKNAGAR,Potato,16
Madhya Pradesh,ASHOKNAGAR,Rapeseed &Mustard,17
Madhya Pradesh,ASHOKNAGAR,Rice,17
Madhya Pradesh,ASHOKNAGAR,Safflower,2
Madhya Pradesh,ASHOKNAGAR,Sesamum,16
Madhya Pradesh,ASHOKNAGAR,Small millets,3
Madhya Pradesh,ASHOKNAGAR,Soyabean,17
Madhya Pradesh,ASHOKNAGAR,Sugarcane,14
Madhya Pradesh,ASHOKNAGAR,Sunflower,2
Madhya Pradesh,ASHOKNAGAR,Sweet potato,15
Madhya Pradesh,ASHOKNAGAR,Turmeric,5
Madhya Pradesh,ASHOKNAGAR,Urad,20
Madhya Pradesh,ASHOKNAGAR,Wheat,17
Madhya Pradesh,BALAGHAT,Arhar/Tur,23
Madhya Pradesh,BALAGHAT,Bajra,12
Madhya Pradesh,BALAGHAT,Banana,16
Madhya Pradesh,BALAGHAT,Barley,6
Madhya Pradesh,BALAGHAT,Castor seed,16
Madhya Pradesh,BALAGHAT,Coriander,19
Madhya Pradesh,BALAGHAT,Cowpea(Lobia),4
Madhya Pradesh,BALAGHAT,Dry chillies,14
Madhya Pradesh,BALAGHAT,Garlic,19
Madhya Pradesh,BALAGHAT,Ginger,17
Madhya Pradesh,BALAGHAT,Gram,22
Madhya Pradesh,BALAGHAT,Groundnut,21
Madhya Pradesh,BALAGHAT,Horse-gram,25
Madhya Pradesh,BALAGHAT,Jowar,21
Madhya Pradesh,BALAGHAT,Jute,4
Madhya Pradesh,BALAGHAT,Khesari,8
Madhya Pradesh,BALAGHAT,Linseed,23
Madhya Pradesh,BALAGHAT,Maize,25
Madhya Pradesh,BALAGHAT,Masoor,13
Madhya Pradesh,BALAGHAT,Mesta,7
Madhya Pradesh,BALAGHAT,Moong(Green Gram),17
Madhya Pradesh,BALAGHAT,Niger seed,16
Madhya Pradesh,BALAGHAT,Onion,20
Madhya Pradesh,BALAGHAT,Other  Rabi pulses,14
Madhya Pradesh,BALAGHAT,Other Cereals,2
Madhya Pradesh,BALAGHAT,Other Kharif pulses,10
Madhya Pradesh,BALAGHAT,Peas & beans (Pulses),15
Madhya Pradesh,BALAGHAT,Potato,19
Madhya Pradesh,BALAGHAT,Ragi,14
Madhya Pradesh,BALAGHAT,Rapeseed &Mustard,23
Madhya Pradesh,BALAGHAT,Rice,24
Madhya Pradesh,BALAGHAT,Safflower,13
Madhya Pradesh,BALAGHAT,Sannhamp,12
Madhya Pradesh,BALAGHAT,Sesamum,23
Madhya Pradesh,BALAGHAT,Small millets,21
Madhya Pradesh,BALAGHAT,Soyabean,20
Madhya Pradesh,BALAGHAT,Sugarcane,21
Madhya Pradesh,BALAGHAT,Sunflower,12
Madhya Pradesh,BALAGHAT,Sweet potato,19
Madhya Pradesh,BALAGHAT,Tobacco,2
Madhya Pradesh,BALAGHAT,Turmeric,18
Madhya Pradesh,BALAGHAT,Urad,33
Madhya Pradesh,BALAGHAT,Wheat,23
Madhya Pradesh,BARWANI,Arhar/Tur,22
Madhya Pradesh,BARWANI,Bajra,22
Madhya Pradesh,BARWANI,Banana,16
Madhya Pradesh,BARWANI,Barley,4
Madhya Pradesh,BARWANI,Castor seed,17
Madhya Pradesh,BARWANI,Coriander,19
Madhya Pradesh,BARWANI,Cotton(lint),22
Madhya Pradesh,BARWANI,Dry chillies,15
Madhya Pradesh,BARWANI,Garlic,19
Madhya Pradesh,BARWANI,Ginger,17
Madhya Pradesh,BARWANI,Gram,22
Madhya Pradesh,BARWANI,Groundnut,24
Madhya Pradesh,BARWANI,Horse-gram,15
Madhya Pradesh,BARWANI,Jowar,38
Madhya Pradesh,BARWANI,Jute,2
Madhya Pradesh,BARWANI,Linseed,8
Madhya Pradesh,BARWANI,Maize,24
Madhya Pradesh,BARWANI,Mesta,7
Madhya Pradesh,BARWANI,Moong(Green Gram),22
Madhya Pradesh,BARWANI,Niger seed,3
Madhya Pradesh,BARWANI,Onion,20
Madhya Pradesh,BARWANI,Other  Rabi pulses,5
Madhya Pradesh,BARWANI,Other Kharif pulses,5
Madhya Pradesh,BARWANI,Peas & beans (Pulses),5
Madhya Pradesh,BARWANI,Potato,19
Madhya Pradesh,BARWANI,Rapeseed &Mustard,7
Madhya Pradesh,BARWANI,Rice,23
Madhya Pradesh,BARWANI,Safflower,3
Madhya Pradesh,BARWANI,Sannhamp,12
Madhya Pradesh,BARWANI,Sesamum,20
Madhya Pradesh,BARWANI,Small millets,16
Madhya Pradesh,BARWANI,Soyabean,22
Madhya Pradesh,BARWANI,Sugarcane,21
Madhya Pradesh,BARWANI,Sunflower,7
Madhya Pradesh,BARWANI,Sweet potato,19
Madhya Pradesh,BARWANI,Tobacco,7
Madhya Pradesh,BARWANI,Turmeric,19
Madhya Pradesh,BARWANI,Urad,23
Madhya Pradesh,BARWANI,Wheat,22
Madhya Pradesh,BASTAR,Arhar/Tur,3
Madhya Pradesh,BASTAR,Castor seed,1
Madhya Pradesh,BASTAR,Cotton(lint),1
Madhya Pradesh,BASTAR,Garlic,1
Madhya Pradesh,BASTAR,Ginger,1
Madhya Pradesh,BASTAR,Gram,2
Madhya Pradesh,BASTAR,Groundnut,1
Madhya Pradesh,BASTAR,Jowar,3
Madhya Pradesh,BASTAR,Linseed,3
Madhya Pradesh,BASTAR,Maize,3
Madhya Pradesh,BASTAR,Niger seed,1
Madhya Pradesh,BASTAR,Onion,1
Madhya Pradesh,BASTAR,Other  Rabi pulses,1
Madhya Pradesh,BASTAR,Other Kharif pulses,1
Madhya Pradesh,BASTAR,Potato,1
Madhya Pradesh,BASTAR,Ragi,1
Madhya Pradesh,BASTAR,Rapeseed &Mustard,3
Madhya Pradesh,BASTAR,Rice,2
Madhya Pradesh,BASTAR,Sesamum,3
Madhya Pradesh,BASTAR,Small millets,2
Madhya Pradesh,BASTAR,Soyabean,3
Madhya Pradesh,BASTAR,Sugarcane,2
Madhya Pradesh,BASTAR,Sunflower,1
Madhya Pradesh,BASTAR,Sweet potato,1
Madhya Pradesh,BASTAR,Wheat,2
Madhya Pradesh,BETUL,Arhar/Tur,23
Madhya Pradesh,BETUL,Bajra,11
Madhya Pradesh,BETUL,Banana,8
Madhya Pradesh,BETUL,Barley,1
Madhya Pradesh,BETUL,Castor seed,3
Madhya Pradesh,BETUL,Coriander,19
Madhya Pradesh,BETUL,Cotton(lint),21
Madhya Pradesh,BETUL,Cowpea(Lobia),4
Madhya Pradesh,BETUL,Dry chillies,15
Madhya Pradesh,BETUL,Garlic,19
Madhya Pradesh,BETUL,Ginger,12
Madhya Pradesh,BETUL,Gram,22
Madhya Pradesh,BETUL,Groundnut,25
Madhya Pradesh,BETUL,Horse-gram,4
Madhya Pradesh,BETUL,Jowar,23
Madhya Pradesh,BETUL,Jute,2
Madhya Pradesh,BETUL,Khesari,8
Madhya Pradesh,BETUL,Linseed,20
Madhya Pradesh,BETUL,Maize,25
Madhya Pradesh,BETUL,Masoor,15
Madhya Pradesh,BETUL,Mesta,2
Madhya Pradesh,BETUL,Moong(Green Gram),19
Madhya Pradesh,BETUL,Niger seed,21
Madhya Pradesh,BETUL,Onion,20
Madhya Pradesh,BETUL,Other  Rabi pulses,8
Madhya Pradesh,BETUL,Other Cereals,2
Madhya Pradesh,BETUL,Other Kharif pulses,9
Madhya Pradesh,BETUL,Peas & beans (Pulses),15
Madhya Pradesh,BETUL,Potato,19
Madhya Pradesh,BETUL,Ragi,5
Madhya Pradesh,BETUL,Rapeseed &Mustard,22
Madhya Pradesh,BETUL,Rice,23
Madhya Pradesh,BETUL,Safflower,6
Madhya Pradesh,BETUL,Sannhamp,12
Madhya Pradesh,BETUL,Sesamum,23
Madhya Pradesh,BETUL,Small millets,21
Madhya Pradesh,BETUL,Soyabean,23
Madhya Pradesh,BETUL,Sugarcane,22
Madhya Pradesh,BETUL,Sunflower,13
Madhya Pradesh,BETUL,Sweet potato,19
Madhya Pradesh,BETUL,Turmeric,11
Madhya Pradesh,BETUL,Urad,32
Madhya Pradesh,BETUL,Wheat,23
Madhya Pradesh,BHIND,Arhar/Tur,23
Madhya Pradesh,BHIND,Bajra,23
Madhya Pradesh,BHIND,Barley,22
Madhya Pradesh,BHIND,Castor seed,2
Madhya Pradesh,BHIND,Coriander,12
Madhya Pradesh,BHIND,Cotton(lint),1
Madhya Pradesh,BHIND,Dry chillies,11
Madhya Pradesh,BHIND,Garlic,19
Madhya Pradesh,BHIND,Ginger,2
Madhya Pradesh,BHIND,Gram,22
Madhya Pradesh,BHIND,Groundnut,10
Madhya Pradesh,BHIND,Horse-gram,2
Madhya Pradesh,BHIND,Jowar,24
Madhya Pradesh,BHIND,Jute,1
Madhya Pradesh,BHIND,Khesari,1
Madhya Pradesh,BHIND,Linseed,17
Madhya Pradesh,BHIND,Maize,11
Madhya Pradesh,BHIND,Masoor,16
Madhya Pradesh,BHIND,Mesta,1
Madhya Pradesh,BHIND,Moong(Green Gram),14
Madhya Pradesh,BHIND,Niger seed,5
Madhya Pradesh,BHIND,Onion,20
Madhya Pradesh,BHIND,Other  Rabi pulses,5
Madhya Pradesh,BHIND,Other Kharif pulses,5
Madhya Pradesh,BHIND,Peas & beans (Pulses),15
Madhya Pradesh,BHIND,Potato,19
Madhya Pradesh,BHIND,Rapeseed &Mustard,23
Madhya Pradesh,BHIND,Rice,22
Madhya Pradesh,BHIND,Safflower,1
Madhya Pradesh,BHIND,Sannhamp,12
Madhya Pradesh,BHIND,Sesamum,23
Madhya Pradesh,BHIND,Small millets,5
Madhya Pradesh,BHIND,Soyabean,21
Madhya Pradesh,BHIND,Sugarcane,18
Madhya Pradesh,BHIND,Sweet potato,14
Madhya Pradesh,BHIND,Turmeric,6
Madhya Pradesh,BHIND,Urad,22
Madhya Pradesh,BHIND,Wheat,23
Madhya Pradesh,BHOPAL,Arhar/Tur,23
Madhya Pradesh,BHOPAL,Bajra,2
Madhya Pradesh,BHOPAL,Barley,7
Madhya Pradesh,BHOPAL,Coriander,19
Madhya Pradesh,BHOPAL,Cotton(lint),1
Madhya Pradesh,BHOPAL,Cowpea(Lobia),3
Madhya Pradesh,BHOPAL,Dry chillies,15
Madhya Pradesh,BHOPAL,Garlic,19
Madhya Pradesh,BHOPAL,Ginger,17
Madhya Pradesh,BHOPAL,Gram,22
Madhya Pradesh,BHOPAL,Groundnut,21
Madhya Pradesh,BHOPAL,Jowar,21
Madhya Pradesh,BHOPAL,Jute,1
Madhya Pradesh,BHOPAL,Khesari,8
Madhya Pradesh,BHOPAL,Linseed,20
Madhya Pradesh,BHOPAL,Maize,24
Madhya Pradesh,BHOPAL,Masoor,16
Madhya Pradesh,BHOPAL,Moong(Green Gram),15
Madhya Pradesh,BHOPAL,Niger seed,2
Madhya Pradesh,BHOPAL,Onion,20
Madhya Pradesh,BHOPAL,Other  Rabi pulses,9
Madhya Pradesh,BHOPAL,Other Kharif pulses,9
Madhya Pradesh,BHOPAL,Peas & beans (Pulses),14
Madhya Pradesh,BHOPAL,Potato,19
Madhya Pradesh,BHOPAL,Rapeseed &Mustard,22
Madhya Pradesh,BHOPAL,Rice,21
Madhya Pradesh,BHOPAL,Safflower,7
Madhya Pradesh,BHOPAL,Sannhamp,12
Madhya Pradesh,BHOPAL,Sesamum,18
Madhya Pradesh,BHOPAL,Soyabean,23
Madhya Pradesh,BHOPAL,Sugarcane,20
Madhya Pradesh,BHOPAL,Sunflower,1
Madhya Pradesh,BHOPAL,Sweet potato,12
Madhya Pradesh,BHOPAL,Turmeric,5
Madhya Pradesh,BHOPAL,Urad,20
Madhya Pradesh,BHOPAL,Wheat,23
Madhya Pradesh,BILASPUR,Arhar/Tur,3
Madhya Pradesh,BILASPUR,Barley,1
Madhya Pradesh,BILASPUR,Castor seed,1
Madhya Pradesh,BILASPUR,Garlic,1
Madhya Pradesh,BILASPUR,Ginger,1
Madhya Pradesh,BILASPUR,Gram,2
Madhya Pradesh,BILASPUR,Groundnut,2
Madhya Pradesh,BILASPUR,Jowar,2
Madhya Pradesh,BILASPUR,Linseed,3
Madhya Pradesh,BILASPUR,Maize,3
Madhya Pradesh,BILASPUR,Niger seed,1
Madhya Pradesh,BILASPUR,Onion,1
Madhya Pradesh,BILASPUR,Other  Rabi pulses,1
Madhya Pradesh,BILASPUR,Other Kharif pulses,1
Madhya Pradesh,BILASPUR,Potato,1
Madhya Pradesh,BILASPUR,Rapeseed &Mustard,3
Madhya Pradesh,BILASPUR,Rice,2
Madhya Pradesh,BILASPUR,Safflower,1
Madhya Pradesh,BILASPUR,Sesamum,3
Madhya Pradesh,BILASPUR,Small millets,2
Madhya Pradesh,BILASPUR,Soyabean,3
Madhya Pradesh,BILASPUR,Sugarcane,2
Madhya Pradesh,BILASPUR,Sunflower,1
Madhya Pradesh,BILASPUR,Sweet potato,1
Madhya Pradesh,BILASPUR,Wheat,2
Madhya Pradesh,BURHANPUR,Arhar/Tur,17
Madhya Pradesh,BURHANPUR,Bajra,14
Madhya Pradesh,BURHANPUR,Banana,14
Madhya Pradesh,BURHANPUR,Barley,3
Madhya Pradesh,BURHANPUR,Castor seed,9
Madhya Pradesh,BURHANPUR,Coriander,15
Madhya Pradesh,BURHANPUR,Cotton(lint),17
Madhya Pradesh,BURHANPUR,Dry chillies,11
Madhya Pradesh,BURHANPUR,Garlic,15
Madhya Pradesh,BURHANPUR,Ginger,13
Madhya Pradesh,BURHANPUR,Gram,17
Madhya Pradesh,BURHANPUR,Groundnut,17
Madhya Pradesh,BURHANPUR,Horse-gram,9
Madhya Pradesh,BURHANPUR,Jowar,28
Madhya Pradesh,BURHANPUR,Jute,1
Madhya Pradesh,BURHANPUR,Khesari,1
Madhya Pradesh,BURHANPUR,Linseed,2
Madhya Pradesh,BURHANPUR,Maize,19
Madhya Pradesh,BURHANPUR,Masoor,11
Madhya Pradesh,BURHANPUR,Mesta,2
Madhya Pradesh,BURHANPUR,Moong(Green Gram),23
Madhya Pradesh,BURHANPUR,Onion,16
Madhya Pradesh,BURHANPUR,Other Kharif pulses,1
Madhya Pradesh,BURHANPUR,Peas & beans (Pulses),11
Madhya Pradesh,BURHANPUR,Potato,12
Madhya Pradesh,BURHANPUR,Rapeseed &Mustard,9
Madhya Pradesh,BURHANPUR,Rice,15
Madhya Pradesh,BURHANPUR,Safflower,3
Madhya Pradesh,BURHANPUR,Sannhamp,8
Madhya Pradesh,BURHANPUR,Sesamum,13
Madhya Pradesh,BURHANPUR,Small millets,11
Madhya Pradesh,BURHANPUR,Soyabean,17
Madhya Pradesh,BURHANPUR,Sugarcane,16
Madhya Pradesh,BURHANPUR,Sunflower,7
Madhya Pradesh,BURHANPUR,Sweet potato,7
Madhya Pradesh,BURHANPUR,Turmeric,11
Madhya Pradesh,BURHANPUR,Urad,18
Madhya Pradesh,BURHANPUR,Wheat,17
Madhya Pradesh,CHHATARPUR,Arhar/Tur,23
Madhya Pradesh,CHHATARPUR,Bajra,19
Madhya Pradesh,CHHATARPUR,Banana,9
Madhya Pradesh,CHHATARPUR,Barley,22
Madhya Pradesh,CHHATARPUR,Castor seed,6
Madhya Pradesh,CHHATARPUR,Coriander,19
Madhya Pradesh,CHHATARPUR,Cotton(lint),1
Madhya Pradesh,CHHATARPUR,Cowpea(Lobia),4
Madhya Pradesh,CHHATARPUR,Dry chillies,15
Madhya Pradesh,CHHATARPUR,Garlic,19
Madhya Pradesh,CHHATARPUR,Ginger,17
Madhya Pradesh,CHHATARPUR,Gram,22
Madhya Pradesh,CHHATARPUR,Groundnut,23
Madhya Pradesh,CHHATARPUR,Horse-gram,4
Madhya Pradesh,CHHATARPUR,Jowar,25
Madhya Pradesh,CHHATARPUR,Jute,4
Madhya Pradesh,CHHATARPUR,Khesari,5
Madhya Pradesh,CHHATARPUR,Linseed,23
Madhya Pradesh,CHHATARPUR,Maize,23
Madhya Pradesh,CHHATARPUR,Masoor,16
Madhya Pradesh,CHHATARPUR,Mesta,3
Madhya Pradesh,CHHATARPUR,Moong(Green Gram),21
Madhya Pradesh,CHHATARPUR,Niger seed,11
Madhya Pradesh,CHHATARPUR,Onion,20
Madhya Pradesh,CHHATARPUR,Other  Rabi pulses,10
Madhya Pradesh,CHHATARPUR,Other Cereals,1
Madhya Pradesh,CHHATARPUR,Other Kharif pulses,9
Madhya Pradesh,CHHATARPUR,Peas & beans (Pulses),15
Madhya Pradesh,CHHATARPUR,Potato,19
Madhya Pradesh,CHHATARPUR,Ragi,2
Madhya Pradesh,CHHATARPUR,Rapeseed &Mustard,23
Madhya Pradesh,CHHATARPUR,Rice,22
Madhya Pradesh,CHHATARPUR,Safflower,5
Madhya Pradesh,CHHATARPUR,Sannhamp,12
Madhya Pradesh,CHHATARPUR,Sesamum,23
Madhya Pradesh,CHHATARPUR,Small millets,17
Madhya Pradesh,CHHATARPUR,Soyabean,23
Madhya Pradesh,CHHATARPUR,Sugarcane,21
Madhya Pradesh,CHHATARPUR,Sweet potato,19
Madhya Pradesh,CHHATARPUR,Tobacco,10
Madhya Pradesh,CHHATARPUR,Turmeric,18
Madhya Pradesh,CHHATARPUR,Urad,31
Madhya Pradesh,CHHATARPUR,Wheat,23
Madhya Pradesh,CHHINDWARA,Arhar/Tur,23
Madhya Pradesh,CHHINDWARA,Bajra,19
Madhya Pradesh,CHHINDWARA,Banana,11
Madhya Pradesh,CHHINDWARA,Barley,1
Madhya Pradesh,CHHINDWARA,Castor seed,16
Madhya Pradesh,CHHINDWARA,Coriander,19
Madhya Pradesh,CHHINDWARA,Cotton(lint),23
Madhya Pradesh,CHHINDWARA,Cowpea(Lobia),4
Madhya Pradesh,CHHINDWARA,Dry chillies,15
Madhya Pradesh,CHHINDWARA,Garlic,19
Madhya Pradesh,CHHINDWARA,Ginger,17
Madhya Pradesh,CHHINDWARA,Gram,22
Madhya Pradesh,CHHINDWARA,Groundnut,25
Madhya Pradesh,CHHINDWARA,Horse-gram,13
Madhya Pradesh,CHHINDWARA,Jowar,39
Madhya Pradesh,CHHINDWARA,Jute,4
Madhya Pradesh,CHHINDWARA,Khesari,8
Madhya Pradesh,CHHINDWARA,Linseed,22
Madhya Pradesh,CHHINDWARA,Maize,25
Madhya Pradesh,CHHINDWARA,Masoor,16
Madhya Pradesh,CHHINDWARA,Mesta,4
Madhya Pradesh,CHHINDWARA,Moong(Green Gram),21
Madhya Pradesh,CHHINDWARA,Niger seed,21
Madhya Pradesh,CHHINDWARA,Onion,20
Madhya Pradesh,CHHINDWARA,Other  Rabi pulses,11
Madhya Pradesh,CHHINDWARA,Other Cereals,2
Madhya Pradesh,CHHINDWARA,Other Kharif pulses,11
Madhya Pradesh,CHHINDWARA,Peas & beans (Pulses),13
Madhya Pradesh,CHHINDWARA,Potato,19
Madhya Pradesh,CHHINDWARA,Ragi,6
Madhya Pradesh,CHHINDWARA,Rapeseed &Mustard,22
Madhya Pradesh,CHHINDWARA,Rice,23
Madhya Pradesh,CHHINDWARA,Safflower,9
Madhya Pradesh,CHHINDWARA,Sannhamp,12
Madhya Pradesh,CHHINDWARA,Sesamum,23
Madhya Pradesh,CHHINDWARA,Small millets,23
Madhya Pradesh,CHHINDWARA,Soyabean,23
Madhya Pradesh,CHHINDWARA,Sugarcane,21
Madhya Pradesh,CHHINDWARA,Sunflower,17
Madhya Pradesh,CHHINDWARA,Sweet potato,19
Madhya Pradesh,CHHINDWARA,Turmeric,19
Madhya Pradesh,CHHINDWARA,Urad,23
Madhya Pradesh,CHHINDWARA,Wheat,23
Madhya Pradesh,DAMOH,Arhar/Tur,23
Madhya Pradesh,DAMOH,Bajra,17
Madhya Pradesh,DAMOH,Banana,11
Madhya Pradesh,DAMOH,Barley,20
Madhya Pradesh,DAMOH,Coriander,14
Madhya Pradesh,DAMOH,Cowpea(Lobia),3
Madhya Pradesh,DAMOH,Dry chillies,15
Madhya Pradesh,DAMOH,Garlic,19
Madhya Pradesh,DAMOH,Ginger,17
Madhya Pradesh,DAMOH,Gram,22
Madhya Pradesh,DAMOH,Groundnut,23
Madhya Pradesh,DAMOH,Horse-gram,3
Madhya Pradesh,DAMOH,Jowar,25
Madhya Pradesh,DAMOH,Khesari,8
Madhya Pradesh,DAMOH,Linseed,23
Madhya Pradesh,DAMOH,Maize,25
Madhya Pradesh,DAMOH,Masoor,16
Madhya Pradesh,DAMOH,Mesta,1
Madhya Pradesh,DAMOH,Moong(Green Gram),22
Madhya Pradesh,DAMOH,Niger seed,10
Madhya Pradesh,DAMOH,Onion,20
Madhya Pradesh,DAMOH,Other  Rabi pulses,13
Madhya Pradesh,DAMOH,Other Cereals,2
Madhya Pradesh,DAMOH,Other Kharif pulses,8
Madhya Pradesh,DAMOH,Peas & beans (Pulses),15
Madhya Pradesh,DAMOH,Potato,19
Madhya Pradesh,DAMOH,Rapeseed &Mustard,22
Madhya Pradesh,DAMOH,Rice,23
Madhya Pradesh,DAMOH,Safflower,1
Madhya Pradesh,DAMOH,Sannhamp,6
Madhya Pradesh,DAMOH,Sesamum,23
Madhya Pradesh,DAMOH,Small millets,18
Madhya Pradesh,DAMOH,Soyabean,23
Madhya Pradesh,DAMOH,Sugarcane,22
Madhya Pradesh,DAMOH,Sunflower,5
Madhya Pradesh,DAMOH,Sweet potato,14
Madhya Pradesh,DAMOH,Turmeric,18
Madhya Pradesh,DAMOH,Urad,32
Madhya Pradesh,DAMOH,Wheat,23
Madhya Pradesh,DANTEWADA,Arhar/Tur,2
Madhya Pradesh,DANTEWADA,Castor seed,1
Madhya Pradesh,DANTEWADA,Cotton(lint),1
Madhya Pradesh,DANTEWADA,Garlic,1
Madhya Pradesh,DANTEWADA,Ginger,1
Madhya Pradesh,DANTEWADA,Gram,1
Madhya Pradesh,DANTEWADA,Groundnut,1
Madhya Pradesh,DANTEWADA,Jowar,2
Madhya Pradesh,DANTEWADA,Linseed,1
Madhya Pradesh,DANTEWADA,Maize,2
Madhya Pradesh,DANTEWADA,Niger seed,1
Madhya Pradesh,DANTEWADA,Onion,1
Madhya Pradesh,DANTEWADA,Other  Rabi pulses,1
Madhya Pradesh,DANTEWADA,Other Kharif pulses,1
Madhya Pradesh,DANTEWADA,Potato,1
Madhya Pradesh,DANTEWADA,Ragi,1
Madhya Pradesh,DANTEWADA,Rapeseed &Mustard,2
Madhya Pradesh,DANTEWADA,Rice,2
Madhya Pradesh,DANTEWADA,Sesamum,2
Madhya Pradesh,DANTEWADA,Small millets,1
Madhya Pradesh,DANTEWADA,Soyabean,1
Madhya Pradesh,DANTEWADA,Sugarcane,2
Madhya Pradesh,DANTEWADA,Sunflower,1
Madhya Pradesh,DANTEWADA,Sweet potato,1
Madhya Pradesh,DATIA,Arhar/Tur,21
Madhya Pradesh,DATIA,Bajra,22
Madhya Pradesh,DATIA,Barley,22
Madhya Pradesh,DATIA,Castor seed,6
Madhya Pradesh,DATIA,Coriander,19
Madhya Pradesh,DATIA,Cotton(lint),1
Madhya Pradesh,DATIA,Cowpea(Lobia),1
Madhya Pradesh,DATIA,Dry chillies,15
Madhya Pradesh,DATIA,Garlic,19
Madhya Pradesh,DATIA,Ginger,16
Madhya Pradesh,DATIA,Gram,22
Madhya Pradesh,DATIA,Groundnut,23
Madhya Pradesh,DATIA,Jowar,26
Madhya Pradesh,DATIA,Jute,2
Madhya Pradesh,DATIA,Khesari,3
Madhya Pradesh,DATIA,Linseed,16
Madhya Pradesh,DATIA,Maize,23
Madhya Pradesh,DATIA,Masoor,16
Madhya Pradesh,DATIA,Mesta,4
Madhya Pradesh,DATIA,Moong(Green Gram),15
Madhya Pradesh,DATIA,Onion,20
Madhya Pradesh,DATIA,Other  Rabi pulses,5
Madhya Pradesh,DATIA,Other Kharif pulses,5
Madhya Pradesh,DATIA,Peas & beans (Pulses),14
Madhya Pradesh,DATIA,Potato,19
Madhya Pradesh,DATIA,Rapeseed &Mustard,23
Madhya Pradesh,DATIA,Rice,22
Madhya Pradesh,DATIA,Safflower,1
Madhya Pradesh,DATIA,Sannhamp,10
Madhya Pradesh,DATIA,Sesamum,23
Madhya Pradesh,DATIA,Small millets,7
Madhya Pradesh,DATIA,Soyabean,23
Madhya Pradesh,DATIA,Sugarcane,20
Madhya Pradesh,DATIA,Sweet potato,16
Madhya Pradesh,DATIA,Tobacco,1
Madhya Pradesh,DATIA,Turmeric,8
Madhya Pradesh,DATIA,Urad,20
Madhya Pradesh,DATIA,Wheat,23
Madhya Pradesh,DEWAS,Arhar/Tur,23
Madhya Pradesh,DEWAS,Bajra,12
Madhya Pradesh,DEWAS,Banana,7
Madhya Pradesh,DEWAS,Barley,17
Madhya Pradesh,DEWAS,Castor seed,4
Madhya Pradesh,DEWAS,Coriander,19
Madhya Pradesh,DEWAS,Cotton(lint),23
Madhya Pradesh,DEWAS,Dry chillies,8
Madhya Pradesh,DEWAS,Garlic,19
Madhya Pradesh,DEWAS,Ginger,17
Madhya Pradesh,DEWAS,Gram,22
Madhya Pradesh,DEWAS,Groundnut,21
Madhya Pradesh,DEWAS,Jowar,31
Madhya Pradesh,DEWAS,Jute,1
Madhya Pradesh,DEWAS,Khesari,4
Madhya Pradesh,DEWAS,Linseed,21
Madhya Pradesh,DEWAS,Maize,23
Madhya Pradesh,DEWAS,Masoor,14
Madhya Pradesh,DEWAS,Mesta,6
Madhya Pradesh,DEWAS,Moong(Green Gram),19
Madhya Pradesh,DEWAS,Niger seed,1
Madhya Pradesh,DEWAS,Onion,20
Madhya Pradesh,DEWAS,Other  Rabi pulses,5
Madhya Pradesh,DEWAS,Other Cereals,1
Madhya Pradesh,DEWAS,Other Kharif pulses,5
Madhya Pradesh,DEWAS,Peas & beans (Pulses),8
Madhya Pradesh,DEWAS,Potato,19
Madhya Pradesh,DEWAS,Rapeseed &Mustard,23
Madhya Pradesh,DEWAS,Rice,20
Madhya Pradesh,DEWAS,Safflower,7
Madhya Pradesh,DEWAS,Sannhamp,12
Madhya Pradesh,DEWAS,Sesamum,19
Madhya Pradesh,DEWAS,Small millets,4
Madhya Pradesh,DEWAS,Soyabean,23
Madhya Pradesh,DEWAS,Sugarcane,20
Madhya Pradesh,DEWAS,Sunflower,8
Madhya Pradesh,DEWAS,Sweet potato,14
Madhya Pradesh,DEWAS,Turmeric,10
Madhya Pradesh,DEWAS,Urad,19
Madhya Pradesh,DEWAS,Wheat,23
Madhya Pradesh,DHAMTARI,Arhar/Tur,2
Madhya Pradesh,DHAMTARI,Castor seed,1
Madhya Pradesh,DHAMTARI,Gram,2
Madhya Pradesh,DHAMTARI,Jowar,1
Madhya Pradesh,DHAMTARI,Linseed,2
Madhya Pradesh,DHAMTARI,Maize,2
Madhya Pradesh,DHAMTARI,Onion,1
Madhya Pradesh,DHAMTARI,Other  Rabi pulses,1
Madhya Pradesh,DHAMTARI,Other Kharif pulses,1
Madhya Pradesh,DHAMTARI,Potato,1
Madhya Pradesh,DHAMTARI,Ragi,1
Madhya Pradesh,DHAMTARI,Rapeseed &Mustard,2
Madhya Pradesh,DHAMTARI,Rice,2
Madhya Pradesh,DHAMTARI,Safflower,1
Madhya Pradesh,DHAMTARI,Sesamum,2
Madhya Pradesh,DHAMTARI,Small millets,1
Madhya Pradesh,DHAMTARI,Sugarcane,2
Madhya Pradesh,DHAMTARI,Sunflower,1
Madhya Pradesh,DHAMTARI,Sweet potato,1
Madhya Pradesh,DHAMTARI,Wheat,1
Madhya Pradesh,DHAR,Arhar/Tur,23
Madhya Pradesh,DHAR,Bajra,23
Madhya Pradesh,DHAR,Banana,16
Madhya Pradesh,DHAR,Barley,21
Madhya Pradesh,DHAR,Castor seed,16
Madhya Pradesh,DHAR,Coriander,19
Madhya Pradesh,DHAR,Cotton(lint),23
Madhya Pradesh,DHAR,Cowpea(Lobia),2
Madhya Pradesh,DHAR,Dry chillies,15
Madhya Pradesh,DHAR,Garlic,19
Madhya Pradesh,DHAR,Ginger,17
Madhya Pradesh,DHAR,Gram,22
Madhya Pradesh,DHAR,Groundnut,25
Madhya Pradesh,DHAR,Horse-gram,16
Madhya Pradesh,DHAR,Jowar,40
Madhya Pradesh,DHAR,Jute,2
Madhya Pradesh,DHAR,Khesari,8
Madhya Pradesh,DHAR,Linseed,19
Madhya Pradesh,DHAR,Maize,25
Madhya Pradesh,DHAR,Masoor,13
Madhya Pradesh,DHAR,Mesta,2
Madhya Pradesh,DHAR,Moong(Green Gram),22
Madhya Pradesh,DHAR,Niger seed,1
Madhya Pradesh,DHAR,Onion,20
Madhya Pradesh,DHAR,Other  Rabi pulses,6
Madhya Pradesh,DHAR,Other Kharif pulses,10
Madhya Pradesh,DHAR,Peas & beans (Pulses),14
Madhya Pradesh,DHAR,Potato,19
Madhya Pradesh,DHAR,Ragi,3
Madhya Pradesh,DHAR,Rapeseed &Mustard,20
Madhya Pradesh,DHAR,Rice,23
Madhya Pradesh,DHAR,Safflower,13
Madhya Pradesh,DHAR,Sannhamp,12
Madhya Pradesh,DHAR,Sesamum,19
Madhya Pradesh,DHAR,Small millets,15
Madhya Pradesh,DHAR,Soyabean,23
Madhya Pradesh,DHAR,Sugarcane,21
Madhya Pradesh,DHAR,Sunflower,1
Madhya Pradesh,DHAR,Sweet potato,18
Madhya Pradesh,DHAR,Tobacco,4
Madhya Pradesh,DHAR,Turmeric,19
Madhya Pradesh,DHAR,Urad,20
Madhya Pradesh,DHAR,Wheat,23
Madhya Pradesh,DINDORI,Arhar/Tur,22
Madhya Pradesh,DINDORI,Bajra,2
Madhya Pradesh,DINDORI,Banana,1
Madhya Pradesh,DINDORI,Barley,17
Madhya Pradesh,DINDORI,Coriander,18
Madhya Pradesh,DINDORI,Cotton(lint),1
Madhya Pradesh,DINDORI,Dry chillies,11
Madhya Pradesh,DINDORI,Garlic,14
Madhya Pradesh,DINDORI,Ginger,5
Madhya Pradesh,DINDORI,Gram,22
Madhya Pradesh,DINDORI,Groundnut,17
Madhya Pradesh,DINDORI,Jowar,20
Madhya Pradesh,DINDORI,Jute,1
Madhya Pradesh,DINDORI,Khesari,8
Madhya Pradesh,DINDORI,Linseed,22
Madhya Pradesh,DINDORI,Maize,22
Madhya Pradesh,DINDORI,Masoor,16
Madhya Pradesh,DINDORI,Mesta,1
Madhya Pradesh,DINDORI,Moong(Green Gram),5
Madhya Pradesh,DINDORI,Niger seed,20
Madhya Pradesh,DINDORI,Onion,20
Madhya Pradesh,DINDORI,Other  Rabi pulses,7
Madhya Pradesh,DINDORI,Other Cereals,3
Madhya Pradesh,DINDORI,Other Kharif pulses,5
Madhya Pradesh,DINDORI,Peas & beans (Pulses),15
Madhya Pradesh,DINDORI,Potato,15
Madhya Pradesh,DINDORI,Ragi,4
Madhya Pradesh,DINDORI,Rapeseed &Mustard,22
Madhya Pradesh,DINDORI,Rice,22
Madhya Pradesh,DINDORI,Safflower,6
Madhya Pradesh,DINDORI,Sannhamp,12
Madhya Pradesh,DINDORI,Sesamum,20
Madhya Pradesh,DINDORI,Small millets,20
Madhya Pradesh,DINDORI,Soyabean,22
Madhya Pradesh,DINDORI,Sugarcane,13
Madhya Pradesh,DINDORI,Sweet potato,14
Madhya Pradesh,DINDORI,Turmeric,5
Madhya Pradesh,DINDORI,Urad,22
Madhya Pradesh,DINDORI,Wheat,22
Madhya Pradesh,DURG,Arhar/Tur,3
Madhya Pradesh,DURG,Garlic,1
Madhya Pradesh,DURG,Ginger,1
Madhya Pradesh,DURG,Gram,2
Madhya Pradesh,DURG,Groundnut,2
Madhya Pradesh,DURG,Jowar,2
Madhya Pradesh,DURG,Linseed,3
Madhya Pradesh,DURG,Maize,3
Madhya Pradesh,DURG,Onion,1
Madhya Pradesh,DURG,Other  Rabi pulses,1
Madhya Pradesh,DURG,Other Kharif pulses,1
Madhya Pradesh,DURG,Potato,1
Madhya Pradesh,DURG,Ragi,1
Madhya Pradesh,DURG,Rapeseed &Mustard,3
Madhya Pradesh,DURG,Rice,2
Madhya Pradesh,DURG,Safflower,1
Madhya Pradesh,DURG,Sesamum,3
Madhya Pradesh,DURG,Small millets,2
Madhya Pradesh,DURG,Soyabean,3
Madhya Pradesh,DURG,Sugarcane,2
Madhya Pradesh,DURG,Sunflower,2
Madhya Pradesh,DURG,Sweet potato,1
Madhya Pradesh,DURG,Wheat,2
Madhya Pradesh,GUNA,Arhar/Tur,21
Madhya Pradesh,GUNA,Bajra,19
Madhya Pradesh,GUNA,Barley,21
Madhya Pradesh,GUNA,Castor seed,2
Madhya Pradesh,GUNA,Coriander,19
Madhya Pradesh,GUNA,Cotton(lint),6
Madhya Pradesh,GUNA,Dry chillies,11
Madhya Pradesh,GUNA,Garlic,19
Madhya Pradesh,GUNA,Ginger,17
Madhya Pradesh,GUNA,Gram,22
Madhya Pradesh,GUNA,Groundnut,22
Madhya Pradesh,GUNA,Jowar,23
Madhya Pradesh,GUNA,Khesari,1
Madhya Pradesh,GUNA,Linseed,17
Madhya Pradesh,GUNA,Maize,23
Madhya Pradesh,GUNA,Masoor,15
Madhya Pradesh,GUNA,Moong(Green Gram),16
Madhya Pradesh,GUNA,Niger seed,13
Madhya Pradesh,GUNA,Onion,20
Madhya Pradesh,GUNA,Other  Rabi pulses,7
Madhya Pradesh,GUNA,Other Kharif pulses,5
Madhya Pradesh,GUNA,Peas & beans (Pulses),12
Madhya Pradesh,GUNA,Potato,19
Madhya Pradesh,GUNA,Rapeseed &Mustard,23
Madhya Pradesh,GUNA,Rice,21
Madhya Pradesh,GUNA,Safflower,14
Madhya Pradesh,GUNA,Sannhamp,7
Madhya Pradesh,GUNA,Sesamum,22
Madhya Pradesh,GUNA,Small millets,4
Madhya Pradesh,GUNA,Soyabean,23
Madhya Pradesh,GUNA,Sugarcane,20
Madhya Pradesh,GUNA,Sunflower,4
Madhya Pradesh,GUNA,Sweet potato,19
Madhya Pradesh,GUNA,Turmeric,5
Madhya Pradesh,GUNA,Urad,19
Madhya Pradesh,GUNA,Wheat,23
Madhya Pradesh,GWALIOR,Arhar/Tur,21
Madhya Pradesh,GWALIOR,Bajra,23
Madhya Pradesh,GWALIOR,Barley,22
Madhya Pradesh,GWALIOR,Coriander,19
Madhya Pradesh,GWALIOR,Dry chillies,15
Madhya Pradesh,GWALIOR,Garlic,19
Madhya Pradesh,GWALIOR,Ginger,6
Madhya Pradesh,GWALIOR,Gram,22
Madhya Pradesh,GWALIOR,Groundnut,21
Madhya Pradesh,GWALIOR,Jowar,23
Madhya Pradesh,GWALIOR,Jute,1
Madhya Pradesh,GWALIOR,Linseed,19
Madhya Pradesh,GWALIOR,Maize,21
Madhya Pradesh,GWALIOR,Masoor,14
Madhya Pradesh,GWALIOR,Moong(Green Gram),15
Madhya Pradesh,GWALIOR,Niger seed,2
Madhya Pradesh,GWALIOR,Onion,20
Madhya Pradesh,GWALIOR,Other  Rabi pulses,5
Madhya Pradesh,GWALIOR,Other Kharif pulses,5
Madhya Pradesh,GWALIOR,Peas & beans (Pulses),14
Madhya Pradesh,GWALIOR,Potato,19
Madhya Pradesh,GWALIOR,Rapeseed &Mustard,23
Madhya Pradesh,GWALIOR,Rice,24
Madhya Pradesh,GWALIOR,Safflower,1
Madhya Pradesh,GWALIOR,Sannhamp,5
Madhya Pradesh,GWALIOR,Sesamum,23
Madhya Pradesh,GWALIOR,Soyabean,23
Madhya Pradesh,GWALIOR,Sugarcane,19
Madhya Pradesh,GWALIOR,Sweet potato,18
Madhya Pradesh,GWALIOR,Turmeric,5
Madhya Pradesh,GWALIOR,Urad,20
Madhya Pradesh,GWALIOR,Wheat,23
Madhya Pradesh,HARDA,Arhar/Tur,20
Madhya Pradesh,HARDA,Bajra,15
Madhya Pradesh,HARDA,Banana,12
Madhya Pradesh,HARDA,Barley,19
Madhya Pradesh,HARDA,Castor seed,4
Madhya Pradesh,HARDA,Coriander,19
Madhya Pradesh,HARDA,Cotton(lint),20
Madhya Pradesh,HARDA,Dry chillies,11
Madhya Pradesh,HARDA,Garlic,19
Madhya Pradesh,HARDA,Ginger,17
Madhya Pradesh,HARDA,Gram,22
Madhya Pradesh,HARDA,Groundnut,12
Madhya Pradesh,HARDA,Jowar,34
Madhya Pradesh,HARDA,Jute,1
Madhya Pradesh,HARDA,Khesari,7
Madhya Pradesh,HARDA,Linseed,17
Madhya Pradesh,HARDA,Maize,23
Madhya Pradesh,HARDA,Masoor,12
Madhya Pradesh,HARDA,Mesta,2
Madhya Pradesh,HARDA,Moong(Green Gram),20
Madhya Pradesh,HARDA,Niger seed,9
Madhya Pradesh,HARDA,Onion,20
Madhya Pradesh,HARDA,Other  Rabi pulses,6
Madhya Pradesh,HARDA,Other Cereals,1
Madhya Pradesh,HARDA,Other Kharif pulses,5
Madhya Pradesh,HARDA,Peas & beans (Pulses),12
Madhya Pradesh,HARDA,Potato,19
Madhya Pradesh,HARDA,Rapeseed &Mustard,18
Madhya Pradesh,HARDA,Rice,22
Madhya Pradesh,HARDA,Safflower,3
Madhya Pradesh,HARDA,Sannhamp,2
Madhya Pradesh,HARDA,Sesamum,18
Madhya Pradesh,HARDA,Small millets,15
Madhya Pradesh,HARDA,Soyabean,22
Madhya Pradesh,HARDA,Sugarcane,20
Madhya Pradesh,HARDA,Sunflower,4
Madhya Pradesh,HARDA,Sweet potato,14
Madhya Pradesh,HARDA,Turmeric,14
Madhya Pradesh,HARDA,Urad,18
Madhya Pradesh,HARDA,Wheat,22
Madhya Pradesh,HOSHANGABAD,Arhar/Tur,23
Madhya Pradesh,HOSHANGABAD,Bajra,19
Madhya Pradesh,HOSHANGABAD,Banana,13
Madhya Pradesh,HOSHANGABAD,Barley,18
Madhya Pradesh,HOSHANGABAD,Castor seed,13
Madhya Pradesh,HOSHANGABAD,Coriander,19
Madhya Pradesh,HOSHANGABAD,Cotton(lint),9
Madhya Pradesh,HOSHANGABAD,Cowpea(Lobia),4
Madhya Pradesh,HOSHANGABAD,Dry chillies,15
Madhya Pradesh,HOSHANGABAD,Garlic,19
Madhya Pradesh,HOSHANGABAD,Ginger,17
Madhya Pradesh,HOSHANGABAD,Gram,22
Madhya Pradesh,HOSHANGABAD,Groundnut,19
Madhya Pradesh,HOSHANGABAD,Horse-gram,2
Madhya Pradesh,HOSHANGABAD,Jowar,39
Madhya Pradesh,HOSHANGABAD,Jute,2
Madhya Pradesh,HOSHANGABAD,Khesari,8
Madhya Pradesh,HOSHANGABAD,Linseed,16
Madhya Pradesh,HOSHANGABAD,Maize,25
Madhya Pradesh,HOSHANGABAD,Masoor,15
Madhya Pradesh,HOSHANGABAD,Mesta,2
Madhya Pradesh,HOSHANGABAD,Moong(Green Gram),21
Madhya Pradesh,HOSHANGABAD,Niger seed,8
Madhya Pradesh,HOSHANGABAD,Onion,20
Madhya Pradesh,HOSHANGABAD,Other  Rabi pulses,12
Madhya Pradesh,HOSHANGABAD,Other Cereals,1
Madhya Pradesh,HOSHANGABAD,Other Kharif pulses,10
Madhya Pradesh,HOSHANGABAD,Peas & beans (Pulses),15
Madhya Pradesh,HOSHANGABAD,Potato,19
Madhya Pradesh,HOSHANGABAD,Ragi,4
Madhya Pradesh,HOSHANGABAD,Rapeseed &Mustard,21
Madhya Pradesh,HOSHANGABAD,Rice,22
Madhya Pradesh,HOSHANGABAD,Safflower,6
Madhya Pradesh,HOSHANGABAD,Sannhamp,6
Madhya Pradesh,HOSHANGABAD,Sesamum,21
Madhya Pradesh,HOSHANGABAD,Small millets,22
Madhya Pradesh,HOSHANGABAD,Soyabean,23
Madhya Pradesh,HOSHANGABAD,Sugarcane,22
Madhya Pradesh,HOSHANGABAD,Sunflower,5
Madhya Pradesh,HOSHANGABAD,Sweet potato,17
Madhya Pradesh,HOSHANGABAD,Turmeric,19
Madhya Pradesh,HOSHANGABAD,Urad,31
Madhya Pradesh,HOSHANGABAD,Wheat,23
Madhya Pradesh,INDORE,Arhar/Tur,22
Madhya Pradesh,INDORE,Bajra,6
Madhya Pradesh,INDORE,Barley,9
Madhya Pradesh,INDORE,Castor seed,4
Madhya Pradesh,INDORE,Coriander,17
Madhya Pradesh,INDORE,Cotton(lint),16
Madhya Pradesh,INDORE,Dry chillies,11
Madhya Pradesh,INDORE,Garlic,19
Madhya Pradesh,INDORE,Ginger,17
Madhya Pradesh,INDORE,Gram,22
Madhya Pradesh,INDORE,Groundnut,20
Madhya Pradesh,INDORE,Jowar,20
Madhya Pradesh,INDORE,Jute,1
Madhya Pradesh,INDORE,Khesari,7
Madhya Pradesh,INDORE,Linseed,20
Madhya Pradesh,INDORE,Maize,25
Madhya Pradesh,INDORE,Masoor,13
Madhya Pradesh,INDORE,Mesta,2
Madhya Pradesh,INDORE,Moong(Green Gram),14
Madhya Pradesh,INDORE,Onion,20
Madhya Pradesh,INDORE,Other  Rabi pulses,5
Madhya Pradesh,INDORE,Other Cereals,1
Madhya Pradesh,INDORE,Other Kharif pulses,8
Madhya Pradesh,INDORE,Peas & beans (Pulses),15
Madhya Pradesh,INDORE,Potato,19
Madhya Pradesh,INDORE,Rapeseed &Mustard,17
Madhya Pradesh,INDORE,Rice,18
Madhya Pradesh,INDORE,Safflower,10
Madhya Pradesh,INDORE,Sannhamp,4
Madhya Pradesh,INDORE,Sesamum,8
Madhya Pradesh,INDORE,Small millets,3
Madhya Pradesh,INDORE,Soyabean,23
Madhya Pradesh,INDORE,Sugarcane,19
Madhya Pradesh,INDORE,Sunflower,2
Madhya Pradesh,INDORE,Sweet potato,14
Madhya Pradesh,INDORE,Turmeric,11
Madhya Pradesh,INDORE,Urad,16
Madhya Pradesh,INDORE,Wheat,23
Madhya Pradesh,JABALPUR,Arhar/Tur,23
Madhya Pradesh,JABALPUR,Bajra,11
Madhya Pradesh,JABALPUR,Banana,5
Madhya Pradesh,JABALPUR,Barley,14
Madhya Pradesh,JABALPUR,Coriander,19
Madhya Pradesh,JABALPUR,Cotton(lint),1
Madhya Pradesh,JABALPUR,Cowpea(Lobia),4
Madhya Pradesh,JABALPUR,Dry chillies,15
Madhya Pradesh,JABALPUR,Garlic,19
Madhya Pradesh,JABALPUR,Ginger,17
Madhya Pradesh,JABALPUR,Gram,22
Madhya Pradesh,JABALPUR,Groundnut,19
Madhya Pradesh,JABALPUR,Horse-gram,2
Madhya Pradesh,JABALPUR,Jowar,22
Madhya Pradesh,JABALPUR,Jute,4
Madhya Pradesh,JABALPUR,Khesari,8
Madhya Pradesh,JABALPUR,Linseed,22
Madhya Pradesh,JABALPUR,Maize,23
Madhya Pradesh,JABALPUR,Masoor,16
Madhya Pradesh,JABALPUR,Mesta,3
Madhya Pradesh,JABALPUR,Moong(Green Gram),22
Madhya Pradesh,JABALPUR,Niger seed,20
Madhya Pradesh,JABALPUR,Onion,20
Madhya Pradesh,JABALPUR,Other  Rabi pulses,9
Madhya Pradesh,JABALPUR,Other Cereals,2
Madhya Pradesh,JABALPUR,Other Kharif pulses,9
Madhya Pradesh,JABALPUR,Peas & beans (Pulses),15
Madhya Pradesh,JABALPUR,Potato,19
Madhya Pradesh,JABALPUR,Ragi,1
Madhya Pradesh,JABALPUR,Rapeseed &Mustard,23
Madhya Pradesh,JABALPUR,Rice,22
Madhya Pradesh,JABALPUR,Safflower,3
Madhya Pradesh,JABALPUR,Sannhamp,12
Madhya Pradesh,JABALPUR,Sesamum,22
Madhya Pradesh,JABALPUR,Small millets,22
Madhya Pradesh,JABALPUR,Soyabean,23
Madhya Pradesh,JABALPUR,Sugarcane,21
Madhya Pradesh,JABALPUR,Sunflower,12
Madhya Pradesh,JABALPUR,Sweet potato,19
Madhya Pradesh,JABALPUR,Turmeric,15
Madhya Pradesh,JABALPUR,Urad,32
Madhya Pradesh,JABALPUR,Wheat,23
Madhya Pradesh,JANJGIR-CHAMPA,Arhar/Tur,2
Madhya Pradesh,JANJGIR-CHAMPA,Castor seed,1
Madhya Pradesh,JANJGIR-CHAMPA,Garlic,1
Madhya Pradesh,JANJGIR-CHAMPA,Ginger,1
Madhya Pradesh,JANJGIR-CHAMPA,Gram,2
Madhya Pradesh,JANJGIR-CHAMPA,Groundnut,1
Madhya Pradesh,JANJGIR-CHAMPA,Linseed,2
Madhya Pradesh,JANJGIR-CHAMPA,Maize,2
Madhya Pradesh,JANJGIR-CHAMPA,Onion,1
Madhya Pradesh,JANJGIR-CHAMPA,Other  Rabi pulses,1
Madhya Pradesh,JANJGIR-CHAMPA,Other Kharif pulses,1
Madhya Pradesh,JANJGIR-CHAMPA,Potato,1
Madhya Pradesh,JANJGIR-CHAMPA,Rapeseed &Mustard,2
Madhya Pradesh,JANJGIR-CHAMPA,Rice,2
Madhya Pradesh,JANJGIR-CHAMPA,Safflower,1
Madhya Pradesh,JANJGIR-CHAMPA,Sesamum,2
Madhya Pradesh,JANJGIR-CHAMPA,Soyabean,1
Madhya Pradesh,JANJGIR-CHAMPA,Sugarcane,2
Madhya Pradesh,JANJGIR-CHAMPA,Sunflower,1
Madhya Pradesh,JANJGIR-CHAMPA,Sweet potato,1
Madhya Pradesh,JANJGIR-CHAMPA,Wheat,1
Madhya Pradesh,JASHPUR,Arhar/Tur,2
Madhya Pradesh,JASHPUR,Garlic,1
Madhya Pradesh,JASHPUR,Ginger,1
Madhya Pradesh,JASHPUR,Gram,2
Madhya Pradesh,JASHPUR,Groundnut,1
Madhya Pradesh,JASHPUR,Jowar,1
Madhya Pradesh,JASHPUR,Linseed,2
Madhya Pradesh,JASHPUR,Maize,2
Madhya Pradesh,JASHPUR,Niger seed,1
Madhya Pradesh,JASHPUR,Onion,1
Madhya Pradesh,JASHPUR,Other  Rabi pulses,1
Madhya Pradesh,JASHPUR,Other Kharif pulses,1
Madhya Pradesh,JASHPUR,Potato,1
Madhya Pradesh,JASHPUR,Ragi,1
Madhya Pradesh,JASHPUR,Rapeseed &Mustard,2
Madhya Pradesh,JASHPUR,Rice,2
Madhya Pradesh,JASHPUR,Sesamum,2
Madhya Pradesh,JASHPUR,Small millets,1
Madhya Pradesh,JASHPUR,Soyabean,1
Madhya Pradesh,JASHPUR,Sugarcane,2
Madhya Pradesh,JASHPUR,Sweet potato,1
Madhya Pradesh,JASHPUR,Wheat,1
Madhya Pradesh,JHABUA,Arhar/Tur,23
Madhya Pradesh,JHABUA,Bajra,21
Madhya Pradesh,JHABUA,Banana,2
Madhya Pradesh,JHABUA,Barley,20
Madhya Pradesh,JHABUA,Cashewnut,1
Madhya Pradesh,JHABUA,Castor seed,15
Madhya Pradesh,JHABUA,Coriander,9
Madhya Pradesh,JHABUA,Cotton(lint),23
Madhya Pradesh,JHABUA,Cowpea(Lobia),2
Madhya Pradesh,JHABUA,Dry chillies,15
Madhya Pradesh,JHABUA,Garlic,19
Madhya Pradesh,JHABUA,Ginger,17
Madhya Pradesh,JHABUA,Gram,22
Madhya Pradesh,JHABUA,Groundnut,24
Madhya Pradesh,JHABUA,Horse-gram,13
Madhya Pradesh,JHABUA,Jowar,35
Madhya Pradesh,JHABUA,Jute,2
Madhya Pradesh,JHABUA,Linseed,4
Madhya Pradesh,JHABUA,Maize,25
Madhya Pradesh,JHABUA,Masoor,5
Madhya Pradesh,JHABUA,Mesta,2
Madhya Pradesh,JHABUA,Moong(Green Gram),20
Madhya Pradesh,JHABUA,Niger seed,2
Madhya Pradesh,JHABUA,Onion,20
Madhya Pradesh,JHABUA,Other  Rabi pulses,5
Madhya Pradesh,JHABUA,Other Kharif pulses,10
Madhya Pradesh,JHABUA,Peas & beans (Pulses),12
Madhya Pradesh,JHABUA,Potato,19
Madhya Pradesh,JHABUA,Rapeseed &Mustard,14
Madhya Pradesh,JHABUA,Rice,23
Madhya Pradesh,JHABUA,Sannhamp,12
Madhya Pradesh,JHABUA,Sesamum,18
Madhya Pradesh,JHABUA,Small millets,19
Madhya Pradesh,JHABUA,Soyabean,23
Madhya Pradesh,JHABUA,Sugarcane,18
Madhya Pradesh,JHABUA,Sunflower,4
Madhya Pradesh,JHABUA,Sweet potato,14
Madhya Pradesh,JHABUA,Turmeric,18
Madhya Pradesh,JHABUA,Urad,18
Madhya Pradesh,JHABUA,Wheat,23
Madhya Pradesh,KABIRDHAM,Arhar/Tur,1
Madhya Pradesh,KABIRDHAM,Gram,1
Madhya Pradesh,KABIRDHAM,Groundnut,1
Madhya Pradesh,KABIRDHAM,Jowar,1
Madhya Pradesh,KABIRDHAM,Linseed,1
Madhya Pradesh,KABIRDHAM,Maize,1
Madhya Pradesh,KABIRDHAM,Rapeseed &Mustard,1
Madhya Pradesh,KABIRDHAM,Rice,1
Madhya Pradesh,KABIRDHAM,Sesamum,1
Madhya Pradesh,KABIRDHAM,Soyabean,1
Madhya Pradesh,KABIRDHAM,Sugarcane,1
Madhya Pradesh,KABIRDHAM,Wheat,1
Madhya Pradesh,KANKER,Arhar/Tur,2
Madhya Pradesh,KANKER,Garlic,1
Madhya Pradesh,KANKER,Ginger,1
Madhya Pradesh,KANKER,Gram,2
Madhya Pradesh,KANKER,Jowar,1
Madhya Pradesh,KANKER,Linseed,2
Madhya Pradesh,KANKER,Maize,2
Madhya Pradesh,KANKER,Niger seed,1
Madhya Pradesh,KANKER,Onion,1
Madhya Pradesh,KANKER,Other  Rabi pulses,1
Madhya Pradesh,KANKER,Other Kharif pulses,1
Madhya Pradesh,KANKER,Potato,1
Madhya Pradesh,KANKER,Ragi,1
Madhya Pradesh,KANKER,Rapeseed &Mustard,2
Madhya Pradesh,KANKER,Rice,2
Madhya Pradesh,KANKER,Safflower,1
Madhya Pradesh,KANKER,Sesamum,2
Madhya Pradesh,KANKER,Small millets,1
Madhya Pradesh,KANKER,Soyabean,1
Madhya Pradesh,KANKER,Sugarcane,2
Madhya Pradesh,KANKER,Sunflower,1
Madhya Pradesh,KANKER,Sweet potato,1
Madhya Pradesh,KANKER,Wheat,1
Madhya Pradesh,KATNI,Arhar/Tur,22
Madhya Pradesh,KATNI,Bajra,3
Madhya Pradesh,KATNI,Banana,6
Madhya Pradesh,KATNI,Barley,20
Madhya Pradesh,KATNI,Castor seed,3
Madhya Pradesh,KATNI,Coriander,19
Madhya Pradesh,KATNI,Cotton(lint),1
Madhya Pradesh,KATNI,Cowpea(Lobia),4
Madhya Pradesh,KATNI,Dry chillies,15
Madhya Pradesh,KATNI,Garlic,19
Madhya Pradesh,KATNI,Ginger,17
Madhya Pradesh,KATNI,Gram,22
Madhya Pradesh,KATNI,Groundnut,18
Madhya Pradesh,KATNI,Horse-gram,1
Madhya Pradesh,KATNI,Jowar,21
Madhya Pradesh,KATNI,Jute,2
Madhya Pradesh,KATNI,Khesari,8
Madhya Pradesh,KATNI,Linseed,22
Madhya Pradesh,KATNI,Maize,23
Madhya Pradesh,KATNI,Masoor,16
Madhya Pradesh,KATNI,Mesta,3
Madhya Pradesh,KATNI,Moong(Green Gram),20
Madhya Pradesh,KATNI,Niger seed,11
Madhya Pradesh,KATNI,Onion,20
Madhya Pradesh,KATNI,Other  Rabi pulses,10
Madhya Pradesh,KATNI,Other Cereals,1
Madhya Pradesh,KATNI,Other Kharif pulses,9
Madhya Pradesh,KATNI,Peas & beans (Pulses),15
Madhya Pradesh,KATNI,Potato,19
Madhya Pradesh,KATNI,Ragi,3
Madhya Pradesh,KATNI,Rapeseed &Mustard,22
Madhya Pradesh,KATNI,Rice,22
Madhya Pradesh,KATNI,Safflower,4
Madhya Pradesh,KATNI,Sannhamp,6
Madhya Pradesh,KATNI,Sesamum,22
Madhya Pradesh,KATNI,Small millets,20
Madhya Pradesh,KATNI,Soyabean,21
Madhya Pradesh,KATNI,Sugarcane,18
Madhya Pradesh,KATNI,Sunflower,2
Madhya Pradesh,KATNI,Sweet potato,19
Madhya Pradesh,KATNI,Turmeric,18
Madhya Pradesh,KATNI,Urad,31
Madhya Pradesh,KATNI,Wheat,22
Madhya Pradesh,KHANDWA,Arhar/Tur,23
Madhya Pradesh,KHANDWA,Bajra,20
Madhya Pradesh,KHANDWA,Banana,16
Madhya Pradesh,KHANDWA,Barley,9
Madhya Pradesh,KHANDWA,Castor seed,17
Madhya Pradesh,KHANDWA,Coriander,19
Madhya Pradesh,KHANDWA,Cotton(lint),23
Madhya Pradesh,KHANDWA,Cowpea(Lobia),4
Madhya Pradesh,KHANDWA,Dry chillies,15
Madhya Pradesh,KHANDWA,Garlic,19
Madhya Pradesh,KHANDWA,Ginger,17
Madhya Pradesh,KHANDWA,Gram,22
Madhya Pradesh,KHANDWA,Groundnut,25
Madhya Pradesh,KHANDWA,Horse-gram,14
Madhya Pradesh,KHANDWA,Jowar,37
Madhya Pradesh,KHANDWA,Jute,1
Madhya Pradesh,KHANDWA,Khesari,5
Madhya Pradesh,KHANDWA,Linseed,20
Madhya Pradesh,KHANDWA,Maize,25
Madhya Pradesh,KHANDWA,Masoor,14
Madhya Pradesh,KHANDWA,Mesta,4
Madhya Pradesh,KHANDWA,Moong(Green Gram),21
Madhya Pradesh,KHANDWA,Niger seed,5
Madhya Pradesh,KHANDWA,Onion,20
Madhya Pradesh,KHANDWA,Other  Rabi pulses,9
Madhya Pradesh,KHANDWA,Other Kharif pulses,8
Madhya Pradesh,KHANDWA,Peas & beans (Pulses),12
Madhya Pradesh,KHANDWA,Potato,19
Madhya Pradesh,KHANDWA,Ragi,2
Madhya Pradesh,KHANDWA,Rapeseed &Mustard,17
Madhya Pradesh,KHANDWA,Rice,23
Madhya Pradesh,KHANDWA,Safflower,7
Madhya Pradesh,KHANDWA,Sannhamp,12
Madhya Pradesh,KHANDWA,Sesamum,21
Madhya Pradesh,KHANDWA,Small millets,22
Madhya Pradesh,KHANDWA,Soyabean,23
Madhya Pradesh,KHANDWA,Sugarcane,20
Madhya Pradesh,KHANDWA,Sunflower,15
Madhya Pradesh,KHANDWA,Sweet potato,19
Madhya Pradesh,KHANDWA,Turmeric,19
Madhya Pradesh,KHANDWA,Urad,30
Madhya Pradesh,KHANDWA,Wheat,23
Madhya Pradesh,KHARGONE,Arhar/Tur,23
Madhya Pradesh,KHARGONE,Bajra,22
Madhya Pradesh,KHARGONE,Banana,16
Madhya Pradesh,KHARGONE,Barley,4
Madhya Pradesh,KHARGONE,Castor seed,16
Madhya Pradesh,KHARGONE,Coriander,19
Madhya Pradesh,KHARGONE,Cotton(lint),23
Madhya Pradesh,KHARGONE,Dry chillies,15
Madhya Pradesh,KHARGONE,Garlic,19
Madhya Pradesh,KHARGONE,Ginger,17
Madhya Pradesh,KHARGONE,Gram,22
Madhya Pradesh,KHARGONE,Groundnut,25
Madhya Pradesh,KHARGONE,Horse-gram,12
Madhya Pradesh,KHARGONE,Jowar,34
Madhya Pradesh,KHARGONE,Jute,2
Madhya Pradesh,KHARGONE,Linseed,19
Madhya Pradesh,KHARGONE,Maize,25
Madhya Pradesh,KHARGONE,Masoor,10
Madhya Pradesh,KHARGONE,Mesta,7
Madhya Pradesh,KHARGONE,Moong(Green Gram),20
Madhya Pradesh,KHARGONE,Niger seed,4
Madhya Pradesh,KHARGONE,Onion,20
Madhya Pradesh,KHARGONE,Other  Rabi pulses,7
Madhya Pradesh,KHARGONE,Other Kharif pulses,5
Madhya Pradesh,KHARGONE,Peas & beans (Pulses),11
Madhya Pradesh,KHARGONE,Potato,19
Madhya Pradesh,KHARGONE,Rapeseed &Mustard,19
Madhya Pradesh,KHARGONE,Rice,21
Madhya Pradesh,KHARGONE,Safflower,2
Madhya Pradesh,KHARGONE,Sannhamp,12
Madhya Pradesh,KHARGONE,Sesamum,21
Madhya Pradesh,KHARGONE,Small millets,14
Madhya Pradesh,KHARGONE,Soyabean,23
Madhya Pradesh,KHARGONE,Sugarcane,21
Madhya Pradesh,KHARGONE,Sunflower,7
Madhya Pradesh,KHARGONE,Sweet potato,14
Madhya Pradesh,KHARGONE,Tobacco,3
Madhya Pradesh,KHARGONE,Turmeric,19
Madhya Pradesh,KHARGONE,Urad,18
Madhya Pradesh,KHARGONE,Wheat,23
Madhya Pradesh,KORBA,Arhar/Tur,2
Madhya Pradesh,KORBA,Barley,1
Madhya Pradesh,KORBA,Garlic,1
Madhya Pradesh,KORBA,Gram,2
Madhya Pradesh,KORBA,Groundnut,1
Madhya Pradesh,KORBA,Jowar,1
Madhya Pradesh,KORBA,Linseed,2
Madhya Pradesh,KORBA,Maize,2
Madhya Pradesh,KORBA,Niger seed,1
Madhya Pradesh,KORBA,Onion,1
Madhya Pradesh,KORBA,Other  Rabi pulses,1
Madhya Pradesh,KORBA,Other Kharif pulses,1
Madhya Pradesh,KORBA,Potato,1
Madhya Pradesh,KORBA,Rapeseed &Mustard,2
Madhya Pradesh,KORBA,Rice,2
Madhya Pradesh,KORBA,Sesamum,2
Madhya Pradesh,KORBA,Small millets,1
Madhya Pradesh,KORBA,Soyabean,1
Madhya Pradesh,KORBA,Sugarcane,2
Madhya Pradesh,KORBA,Sweet potato,1
Madhya Pradesh,KORBA,Wheat,1
Madhya Pradesh,KOREA,Arhar/Tur,2
Madhya Pradesh,KOREA,Barley,1
Madhya Pradesh,KOREA,Garlic,1
Madhya Pradesh,KOREA,Ginger,1
Madhya Pradesh,KOREA,Gram,2
Madhya Pradesh,KOREA,Groundnut,1
Madhya Pradesh,KOREA,Jowar,1
Madhya Pradesh,KOREA,Linseed,2
Madhya Pradesh,KOREA,Maize,2
Madhya Pradesh,KOREA,Niger seed,1
Madhya Pradesh,KOREA,Onion,1
Madhya Pradesh,KOREA,Other  Rabi pulses,1
Madhya Pradesh,KOREA,Other Kharif pulses,1
Madhya Pradesh,KOREA,Potato,1
Madhya Pradesh,KOREA,Rapeseed &Mustard,2
Madhya Pradesh,KOREA,Rice,2
Madhya Pradesh,KOREA,Sesamum,2
Madhya Pradesh,KOREA,Small millets,1
Madhya Pradesh,KOREA,Soyabean,1
Madhya Pradesh,KOREA,Sugarcane,1
Madhya Pradesh,KOREA,Sweet potato,1
Madhya Pradesh,KOREA,Wheat,1
Madhya Pradesh,MAHASAMUND,Arhar/Tur,2
Madhya Pradesh,MAHASAMUND,Garlic,1
Madhya Pradesh,MAHASAMUND,Gram,2
Madhya Pradesh,MAHASAMUND,Groundnut,1
Madhya Pradesh,MAHASAMUND,Linseed,2
Madhya Pradesh,MAHASAMUND,Maize,2
Madhya Pradesh,MAHASAMUND,Niger seed,1
Madhya Pradesh,MAHASAMUND,Onion,1
Madhya Pradesh,MAHASAMUND,Other  Rabi pulses,1
Madhya Pradesh,MAHASAMUND,Other Kharif pulses,1
Madhya Pradesh,MAHASAMUND,Potato,1
Madhya Pradesh,MAHASAMUND,Ragi,1
Madhya Pradesh,MAHASAMUND,Rapeseed &Mustard,2
Madhya Pradesh,MAHASAMUND,Rice,2
Madhya Pradesh,MAHASAMUND,Safflower,1
Madhya Pradesh,MAHASAMUND,Sesamum,2
Madhya Pradesh,MAHASAMUND,Small millets,1
Madhya Pradesh,MAHASAMUND,Sugarcane,2
Madhya Pradesh,MAHASAMUND,Sunflower,1
Madhya Pradesh,MAHASAMUND,Sweet potato,1
Madhya Pradesh,MAHASAMUND,Wheat,1
Madhya Pradesh,MANDLA,Arhar/Tur,22
Madhya Pradesh,MANDLA,Bajra,1
Madhya Pradesh,MANDLA,Banana,5
Madhya Pradesh,MANDLA,Barley,19
Madhya Pradesh,MANDLA,Coriander,19
Madhya Pradesh,MANDLA,Cowpea(Lobia),4
Madhya Pradesh,MANDLA,Dry chillies,15
Madhya Pradesh,MANDLA,Garlic,19
Madhya Pradesh,MANDLA,Ginger,17
Madhya Pradesh,MANDLA,Gram,22
Madhya Pradesh,MANDLA,Groundnut,17
Madhya Pradesh,MANDLA,Horse-gram,5
Madhya Pradesh,MANDLA,Jowar,23
Madhya Pradesh,MANDLA,Jute,3
Madhya Pradesh,MANDLA,Khesari,8
Madhya Pradesh,MANDLA,Linseed,23
Madhya Pradesh,MANDLA,Maize,23
Madhya Pradesh,MANDLA,Masoor,16
Madhya Pradesh,MANDLA,Mesta,2
Madhya Pradesh,MANDLA,Moong(Green Gram),17
Madhya Pradesh,MANDLA,Niger seed,21
Madhya Pradesh,MANDLA,Onion,20
Madhya Pradesh,MANDLA,Other  Rabi pulses,13
Madhya Pradesh,MANDLA,Other Cereals,3
Madhya Pradesh,MANDLA,Other Kharif pulses,9
Madhya Pradesh,MANDLA,Peas & beans (Pulses),14
Madhya Pradesh,MANDLA,Potato,19
Madhya Pradesh,MANDLA,Ragi,3
Madhya Pradesh,MANDLA,Rapeseed &Mustard,23
Madhya Pradesh,MANDLA,Rice,22
Madhya Pradesh,MANDLA,Safflower,1
Madhya Pradesh,MANDLA,Sannhamp,12
Madhya Pradesh,MANDLA,Sesamum,23
Madhya Pradesh,MANDLA,Small millets,23
Madhya Pradesh,MANDLA,Soyabean,23
Madhya Pradesh,MANDLA,Sugarcane,21
Madhya Pradesh,MANDLA,Sunflower,1
Madhya Pradesh,MANDLA,Sweet potato,19
Madhya Pradesh,MANDLA,Turmeric,18
Madhya Pradesh,MANDLA,Urad,32
Madhya Pradesh,MANDLA,Wheat,23
Madhya Pradesh,MANDSAUR,Arhar/Tur,22
Madhya Pradesh,MANDSAUR,Bajra,20
Madhya Pradesh,MANDSAUR,Banana,1
Madhya Pradesh,MANDSAUR,Barley,18
Madhya Pradesh,MANDSAUR,Castor seed,4
Madhya Pradesh,MANDSAUR,Coriander,19
Madhya Pradesh,MANDSAUR,Cotton(lint),19
Madhya Pradesh,MANDSAUR,Dry chillies,15
Madhya Pradesh,MANDSAUR,Garlic,19
Madhya Pradesh,MANDSAUR,Ginger,7
Madhya Pradesh,MANDSAUR,Gram,22
Madhya Pradesh,MANDSAUR,Groundnut,23
Madhya Pradesh,MANDSAUR,Jowar,20
Madhya Pradesh,MANDSAUR,Jute,1
Madhya Pradesh,MANDSAUR,Linseed,23
Madhya Pradesh,MANDSAUR,Maize,24
Madhya Pradesh,MANDSAUR,Masoor,16
Madhya Pradesh,MANDSAUR,Mesta,1
Madhya Pradesh,MANDSAUR,Moong(Green Gram),15
Madhya Pradesh,MANDSAUR,Niger seed,2
Madhya Pradesh,MANDSAUR,Onion,20
Madhya Pradesh,MANDSAUR,Other  Rabi pulses,6
Madhya Pradesh,MANDSAUR,Other Kharif pulses,5
Madhya Pradesh,MANDSAUR,Peas & beans (Pulses),13
Madhya Pradesh,MANDSAUR,Potato,19
Madhya Pradesh,MANDSAUR,Rapeseed &Mustard,23
Madhya Pradesh,MANDSAUR,Rice,11
Madhya Pradesh,MANDSAUR,Safflower,9
Madhya Pradesh,MANDSAUR,Sannhamp,6
Madhya Pradesh,MANDSAUR,Sesamum,20
Madhya Pradesh,MANDSAUR,Small millets,1
Madhya Pradesh,MANDSAUR,Soyabean,23
Madhya Pradesh,MANDSAUR,Sugarcane,17
Madhya Pradesh,MANDSAUR,Sunflower,11
Madhya Pradesh,MANDSAUR,Sweet potato,19
Madhya Pradesh,MANDSAUR,Tobacco,5
Madhya Pradesh,MANDSAUR,Turmeric,5
Madhya Pradesh,MANDSAUR,Urad,20
Madhya Pradesh,MANDSAUR,Wheat,23
Madhya Pradesh,MORENA,Arhar/Tur,23
Madhya Pradesh,MORENA,Bajra,23
Madhya Pradesh,MORENA,Barley,22
Madhya Pradesh,MORENA,Castor seed,5
Madhya Pradesh,MORENA,Coriander,6
Madhya Pradesh,MORENA,Cotton(lint),2
Madhya Pradesh,MORENA,Dry chillies,15
Madhya Pradesh,MORENA,Garlic,19
Madhya Pradesh,MORENA,Ginger,2
Madhya Pradesh,MORENA,Gram,22
Madhya Pradesh,MORENA,Groundnut,20
Madhya Pradesh,MORENA,Jowar,22
Madhya Pradesh,MORENA,Jute,1
Madhya Pradesh,MORENA,Linseed,17
Madhya Pradesh,MORENA,Maize,19
Madhya Pradesh,MORENA,Masoor,14
Madhya Pradesh,MORENA,Mesta,1
Madhya Pradesh,MORENA,Moong(Green Gram),14
Madhya Pradesh,MORENA,Niger seed,2
Madhya Pradesh,MORENA,Onion,20
Madhya Pradesh,MORENA,Other  Rabi pulses,5
Madhya Pradesh,MORENA,Other Kharif pulses,5
Madhya Pradesh,MORENA,Peas & beans (Pulses),14
Madhya Pradesh,MORENA,Potato,19
Madhya Pradesh,MORENA,Rapeseed &Mustard,23
Madhya Pradesh,MORENA,Rice,21
Madhya Pradesh,MORENA,Safflower,1
Madhya Pradesh,MORENA,Sannhamp,6
Madhya Pradesh,MORENA,Sesamum,23
Madhya Pradesh,MORENA,Small millets,1
Madhya Pradesh,MORENA,Soyabean,22
Madhya Pradesh,MORENA,Sugarcane,20
Madhya Pradesh,MORENA,Sweet potato,18
Madhya Pradesh,MORENA,Urad,19
Madhya Pradesh,MORENA,Wheat,23
Madhya Pradesh,NARSINGHPUR,Arhar/Tur,23
Madhya Pradesh,NARSINGHPUR,Bajra,17
Madhya Pradesh,NARSINGHPUR,Banana,5
Madhya Pradesh,NARSINGHPUR,Barley,1
Madhya Pradesh,NARSINGHPUR,Castor seed,2
Madhya Pradesh,NARSINGHPUR,Coriander,19
Madhya Pradesh,NARSINGHPUR,Cotton(lint),2
Madhya Pradesh,NARSINGHPUR,Cowpea(Lobia),4
Madhya Pradesh,NARSINGHPUR,Dry chillies,15
Madhya Pradesh,NARSINGHPUR,Garlic,19
Madhya Pradesh,NARSINGHPUR,Ginger,17
Madhya Pradesh,NARSINGHPUR,Gram,22
Madhya Pradesh,NARSINGHPUR,Groundnut,18
Madhya Pradesh,NARSINGHPUR,Horse-gram,1
Madhya Pradesh,NARSINGHPUR,Jowar,25
Madhya Pradesh,NARSINGHPUR,Jute,2
Madhya Pradesh,NARSINGHPUR,Khesari,8
Madhya Pradesh,NARSINGHPUR,Linseed,18
Madhya Pradesh,NARSINGHPUR,Maize,24
Madhya Pradesh,NARSINGHPUR,Masoor,16
Madhya Pradesh,NARSINGHPUR,Mesta,2
Madhya Pradesh,NARSINGHPUR,Moong(Green Gram),22
Madhya Pradesh,NARSINGHPUR,Niger seed,16
Madhya Pradesh,NARSINGHPUR,Onion,20
Madhya Pradesh,NARSINGHPUR,Other  Rabi pulses,11
Madhya Pradesh,NARSINGHPUR,Other Cereals,2
Madhya Pradesh,NARSINGHPUR,Other Kharif pulses,7
Madhya Pradesh,NARSINGHPUR,Peas & beans (Pulses),15
Madhya Pradesh,NARSINGHPUR,Potato,19
Madhya Pradesh,NARSINGHPUR,Ragi,1
Madhya Pradesh,NARSINGHPUR,Rapeseed &Mustard,22
Madhya Pradesh,NARSINGHPUR,Rice,23
Madhya Pradesh,NARSINGHPUR,Sannhamp,12
Madhya Pradesh,NARSINGHPUR,Sesamum,22
Madhya Pradesh,NARSINGHPUR,Small millets,18
Madhya Pradesh,NARSINGHPUR,Soyabean,23
Madhya Pradesh,NARSINGHPUR,Sugarcane,22
Madhya Pradesh,NARSINGHPUR,Sunflower,18
Madhya Pradesh,NARSINGHPUR,Sweet potato,19
Madhya Pradesh,NARSINGHPUR,Turmeric,18
Madhya Pradesh,NARSINGHPUR,Urad,32
Madhya Pradesh,NARSINGHPUR,Wheat,23
Madhya Pradesh,NEEMUCH,Arhar/Tur,19
Madhya Pradesh,NEEMUCH,Bajra,17
Madhya Pradesh,NEEMUCH,Barley,18
Madhya Pradesh,NEEMUCH,Castor seed,1
Madhya Pradesh,NEEMUCH,Coriander,19
Madhya Pradesh,NEEMUCH,Cotton(lint),12
Madhya Pradesh,NEEMUCH,Dry chillies,15
Madhya Pradesh,NEEMUCH,Garlic,19
Madhya Pradesh,NEEMUCH,Ginger,6
Madhya Pradesh,NEEMUCH,Gram,22
Madhya Pradesh,NEEMUCH,Groundnut,24
Madhya Pradesh,NEEMUCH,Jowar,20
Madhya Pradesh,NEEMUCH,Jute,1
Madhya Pradesh,NEEMUCH,Linseed,19
Madhya Pradesh,NEEMUCH,Maize,24
Madhya Pradesh,NEEMUCH,Masoor,15
Madhya Pradesh,NEEMUCH,Mesta,1
Madhya Pradesh,NEEMUCH,Moong(Green Gram),12
Madhya Pradesh,NEEMUCH,Onion,20
Madhya Pradesh,NEEMUCH,Other  Rabi pulses,5
Madhya Pradesh,NEEMUCH,Other Cereals,1
Madhya Pradesh,NEEMUCH,Other Kharif pulses,5
Madhya Pradesh,NEEMUCH,Peas & beans (Pulses),11
Madhya Pradesh,NEEMUCH,Potato,16
Madhya Pradesh,NEEMUCH,Rapeseed &Mustard,22
Madhya Pradesh,NEEMUCH,Rice,19
Madhya Pradesh,NEEMUCH,Safflower,4
Madhya Pradesh,NEEMUCH,Sannhamp,12
Madhya Pradesh,NEEMUCH,Sesamum,21
Madhya Pradesh,NEEMUCH,Small millets,1
Madhya Pradesh,NEEMUCH,Soyabean,22
Madhya Pradesh,NEEMUCH,Sugarcane,11
Madhya Pradesh,NEEMUCH,Sunflower,4
Madhya Pradesh,NEEMUCH,Sweet potato,14
Madhya Pradesh,NEEMUCH,Turmeric,14
Madhya Pradesh,NEEMUCH,Urad,19
Madhya Pradesh,NEEMUCH,Wheat,22
Madhya Pradesh,NIWARI,Barley,1
Madhya Pradesh,NIWARI,Gram,1
Madhya Pradesh,NIWARI,Linseed,1
Madhya Pradesh,NIWARI,Masoor,1
Madhya Pradesh,NIWARI,Peas & beans (Pulses),1
Madhya Pradesh,NIWARI,Rapeseed &Mustard,1
Madhya Pradesh,NIWARI,Wheat,1
Madhya Pradesh,PANNA,Arhar/Tur,23
Madhya Pradesh,PANNA,Bajra,20
Madhya Pradesh,PANNA,Banana,9
Madhya Pradesh,PANNA,Barley,22
Madhya Pradesh,PANNA,Castor seed,2
Madhya Pradesh,PANNA,Coriander,19
Madhya Pradesh,PANNA,Cowpea(Lobia),3
Madhya Pradesh,PANNA,Dry chillies,15
Madhya Pradesh,PANNA,Garlic,19
Madhya Pradesh,PANNA,Ginger,17
Madhya Pradesh,PANNA,Gram,22
Madhya Pradesh,PANNA,Groundnut,19
Madhya Pradesh,PANNA,Jowar,24
Madhya Pradesh,PANNA,Jute,2
Madhya Pradesh,PANNA,Khesari,1
Madhya Pradesh,PANNA,Linseed,22
Madhya Pradesh,PANNA,Maize,23
Madhya Pradesh,PANNA,Masoor,16
Madhya Pradesh,PANNA,Mesta,8
Madhya Pradesh,PANNA,Moong(Green Gram),16
Madhya Pradesh,PANNA,Niger seed,13
Madhya Pradesh,PANNA,Onion,20
Madhya Pradesh,PANNA,Other  Rabi pulses,9
Madhya Pradesh,PANNA,Other Cereals,1
Madhya Pradesh,PANNA,Other Kharif pulses,9
Madhya Pradesh,PANNA,Peas & beans (Pulses),15
Madhya Pradesh,PANNA,Potato,19
Madhya Pradesh,PANNA,Ragi,2
Madhya Pradesh,PANNA,Rapeseed &Mustard,23
Madhya Pradesh,PANNA,Rice,22
Madhya Pradesh,PANNA,Safflower,3
Madhya Pradesh,PANNA,Sannhamp,12
Madhya Pradesh,PANNA,Sesamum,23
Madhya Pradesh,PANNA,Small millets,19
Madhya Pradesh,PANNA,Soyabean,23
Madhya Pradesh,PANNA,Sugarcane,19
Madhya Pradesh,PANNA,Sweet potato,14
Madhya Pradesh,PANNA,Tobacco,2
Madhya Pradesh,PANNA,Turmeric,10
Madhya Pradesh,PANNA,Urad,22
Madhya Pradesh,PANNA,Wheat,23
Madhya Pradesh,RAIPUR,Arhar/Tur,3
Madhya Pradesh,RAIPUR,Castor seed,1
Madhya Pradesh,RAIPUR,Garlic,1
Madhya Pradesh,RAIPUR,Ginger,1
Madhya Pradesh,RAIPUR,Gram,2
Madhya Pradesh,RAIPUR,Groundnut,2
Madhya Pradesh,RAIPUR,Jowar,2
Madhya Pradesh,RAIPUR,Linseed,3
Madhya Pradesh,RAIPUR,Maize,3
Madhya Pradesh,RAIPUR,Niger seed,1
Madhya Pradesh,RAIPUR,Onion,1
Madhya Pradesh,RAIPUR,Other  Rabi pulses,1
Madhya Pradesh,RAIPUR,Other Kharif pulses,1
Madhya Pradesh,RAIPUR,Potato,1
Madhya Pradesh,RAIPUR,Ragi,1
Madhya Pradesh,RAIPUR,Rapeseed &Mustard,3
Madhya Pradesh,RAIPUR,Rice,2
Madhya Pradesh,RAIPUR,Safflower,1
Madhya Pradesh,RAIPUR,Sesamum,3
Madhya Pradesh,RAIPUR,Small millets,2
Madhya Pradesh,RAIPUR,Soyabean,3
Madhya Pradesh,RAIPUR,Sugarcane,2
Madhya Pradesh,RAIPUR,Sunflower,3
Madhya Pradesh,RAIPUR,Sweet potato,1
Madhya Pradesh,RAIPUR,Wheat,2
Madhya Pradesh,RAISEN,Arhar/Tur,23
Madhya Pradesh,RAISEN,Bajra,12
Madhya Pradesh,RAISEN,Banana,2
Madhya Pradesh,RAISEN,Barley,19
Madhya Pradesh,RAISEN,Coriander,19
Madhya Pradesh,RAISEN,Cotton(lint),9
Madhya Pradesh,RAISEN,Cowpea(Lobia),2
Madhya Pradesh,RAISEN,Dry chillies,15
Madhya Pradesh,RAISEN,Garlic,19
Madhya Pradesh,RAISEN,Ginger,17
Madhya Pradesh,RAISEN,Gram,22
Madhya Pradesh,RAISEN,Groundnut,18
Madhya Pradesh,RAISEN,Horse-gram,4
Madhya Pradesh,RAISEN,Jowar,22
Madhya Pradesh,RAISEN,Jute,1
Madhya Pradesh,RAISEN,Khesari,8
Madhya Pradesh,RAISEN,Linseed,21
Madhya Pradesh,RAISEN,Maize,25
Madhya Pradesh,RAISEN,Masoor,16
Madhya Pradesh,RAISEN,Mesta,1
Madhya Pradesh,RAISEN,Moong(Green Gram),20
Madhya Pradesh,RAISEN,Niger seed,15
Madhya Pradesh,RAISEN,Onion,20
Madhya Pradesh,RAISEN,Other  Rabi pulses,10
Madhya Pradesh,RAISEN,Other Cereals,1
Madhya Pradesh,RAISEN,Other Kharif pulses,6
Madhya Pradesh,RAISEN,Peas & beans (Pulses),15
Madhya Pradesh,RAISEN,Potato,19
Madhya Pradesh,RAISEN,Rapeseed &Mustard,22
Madhya Pradesh,RAISEN,Rice,22
Madhya Pradesh,RAISEN,Safflower,4
Madhya Pradesh,RAISEN,Sannhamp,11
Madhya Pradesh,RAISEN,Sesamum,20
Madhya Pradesh,RAISEN,Small millets,21
Madhya Pradesh,RAISEN,Soyabean,23
Madhya Pradesh,RAISEN,Sugarcane,20
Madhya Pradesh,RAISEN,Sunflower,1
Madhya Pradesh,RAISEN,Sweet potato,14
Madhya Pradesh,RAISEN,Turmeric,12
Madhya Pradesh,RAISEN,Urad,28
Madhya Pradesh,RAISEN,Wheat,23
Madhya Pradesh,RAJGARH,Arhar/Tur,22
Madhya Pradesh,RAJGARH,Bajra,5
Madhya Pradesh,RAJGARH,Banana,1
Madhya Pradesh,RAJGARH,Barley,21
Madhya Pradesh,RAJGARH,Castor seed,2
Madhya Pradesh,RAJGARH,Coriander,19
Madhya Pradesh,RAJGARH,Cotton(lint),5
Madhya Pradesh,RAJGARH,Dry chillies,15
Madhya Pradesh,RAJGARH,Garlic,19
Madhya Pradesh,RAJGARH,Ginger,13
Madhya Pradesh,RAJGARH,Gram,22
Madhya Pradesh,RAJGARH,Groundnut,21
Madhya Pradesh,RAJGARH,Jowar,23
Madhya Pradesh,RAJGARH,Jute,1
Madhya Pradesh,RAJGARH,Linseed,17
Madhya Pradesh,RAJGARH,Maize,24
Madhya Pradesh,RAJGARH,Masoor,16
Madhya Pradesh,RAJGARH,Mesta,1
Madhya Pradesh,RAJGARH,Moong(Green Gram),14
Madhya Pradesh,RAJGARH,Niger seed,4
Madhya Pradesh,RAJGARH,Onion,20
Madhya Pradesh,RAJGARH,Other  Rabi pulses,5
Madhya Pradesh,RAJGARH,Other Cereals,1
Madhya Pradesh,RAJGARH,Other Kharif pulses,6
Madhya Pradesh,RAJGARH,Peas & beans (Pulses),15
Madhya Pradesh,RAJGARH,Potato,19
Madhya Pradesh,RAJGARH,Ragi,1
Madhya Pradesh,RAJGARH,Rapeseed &Mustard,23
Madhya Pradesh,RAJGARH,Rice,22
Madhya Pradesh,RAJGARH,Safflower,2
Madhya Pradesh,RAJGARH,Sannhamp,12
Madhya Pradesh,RAJGARH,Sesamum,22
Madhya Pradesh,RAJGARH,Small millets,4
Madhya Pradesh,RAJGARH,Soyabean,23
Madhya Pradesh,RAJGARH,Sugarcane,18
Madhya Pradesh,RAJGARH,Sunflower,9
Madhya Pradesh,RAJGARH,Sweet potato,19
Madhya Pradesh,RAJGARH,Turmeric,2
Madhya Pradesh,RAJGARH,Urad,21
Madhya Pradesh,RAJGARH,Wheat,23
Madhya Pradesh,RAJNANDGAON,Arhar/Tur,3
Madhya Pradesh,RAJNANDGAON,Castor seed,1
Madhya Pradesh,RAJNANDGAON,Cotton(lint),1
Madhya Pradesh,RAJNANDGAON,Garlic,1
Madhya Pradesh,RAJNANDGAON,Ginger,1
Madhya Pradesh,RAJNANDGAON,Gram,2
Madhya Pradesh,RAJNANDGAON,Groundnut,1
Madhya Pradesh,RAJNANDGAON,Jowar,1
Madhya Pradesh,RAJNANDGAON,Linseed,3
Madhya Pradesh,RAJNANDGAON,Maize,3
Madhya Pradesh,RAJNANDGAON,Niger seed,1
Madhya Pradesh,RAJNANDGAON,Onion,1
Madhya Pradesh,RAJNANDGAON,Other  Rabi pulses,1
Madhya Pradesh,RAJNANDGAON,Other Kharif pulses,1
Madhya Pradesh,RAJNANDGAON,Potato,1
Madhya Pradesh,RAJNANDGAON,Ragi,1
Madhya Pradesh,RAJNANDGAON,Rapeseed &Mustard,3
Madhya Pradesh,RAJNANDGAON,Rice,2
Madhya Pradesh,RAJNANDGAON,Safflower,1
Madhya Pradesh,RAJNANDGAON,Sesamum,3
Madhya Pradesh,RAJNANDGAON,Small millets,2
Madhya Pradesh,RAJNANDGAON,Soyabean,3
Madhya Pradesh,RAJNANDGAON,Sugarcane,2
Madhya Pradesh,RAJNANDGAON,Sunflower,3
Madhya Pradesh,RAJNANDGAON,Sweet potato,1
Madhya Pradesh,RAJNANDGAON,Wheat,2
Madhya Pradesh,RATLAM,Arhar/Tur,22
Madhya Pradesh,RATLAM,Bajra,16
Madhya Pradesh,RATLAM,Banana,6
Madhya Pradesh,RATLAM,Barley,20
Madhya Pradesh,RATLAM,Castor seed,9
Madhya Pradesh,RATLAM,Coriander,19
Madhya Pradesh,RATLAM,Cotton(lint),23
Madhya Pradesh,RATLAM,Dry chillies,15
Madhya Pradesh,RATLAM,Garlic,19
Madhya Pradesh,RATLAM,Ginger,17
Madhya Pradesh,RATLAM,Gram,22
Madhya Pradesh,RATLAM,Groundnut,21
Madhya Pradesh,RATLAM,Jowar,25
Madhya Pradesh,RATLAM,Jute,1
Madhya Pradesh,RATLAM,Linseed,23
Madhya Pradesh,RATLAM,Maize,24
Madhya Pradesh,RATLAM,Masoor,15
Madhya Pradesh,RATLAM,Moong(Green Gram),17
Madhya Pradesh,RATLAM,Niger seed,6
Madhya Pradesh,RATLAM,Onion,20
Madhya Pradesh,RATLAM,Other  Rabi pulses,5
Madhya Pradesh,RATLAM,Other Cereals,1
Madhya Pradesh,RATLAM,Other Kharif pulses,6
Madhya Pradesh,RATLAM,Peas & beans (Pulses),15
Madhya Pradesh,RATLAM,Potato,19
Madhya Pradesh,RATLAM,Rapeseed &Mustard,23
Madhya Pradesh,RATLAM,Rice,20
Madhya Pradesh,RATLAM,Safflower,9
Madhya Pradesh,RATLAM,Sannhamp,10
Madhya Pradesh,RATLAM,Sesamum,18
Madhya Pradesh,RATLAM,Small millets,15
Madhya Pradesh,RATLAM,Soyabean,23
Madhya Pradesh,RATLAM,Sugarcane,17
Madhya Pradesh,RATLAM,Sunflower,5
Madhya Pradesh,RATLAM,Sweet potato,19
Madhya Pradesh,RATLAM,Turmeric,18
Madhya Pradesh,RATLAM,Urad,20
Madhya Pradesh,RATLAM,Wheat,23
Madhya Pradesh,REWA,Arhar/Tur,23
Madhya Pradesh,REWA,Bajra,22
Madhya Pradesh,REWA,Banana,13
Madhya Pradesh,REWA,Barley,22
Madhya Pradesh,REWA,Castor seed,9
Madhya Pradesh,REWA,Coriander,19
Madhya Pradesh,REWA,Cotton(lint),1
Madhya Pradesh,REWA,Cowpea(Lobia),3
Madhya Pradesh,REWA,Dry chillies,15
Madhya Pradesh,REWA,Garlic,19
Madhya Pradesh,REWA,Ginger,17
Madhya Pradesh,REWA,Gram,22
Madhya Pradesh,REWA,Groundnut,9
Madhya Pradesh,REWA,Horse-gram,1
Madhya Pradesh,REWA,Jowar,23
Madhya Pradesh,REWA,Jute,6
Madhya Pradesh,REWA,Khesari,8
Madhya Pradesh,REWA,Linseed,23
Madhya Pradesh,REWA,Maize,23
Madhya Pradesh,REWA,Masoor,16
Madhya Pradesh,REWA,Mesta,9
Madhya Pradesh,REWA,Moong(Green Gram),19
Madhya Pradesh,REWA,Niger seed,13
Madhya Pradesh,REWA,Onion,20
Madhya Pradesh,REWA,Other  Rabi pulses,12
Madhya Pradesh,REWA,Other Cereals,1
Madhya Pradesh,REWA,Other Kharif pulses,8
Madhya Pradesh,REWA,Peas & beans (Pulses),13
Madhya Pradesh,REWA,Potato,19
Madhya Pradesh,REWA,Rapeseed &Mustard,23
Madhya Pradesh,REWA,Rice,22
Madhya Pradesh,REWA,Safflower,2
Madhya Pradesh,REWA,Sannhamp,12
Madhya Pradesh,REWA,Sesamum,23
Madhya Pradesh,REWA,Small millets,21
Madhya Pradesh,REWA,Soyabean,23
Madhya Pradesh,REWA,Sugarcane,18
Madhya Pradesh,REWA,Sunflower,3
Madhya Pradesh,REWA,Sweet potato,14
Madhya Pradesh,REWA,Tobacco,10
Madhya Pradesh,REWA,Turmeric,18
Madhya Pradesh,REWA,Urad,20
Madhya Pradesh,REWA,Wheat,23
Madhya Pradesh,SAGAR,Arhar/Tur,23
Madhya Pradesh,SAGAR,Bajra,17
Madhya Pradesh,SAGAR,Banana,8
Madhya Pradesh,SAGAR,Barley,22
Madhya Pradesh,SAGAR,Castor seed,6
Madhya Pradesh,SAGAR,Coriander,19
Madhya Pradesh,SAGAR,Cotton(lint),1
Madhya Pradesh,SAGAR,Cowpea(Lobia),3
Madhya Pradesh,SAGAR,Dry chillies,11
Madhya Pradesh,SAGAR,Garlic,19
Madhya Pradesh,SAGAR,Ginger,17
Madhya Pradesh,SAGAR,Gram,22
Madhya Pradesh,SAGAR,Groundnut,23
Madhya Pradesh,SAGAR,Horse-gram,3
Madhya Pradesh,SAGAR,Jowar,24
Madhya Pradesh,SAGAR,Jute,2
Madhya Pradesh,SAGAR,Khesari,8
Madhya Pradesh,SAGAR,Linseed,23
Madhya Pradesh,SAGAR,Maize,24
Madhya Pradesh,SAGAR,Masoor,16
Madhya Pradesh,SAGAR,Mesta,2
Madhya Pradesh,SAGAR,Moong(Green Gram),20
Madhya Pradesh,SAGAR,Niger seed,17
Madhya Pradesh,SAGAR,Onion,20
Madhya Pradesh,SAGAR,Other  Rabi pulses,12
Madhya Pradesh,SAGAR,Other Cereals,1
Madhya Pradesh,SAGAR,Other Kharif pulses,10
Madhya Pradesh,SAGAR,Peas & beans (Pulses),15
Madhya Pradesh,SAGAR,Potato,19
Madhya Pradesh,SAGAR,Ragi,3
Madhya Pradesh,SAGAR,Rapeseed &Mustard,22
Madhya Pradesh,SAGAR,Rice,22
Madhya Pradesh,SAGAR,Safflower,10
Madhya Pradesh,SAGAR,Sannhamp,12
Madhya Pradesh,SAGAR,Sesamum,23
Madhya Pradesh,SAGAR,Small millets,20
Madhya Pradesh,SAGAR,Soyabean,23
Madhya Pradesh,SAGAR,Sugarcane,21
Madhya Pradesh,SAGAR,Sunflower,9
Madhya Pradesh,SAGAR,Sweet potato,18
Madhya Pradesh,SAGAR,Tobacco,1
Madhya Pradesh,SAGAR,Turmeric,18
Madhya Pradesh,SAGAR,Urad,27
Madhya Pradesh,SAGAR,Wheat,23
Madhya Pradesh,SATNA,Arhar/Tur,23
Madhya Pradesh,SATNA,Bajra,19
Madhya Pradesh,SATNA,Banana,2
Madhya Pradesh,SATNA,Barley,22
Madhya Pradesh,SATNA,Castor seed,8
Madhya Pradesh,SATNA,Coriander,19
Madhya Pradesh,SATNA,Cotton(lint),3
Madhya Pradesh,SATNA,Cowpea(Lobia),4
Madhya Pradesh,SATNA,Dry chillies,15
Madhya Pradesh,SATNA,Garlic,19
Madhya Pradesh,SATNA,Ginger,17
Madhya Pradesh,SATNA,Gram,22
Madhya Pradesh,SATNA,Groundnut,17
Madhya Pradesh,SATNA,Horse-gram,1
Madhya Pradesh,SATNA,Jowar,23
Madhya Pradesh,SATNA,Jute,2
Madhya Pradesh,SATNA,Linseed,23
Madhya Pradesh,SATNA,Maize,23
Madhya Pradesh,SATNA,Masoor,16
Madhya Pradesh,SATNA,Mesta,3
Madhya Pradesh,SATNA,Moong(Green Gram),20
Madhya Pradesh,SATNA,Niger seed,11
Madhya Pradesh,SATNA,Onion,20
Madhya Pradesh,SATNA,Other  Rabi pulses,10
Madhya Pradesh,SATNA,Other Cereals,1
Madhya Pradesh,SATNA,Other Kharif pulses,9
Madhya Pradesh,SATNA,Peas & beans (Pulses),15
Madhya Pradesh,SATNA,Potato,19
Madhya Pradesh,SATNA,Ragi,2
Madhya Pradesh,SATNA,Rapeseed &Mustard,23
Madhya Pradesh,SATNA,Rice,22
Madhya Pradesh,SATNA,Safflower,1
Madhya Pradesh,SATNA,Sannhamp,12
Madhya Pradesh,SATNA,Sesamum,23
Madhya Pradesh,SATNA,Small millets,20
Madhya Pradesh,SATNA,Soyabean,23
Madhya Pradesh,SATNA,Sugarcane,19
Madhya Pradesh,SATNA,Sweet potato,14
Madhya Pradesh,SATNA,Tobacco,10
Madhya Pradesh,SATNA,Turmeric,18
Madhya Pradesh,SATNA,Urad,21
Madhya Pradesh,SATNA,Wheat,23
Madhya Pradesh,SEHORE,Arhar/Tur,23
Madhya Pradesh,SEHORE,Bajra,4
Madhya Pradesh,SEHORE,Banana,1
Madhya Pradesh,SEHORE,Barley,20
Madhya Pradesh,SEHORE,Castor seed,4
Madhya Pradesh,SEHORE,Coriander,19
Madhya Pradesh,SEHORE,Cotton(lint),14
Madhya Pradesh,SEHORE,Dry chillies,15
Madhya Pradesh,SEHORE,Garlic,19
Madhya Pradesh,SEHORE,Ginger,16
Madhya Pradesh,SEHORE,Gram,22
Madhya Pradesh,SEHORE,Groundnut,21
Madhya Pradesh,SEHORE,Horse-gram,1
Madhya Pradesh,SEHORE,Jowar,37
Madhya Pradesh,SEHORE,Jute,2
Madhya Pradesh,SEHORE,Khesari,8
Madhya Pradesh,SEHORE,Linseed,20
Madhya Pradesh,SEHORE,Maize,23
Madhya Pradesh,SEHORE,Masoor,16
Madhya Pradesh,SEHORE,Mesta,1
Madhya Pradesh,SEHORE,Moong(Green Gram),20
Madhya Pradesh,SEHORE,Onion,20
Madhya Pradesh,SEHORE,Other  Rabi pulses,7
Madhya Pradesh,SEHORE,Other Kharif pulses,5
Madhya Pradesh,SEHORE,Peas & beans (Pulses),14
Madhya Pradesh,SEHORE,Potato,19
Madhya Pradesh,SEHORE,Rapeseed &Mustard,20
Madhya Pradesh,SEHORE,Rice,21
Madhya Pradesh,SEHORE,Safflower,1
Madhya Pradesh,SEHORE,Sannhamp,12
Madhya Pradesh,SEHORE,Sesamum,20
Madhya Pradesh,SEHORE,Small millets,3
Madhya Pradesh,SEHORE,Soyabean,23
Madhya Pradesh,SEHORE,Sugarcane,20
Madhya Pradesh,SEHORE,Sunflower,1
Madhya Pradesh,SEHORE,Sweet potato,19
Madhya Pradesh,SEHORE,Turmeric,7
Madhya Pradesh,SEHORE,Urad,19
Madhya Pradesh,SEHORE,Wheat,23
Madhya Pradesh,SEONI,Arhar/Tur,23
Madhya Pradesh,SEONI,Bajra,6
Madhya Pradesh,SEONI,Banana,7
Madhya Pradesh,SEONI,Barley,4
Madhya Pradesh,SEONI,Castor seed,8
Madhya Pradesh,SEONI,Coriander,19
Madhya Pradesh,SEONI,Cotton(lint),10
Madhya Pradesh,SEONI,Cowpea(Lobia),4
Madhya Pradesh,SEONI,Dry chillies,15
Madhya Pradesh,SEONI,Garlic,19
Madhya Pradesh,SEONI,Ginger,17
Madhya Pradesh,SEONI,Gram,22
Madhya Pradesh,SEONI,Groundnut,25
Madhya Pradesh,SEONI,Horse-gram,8
Madhya Pradesh,SEONI,Jowar,34
Madhya Pradesh,SEONI,Jute,3
Madhya Pradesh,SEONI,Khesari,8
Madhya Pradesh,SEONI,Linseed,23
Madhya Pradesh,SEONI,Maize,25
Madhya Pradesh,SEONI,Masoor,16
Madhya Pradesh,SEONI,Mesta,7
Madhya Pradesh,SEONI,Moong(Green Gram),20
Madhya Pradesh,SEONI,Niger seed,19
Madhya Pradesh,SEONI,Onion,20
Madhya Pradesh,SEONI,Other  Rabi pulses,13
Madhya Pradesh,SEONI,Other Cereals,2
Madhya Pradesh,SEONI,Other Kharif pulses,11
Madhya Pradesh,SEONI,Peas & beans (Pulses),15
Madhya Pradesh,SEONI,Potato,19
Madhya Pradesh,SEONI,Ragi,5
Madhya Pradesh,SEONI,Rapeseed &Mustard,22
Madhya Pradesh,SEONI,Rice,24
Madhya Pradesh,SEONI,Safflower,9
Madhya Pradesh,SEONI,Sannhamp,12
Madhya Pradesh,SEONI,Sesamum,21
Madhya Pradesh,SEONI,Small millets,22
Madhya Pradesh,SEONI,Soyabean,23
Madhya Pradesh,SEONI,Sugarcane,19
Madhya Pradesh,SEONI,Sunflower,10
Madhya Pradesh,SEONI,Sweet potato,19
Madhya Pradesh,SEONI,Turmeric,19
Madhya Pradesh,SEONI,Urad,32
Madhya Pradesh,SEONI,Wheat,23
Madhya Pradesh,SHAHDOL,Arhar/Tur,22
Madhya Pradesh,SHAHDOL,Bajra,4
Madhya Pradesh,SHAHDOL,Banana,12
Madhya Pradesh,SHAHDOL,Barley,21
Madhya Pradesh,SHAHDOL,Coriander,19
Madhya Pradesh,SHAHDOL,Cotton(lint),2
Madhya Pradesh,SHAHDOL,Cowpea(Lobia),3
Madhya Pradesh,SHAHDOL,Dry chillies,11
Madhya Pradesh,SHAHDOL,Garlic,19
Madhya Pradesh,SHAHDOL,Ginger,17
Madhya Pradesh,SHAHDOL,Gram,22
Madhya Pradesh,SHAHDOL,Groundnut,22
Madhya Pradesh,SHAHDOL,Horse-gram,11
Madhya Pradesh,SHAHDOL,Jowar,25
Madhya Pradesh,SHAHDOL,Jute,1
Madhya Pradesh,SHAHDOL,Khesari,8
Madhya Pradesh,SHAHDOL,Linseed,23
Madhya Pradesh,SHAHDOL,Maize,24
Madhya Pradesh,SHAHDOL,Masoor,16
Madhya Pradesh,SHAHDOL,Mesta,6
Madhya Pradesh,SHAHDOL,Moong(Green Gram),14
Madhya Pradesh,SHAHDOL,Niger seed,21
Madhya Pradesh,SHAHDOL,Onion,20
Madhya Pradesh,SHAHDOL,Other  Rabi pulses,9
Madhya Pradesh,SHAHDOL,Other Cereals,3
Madhya Pradesh,SHAHDOL,Other Kharif pulses,9
Madhya Pradesh,SHAHDOL,Peas & beans (Pulses),14
Madhya Pradesh,SHAHDOL,Potato,19
Madhya Pradesh,SHAHDOL,Rapeseed &Mustard,23
Madhya Pradesh,SHAHDOL,Rice,23
Madhya Pradesh,SHAHDOL,Safflower,5
Madhya Pradesh,SHAHDOL,Sannhamp,12
Madhya Pradesh,SHAHDOL,Sesamum,23
Madhya Pradesh,SHAHDOL,Small millets,21
Madhya Pradesh,SHAHDOL,Soyabean,23
Madhya Pradesh,SHAHDOL,Sugarcane,18
Madhya Pradesh,SHAHDOL,Sunflower,5
Madhya Pradesh,SHAHDOL,Sweet potato,19
Madhya Pradesh,SHAHDOL,Tobacco,10
Madhya Pradesh,SHAHDOL,Turmeric,18
Madhya Pradesh,SHAHDOL,Urad,20
Madhya Pradesh,SHAHDOL,Wheat,23
Madhya Pradesh,SHAJAPUR,Arhar/Tur,22
Madhya Pradesh,SHAJAPUR,Bajra,17
Madhya Pradesh,SHAJAPUR,Barley,19
Madhya Pradesh,SHAJAPUR,Castor seed,1
Madhya Pradesh,SHAJAPUR,Coriander,19
Madhya Pradesh,SHAJAPUR,Cotton(lint),9
Madhya Pradesh,SHAJAPUR,Cowpea(Lobia),3
Madhya Pradesh,SHAJAPUR,Dry chillies,15
Madhya Pradesh,SHAJAPUR,Garlic,19
Madhya Pradesh,SHAJAPUR,Ginger,15
Madhya Pradesh,SHAJAPUR,Gram,22
Madhya Pradesh,SHAJAPUR,Groundnut,22
Madhya Pradesh,SHAJAPUR,Jowar,22
Madhya Pradesh,SHAJAPUR,Jute,2
Madhya Pradesh,SHAJAPUR,Linseed,20
Madhya Pradesh,SHAJAPUR,Maize,24
Madhya Pradesh,SHAJAPUR,Masoor,16
Madhya Pradesh,SHAJAPUR,Moong(Green Gram),13
Madhya Pradesh,SHAJAPUR,Niger seed,1
Madhya Pradesh,SHAJAPUR,Onion,20
Madhya Pradesh,SHAJAPUR,Other  Rabi pulses,5
Madhya Pradesh,SHAJAPUR,Other Kharif pulses,7
Madhya Pradesh,SHAJAPUR,Peas & beans (Pulses),14
Madhya Pradesh,SHAJAPUR,Potato,19
Madhya Pradesh,SHAJAPUR,Rapeseed &Mustard,23
Madhya Pradesh,SHAJAPUR,Rice,19
Madhya Pradesh,SHAJAPUR,Safflower,4
Madhya Pradesh,SHAJAPUR,Sannhamp,11
Madhya Pradesh,SHAJAPUR,Sesamum,20
Madhya Pradesh,SHAJAPUR,Small millets,4
Madhya Pradesh,SHAJAPUR,Soyabean,23
Madhya Pradesh,SHAJAPUR,Sugarcane,17
Madhya Pradesh,SHAJAPUR,Sunflower,13
Madhya Pradesh,SHAJAPUR,Sweet potato,13
Madhya Pradesh,SHAJAPUR,Tobacco,3
Madhya Pradesh,SHAJAPUR,Turmeric,9
Madhya Pradesh,SHAJAPUR,Urad,20
Madhya Pradesh,SHAJAPUR,Wheat,23
Madhya Pradesh,SHEOPUR,Arhar/Tur,22
Madhya Pradesh,SHEOPUR,Bajra,22
Madhya Pradesh,SHEOPUR,Barley,20
Madhya Pradesh,SHEOPUR,Castor seed,3
Madhya Pradesh,SHEOPUR,Coriander,19
Madhya Pradesh,SHEOPUR,Cotton(lint),11
Madhya Pradesh,SHEOPUR,Dry chillies,14
Madhya Pradesh,SHEOPUR,Garlic,18
Madhya Pradesh,SHEOPUR,Ginger,1
Madhya Pradesh,SHEOPUR,Gram,22
Madhya Pradesh,SHEOPUR,Groundnut,18
Madhya Pradesh,SHEOPUR,Jowar,21
Madhya Pradesh,SHEOPUR,Jute,1
Madhya Pradesh,SHEOPUR,Linseed,19
Madhya Pradesh,SHEOPUR,Maize,22
Madhya Pradesh,SHEOPUR,Masoor,13
Madhya Pradesh,SHEOPUR,Mesta,1
Madhya Pradesh,SHEOPUR,Moong(Green Gram),13
Madhya Pradesh,SHEOPUR,Niger seed,3
Madhya Pradesh,SHEOPUR,Onion,20
Madhya Pradesh,SHEOPUR,Other  Rabi pulses,5
Madhya Pradesh,SHEOPUR,Other Kharif pulses,5
Madhya Pradesh,SHEOPUR,Peas & beans (Pulses),12
Madhya Pradesh,SHEOPUR,Potato,18
Madhya Pradesh,SHEOPUR,Rapeseed &Mustard,22
Madhya Pradesh,SHEOPUR,Rice,22
Madhya Pradesh,SHEOPUR,Safflower,1
Madhya Pradesh,SHEOPUR,Sannhamp,4
Madhya Pradesh,SHEOPUR,Sesamum,22
Madhya Pradesh,SHEOPUR,Small millets,1
Madhya Pradesh,SHEOPUR,Soyabean,22
Madhya Pradesh,SHEOPUR,Sugarcane,20
Madhya Pradesh,SHEOPUR,Sweet potato,1
Madhya Pradesh,SHEOPUR,Turmeric,6
Madhya Pradesh,SHEOPUR,Urad,18
Madhya Pradesh,SHEOPUR,Wheat,22
Madhya Pradesh,SHIVPURI,Arhar/Tur,21
Madhya Pradesh,SHIVPURI,Bajra,23
Madhya Pradesh,SHIVPURI,Banana,1
Madhya Pradesh,SHIVPURI,Barley,22
Madhya Pradesh,SHIVPURI,Castor seed,10
Madhya Pradesh,SHIVPURI,Coriander,19
Madhya Pradesh,SHIVPURI,Cotton(lint),7
Madhya Pradesh,SHIVPURI,Dry chillies,15
Madhya Pradesh,SHIVPURI,Garlic,19
Madhya Pradesh,SHIVPURI,Ginger,17
Madhya Pradesh,SHIVPURI,Gram,22
Madhya Pradesh,SHIVPURI,Groundnut,24
Madhya Pradesh,SHIVPURI,Horse-gram,1
Madhya Pradesh,SHIVPURI,Jowar,22
Madhya Pradesh,SHIVPURI,Jute,1
Madhya Pradesh,SHIVPURI,Khesari,2
Madhya Pradesh,SHIVPURI,Linseed,19
Madhya Pradesh,SHIVPURI,Maize,23
Madhya Pradesh,SHIVPURI,Masoor,16
Madhya Pradesh,SHIVPURI,Moong(Green Gram),15
Madhya Pradesh,SHIVPURI,Niger seed,14
Madhya Pradesh,SHIVPURI,Onion,20
Madhya Pradesh,SHIVPURI,Other  Rabi pulses,5
Madhya Pradesh,SHIVPURI,Other Kharif pulses,5
Madhya Pradesh,SHIVPURI,Peas & beans (Pulses),13
Madhya Pradesh,SHIVPURI,Potato,19
Madhya Pradesh,SHIVPURI,Ragi,1
Madhya Pradesh,SHIVPURI,Rapeseed &Mustard,23
Madhya Pradesh,SHIVPURI,Rice,23
Madhya Pradesh,SHIVPURI,Safflower,7
Madhya Pradesh,SHIVPURI,Sannhamp,12
Madhya Pradesh,SHIVPURI,Sesamum,23
Madhya Pradesh,SHIVPURI,Small millets,16
Madhya Pradesh,SHIVPURI,Soyabean,23
Madhya Pradesh,SHIVPURI,Sugarcane,20
Madhya Pradesh,SHIVPURI,Sunflower,5
Madhya Pradesh,SHIVPURI,Sweet potato,17
Madhya Pradesh,SHIVPURI,Turmeric,14
Madhya Pradesh,SHIVPURI,Urad,20
Madhya Pradesh,SHIVPURI,Wheat,23
Madhya Pradesh,SIDHI,Arhar/Tur,23
Madhya Pradesh,SIDHI,Bajra,10
Madhya Pradesh,SIDHI,Banana,14
Madhya Pradesh,SIDHI,Barley,22
Madhya Pradesh,SIDHI,Castor seed,5
Madhya Pradesh,SIDHI,Coriander,19
Madhya Pradesh,SIDHI,Cotton(lint),7
Madhya Pradesh,SIDHI,Cowpea(Lobia),2
Madhya Pradesh,SIDHI,Dry chillies,15
Madhya Pradesh,SIDHI,Garlic,19
Madhya Pradesh,SIDHI,Ginger,17
Madhya Pradesh,SIDHI,Gram,22
Madhya Pradesh,SIDHI,Groundnut,15
Madhya Pradesh,SIDHI,Jowar,23
Madhya Pradesh,SIDHI,Jute,2
Madhya Pradesh,SIDHI,Khesari,8
Madhya Pradesh,SIDHI,Linseed,23
Madhya Pradesh,SIDHI,Maize,23
Madhya Pradesh,SIDHI,Masoor,16
Madhya Pradesh,SIDHI,Mesta,7
Madhya Pradesh,SIDHI,Moong(Green Gram),15
Madhya Pradesh,SIDHI,Niger seed,16
Madhya Pradesh,SIDHI,Onion,20
Madhya Pradesh,SIDHI,Other  Rabi pulses,8
Madhya Pradesh,SIDHI,Other Cereals,3
Madhya Pradesh,SIDHI,Other Kharif pulses,10
Madhya Pradesh,SIDHI,Peas & beans (Pulses),14
Madhya Pradesh,SIDHI,Potato,19
Madhya Pradesh,SIDHI,Ragi,2
Madhya Pradesh,SIDHI,Rapeseed &Mustard,23
Madhya Pradesh,SIDHI,Rice,22
Madhya Pradesh,SIDHI,Safflower,2
Madhya Pradesh,SIDHI,Sannhamp,12
Madhya Pradesh,SIDHI,Sesamum,23
Madhya Pradesh,SIDHI,Small millets,21
Madhya Pradesh,SIDHI,Soyabean,22
Madhya Pradesh,SIDHI,Sugarcane,16
Madhya Pradesh,SIDHI,Sunflower,3
Madhya Pradesh,SIDHI,Sweet potato,14
Madhya Pradesh,SIDHI,Tobacco,8
Madhya Pradesh,SIDHI,Turmeric,19
Madhya Pradesh,SIDHI,Urad,20
Madhya Pradesh,SIDHI,Wheat,23
Madhya Pradesh,SINGRAULI,Arhar/Tur,12
Madhya Pradesh,SINGRAULI,Bajra,5
Madhya Pradesh,SINGRAULI,Banana,11
Madhya Pradesh,SINGRAULI,Barley,12
Madhya Pradesh,SINGRAULI,Coriander,11
Madhya Pradesh,SINGRAULI,Cowpea(Lobia),2
Madhya Pradesh,SINGRAULI,Dry chillies,9
Madhya Pradesh,SINGRAULI,Garlic,11
Madhya Pradesh,SINGRAULI,Ginger,10
Madhya Pradesh,SINGRAULI,Gram,12
Madhya Pradesh,SINGRAULI,Groundnut,8
Madhya Pradesh,SINGRAULI,Jowar,12
Madhya Pradesh,SINGRAULI,Jute,2
Madhya Pradesh,SINGRAULI,Khesari,6
Madhya Pradesh,SINGRAULI,Linseed,12
Madhya Pradesh,SINGRAULI,Maize,14
Madhya Pradesh,SINGRAULI,Masoor,12
Madhya Pradesh,SINGRAULI,Mesta,2
Madhya Pradesh,SINGRAULI,Moong(Green Gram),11
Madhya Pradesh,SINGRAULI,Niger seed,10
Madhya Pradesh,SINGRAULI,Onion,11
Madhya Pradesh,SINGRAULI,Other  Rabi pulses,1
Madhya Pradesh,SINGRAULI,Other Cereals,2
Madhya Pradesh,SINGRAULI,Other Kharif pulses,3
Madhya Pradesh,SINGRAULI,Peas & beans (Pulses),9
Madhya Pradesh,SINGRAULI,Potato,11
Madhya Pradesh,SINGRAULI,Ragi,1
Madhya Pradesh,SINGRAULI,Rapeseed &Mustard,12
Madhya Pradesh,SINGRAULI,Rice,12
Madhya Pradesh,SINGRAULI,Safflower,1
Madhya Pradesh,SINGRAULI,Sannhamp,6
Madhya Pradesh,SINGRAULI,Sesamum,12
Madhya Pradesh,SINGRAULI,Small millets,12
Madhya Pradesh,SINGRAULI,Soyabean,1
Madhya Pradesh,SINGRAULI,Sugarcane,8
Madhya Pradesh,SINGRAULI,Sweet potato,11
Madhya Pradesh,SINGRAULI,Tobacco,1
Madhya Pradesh,SINGRAULI,Turmeric,11
Madhya Pradesh,SINGRAULI,Urad,14
Madhya Pradesh,SINGRAULI,Wheat,12
Madhya Pradesh,SURGUJA,Arhar/Tur,3
Madhya Pradesh,SURGUJA,Barley,2
Madhya Pradesh,SURGUJA,Cotton(lint),1
Madhya Pradesh,SURGUJA,Garlic,1
Madhya Pradesh,SURGUJA,Ginger,1
Madhya Pradesh,SURGUJA,Gram,2
Madhya Pradesh,SURGUJA,Groundnut,2
Madhya Pradesh,SURGUJA,Jowar,2
Madhya Pradesh,SURGUJA,Linseed,3
Madhya Pradesh,SURGUJA,Maize,3
Madhya Pradesh,SURGUJA,Niger seed,1
Madhya Pradesh,SURGUJA,Onion,1
Madhya Pradesh,SURGUJA,Other  Rabi pulses,1
Madhya Pradesh,SURGUJA,Other Kharif pulses,1
Madhya Pradesh,SURGUJA,Potato,1
Madhya Pradesh,SURGUJA,Ragi,1
Madhya Pradesh,SURGUJA,Rapeseed &Mustard,3
Madhya Pradesh,SURGUJA,Rice,2
Madhya Pradesh,SURGUJA,Sesamum,3
Madhya Pradesh,SURGUJA,Small millets,2
Madhya Pradesh,SURGUJA,Soyabean,3
Madhya Pradesh,SURGUJA,Sugarcane,2
Madhya Pradesh,SURGUJA,Sunflower,1
Madhya Pradesh,SURGUJA,Sweet potato,1
Madhya Pradesh,SURGUJA,Wheat,2
Madhya Pradesh,TIKAMGARH,Arhar/Tur,21
Madhya Pradesh,TIKAMGARH,Bajra,8
Madhya Pradesh,TIKAMGARH,Banana,8
Madhya Pradesh,TIKAMGARH,Barley,22
Madhya Pradesh,TIKAMGARH,Castor seed,1
Madhya Pradesh,TIKAMGARH,Coriander,19
Madhya Pradesh,TIKAMGARH,Cotton(lint),1
Madhya Pradesh,TIKAMGARH,Cowpea(Lobia),4
Madhya Pradesh,TIKAMGARH,Dry chillies,15
Madhya Pradesh,TIKAMGARH,Garlic,19
Madhya Pradesh,TIKAMGARH,Ginger,17
Madhya Pradesh,TIKAMGARH,Gram,22
Madhya Pradesh,TIKAMGARH,Groundnut,23
Madhya Pradesh,TIKAMGARH,Jowar,23
Madhya Pradesh,TIKAMGARH,Jute,1
Madhya Pradesh,TIKAMGARH,Khesari,7
Madhya Pradesh,TIKAMGARH,Linseed,20
Madhya Pradesh,TIKAMGARH,Maize,23
Madhya Pradesh,TIKAMGARH,Masoor,16
Madhya Pradesh,TIKAMGARH,Mesta,4
Madhya Pradesh,TIKAMGARH,Moong(Green Gram),20
Madhya Pradesh,TIKAMGARH,Niger seed,2
Madhya Pradesh,TIKAMGARH,Onion,20
Madhya Pradesh,TIKAMGARH,Other  Rabi pulses,10
Madhya Pradesh,TIKAMGARH,Other Cereals,1
Madhya Pradesh,TIKAMGARH,Other Kharif pulses,9
Madhya Pradesh,TIKAMGARH,Peas & beans (Pulses),15
Madhya Pradesh,TIKAMGARH,Potato,19
Madhya Pradesh,TIKAMGARH,Ragi,2
Madhya Pradesh,TIKAMGARH,Rapeseed &Mustard,23
Madhya Pradesh,TIKAMGARH,Rice,22
Madhya Pradesh,TIKAMGARH,Safflower,3
Madhya Pradesh,TIKAMGARH,Sannhamp,12
Madhya Pradesh,TIKAMGARH,Sesamum,23
Madhya Pradesh,TIKAMGARH,Small millets,17
Madhya Pradesh,TIKAMGARH,Soyabean,23
Madhya Pradesh,TIKAMGARH,Sugarcane,21
Madhya Pradesh,TIKAMGARH,Sunflower,1
Madhya Pradesh,TIKAMGARH,Sweet potato,19
Madhya Pradesh,TIKAMGARH,Turmeric,18
Madhya Pradesh,TIKAMGARH,Urad,31
Madhya Pradesh,TIKAMGARH,Wheat,23
Madhya Pradesh,UJJAIN,Arhar/Tur,23
Madhya Pradesh,UJJAIN,Bajra,17
Madhya Pradesh,UJJAIN,Banana,3
Madhya Pradesh,UJJAIN,Barley,19
Madhya Pradesh,UJJAIN,Castor seed,2
Madhya Pradesh,UJJAIN,Coriander,19
Madhya Pradesh,UJJAIN,Cotton(lint),14
Madhya Pradesh,UJJAIN,Dry chillies,15
Madhya Pradesh,UJJAIN,Garlic,19
Madhya Pradesh,UJJAIN,Ginger,16
Madhya Pradesh,UJJAIN,Gram,22
Madhya Pradesh,UJJAIN,Groundnut,22
Madhya Pradesh,UJJAIN,Horse-gram,1
Madhya Pradesh,UJJAIN,Jowar,20
Madhya Pradesh,UJJAIN,Jute,2
Madhya Pradesh,UJJAIN,Khesari,1
Madhya Pradesh,UJJAIN,Linseed,20
Madhya Pradesh,UJJAIN,Maize,24
Madhya Pradesh,UJJAIN,Masoor,14
Madhya Pradesh,UJJAIN,Mesta,1
Madhya Pradesh,UJJAIN,Moong(Green Gram),15
Madhya Pradesh,UJJAIN,Niger seed,2
Madhya Pradesh,UJJAIN,Onion,20
Madhya Pradesh,UJJAIN,Other  Rabi pulses,5
Madhya Pradesh,UJJAIN,Other Kharif pulses,6
Madhya Pradesh,UJJAIN,Peas & beans (Pulses),14
Madhya Pradesh,UJJAIN,Potato,19
Madhya Pradesh,UJJAIN,Rapeseed &Mustard,23
Madhya Pradesh,UJJAIN,Rice,12
Madhya Pradesh,UJJAIN,Safflower,7
Madhya Pradesh,UJJAIN,Sannhamp,5
Madhya Pradesh,UJJAIN,Sesamum,18
Madhya Pradesh,UJJAIN,Small millets,1
Madhya Pradesh,UJJAIN,Soyabean,23
Madhya Pradesh,UJJAIN,Sugarcane,20
Madhya Pradesh,UJJAIN,Sunflower,11
Madhya Pradesh,UJJAIN,Sweet potato,18
Madhya Pradesh,UJJAIN,Tobacco,9
Madhya Pradesh,UJJAIN,Turmeric,12
Madhya Pradesh,UJJAIN,Urad,21
Madhya Pradesh,UJJAIN,Wheat,23
Madhya Pradesh,UMARIA,Arhar/Tur,22
Madhya Pradesh,UMARIA,Bajra,4
Madhya Pradesh,UMARIA,Banana,6
Madhya Pradesh,UMARIA,Barley,20
Madhya Pradesh,UMARIA,Coriander,19
Madhya Pradesh,UMARIA,Cotton(lint),1
Madhya Pradesh,UMARIA,Cowpea(Lobia),4
Madhya Pradesh,UMARIA,Dry chillies,15
Madhya Pradesh,UMARIA,Garlic,19
Madhya Pradesh,UMARIA,Ginger,17
Madhya Pradesh,UMARIA,Gram,22
Madhya Pradesh,UMARIA,Groundnut,18
Madhya Pradesh,UMARIA,Jowar,21
Madhya Pradesh,UMARIA,Jute,1
Madhya Pradesh,UMARIA,Khesari,3
Madhya Pradesh,UMARIA,Linseed,22
Madhya Pradesh,UMARIA,Maize,22
Madhya Pradesh,UMARIA,Masoor,16
Madhya Pradesh,UMARIA,Moong(Green Gram),11
Madhya Pradesh,UMARIA,Niger seed,21
Madhya Pradesh,UMARIA,Onion,20
Madhya Pradesh,UMARIA,Other  Rabi pulses,10
Madhya Pradesh,UMARIA,Other Cereals,3
Madhya Pradesh,UMARIA,Other Kharif pulses,9
Madhya Pradesh,UMARIA,Peas & beans (Pulses),15
Madhya Pradesh,UMARIA,Potato,19
Madhya Pradesh,UMARIA,Rapeseed &Mustard,22
Madhya Pradesh,UMARIA,Rice,23
Madhya Pradesh,UMARIA,Safflower,1
Madhya Pradesh,UMARIA,Sannhamp,12
Madhya Pradesh,UMARIA,Sesamum,22
Madhya Pradesh,UMARIA,Small millets,20
Madhya Pradesh,UMARIA,Soyabean,22
Madhya Pradesh,UMARIA,Sugarcane,10
Madhya Pradesh,UMARIA,Sunflower,3
Madhya Pradesh,UMARIA,Sweet potato,17
Madhya Pradesh,UMARIA,Turmeric,18
Madhya Pradesh,UMARIA,Urad,18
Madhya Pradesh,UMARIA,Wheat,22
Madhya Pradesh,VIDISHA,Arhar/Tur,23
Madhya Pradesh,VIDISHA,Bajra,6
Madhya Pradesh,VIDISHA,Barley,21
Madhya Pradesh,VIDISHA,Coriander,18
Madhya Pradesh,VIDISHA,Cotton(lint),5
Madhya Pradesh,VIDISHA,Dry chillies,15
Madhya Pradesh,VIDISHA,Garlic,19
Madhya Pradesh,VIDISHA,Ginger,17
Madhya Pradesh,VIDISHA,Gram,22
Madhya Pradesh,VIDISHA,Groundnut,22
Madhya Pradesh,VIDISHA,Jowar,22
Madhya Pradesh,VIDISHA,Jute,1
Madhya Pradesh,VIDISHA,Khesari,8
Madhya Pradesh,VIDISHA,Linseed,20
Madhya Pradesh,VIDISHA,Maize,25
Madhya Pradesh,VIDISHA,Masoor,16
Madhya Pradesh,VIDISHA,Mesta,2
Madhya Pradesh,VIDISHA,Moong(Green Gram),16
Madhya Pradesh,VIDISHA,Niger seed,9
Madhya Pradesh,VIDISHA,Onion,20
Madhya Pradesh,VIDISHA,Other  Rabi pulses,10
Madhya Pradesh,VIDISHA,Other Kharif pulses,5
Madhya Pradesh,VIDISHA,Peas & beans (Pulses),15
Madhya Pradesh,VIDISHA,Potato,19
Madhya Pradesh,VIDISHA,Rapeseed &Mustard,20
Madhya Pradesh,VIDISHA,Rice,21
Madhya Pradesh,VIDISHA,Safflower,5
Madhya Pradesh,VIDISHA,Sannhamp,12
Madhya Pradesh,VIDISHA,Sesamum,18
Madhya Pradesh,VIDISHA,Small millets,16
Madhya Pradesh,VIDISHA,Soyabean,23
Madhya Pradesh,VIDISHA,Sugarcane,19
Madhya Pradesh,VIDISHA,Sunflower,3
Madhya Pradesh,VIDISHA,Sweet potato,18
Madhya Pradesh,VIDISHA,Turmeric,8
Madhya Pradesh,VIDISHA,Urad,21
Madhya Pradesh,VIDISHA,Wheat,23
Maharashtra,AHMEDNAGAR,Arhar/Tur,23
Maharashtra,AHMEDNAGAR,Bajra,23
Maharashtra,AHMEDNAGAR,Banana,1
Maharashtra,AHMEDNAGAR,Castor seed,14
Maharashtra,AHMEDNAGAR,Cotton(lint),23
Maharashtra,AHMEDNAGAR,Gram,23
Maharashtra,AHMEDNAGAR,Groundnut,44
Maharashtra,AHMEDNAGAR,Jowar,39
Maharashtra,AHMEDNAGAR,Linseed,18
Maharashtra,AHMEDNAGAR,Maize,66
Maharashtra,AHMEDNAGAR,Moong(Green Gram),24
Maharashtra,AHMEDNAGAR,Niger seed,22
Maharashtra,AHMEDNAGAR,Onion,1
Maharashtra,AHMEDNAGAR,Other  Rabi pulses,23
Maharashtra,AHMEDNAGAR,Other Cereals,15
Maharashtra,AHMEDNAGAR,Other Kharif pulses,22
Maharashtra,AHMEDNAGAR,Other Summer Pulses,4
Maharashtra,AHMEDNAGAR,Ragi,23
Maharashtra,AHMEDNAGAR,Rapeseed &Mustard,11
Maharashtra,AHMEDNAGAR,Rice,23
Maharashtra,AHMEDNAGAR,Safflower,19
Maharashtra,AHMEDNAGAR,Sesamum,37
Maharashtra,AHMEDNAGAR,Small millets,33
Maharashtra,AHMEDNAGAR,Soyabean,22
Maharashtra,AHMEDNAGAR,Sugarcane,23
Maharashtra,AHMEDNAGAR,Sunflower,54
Maharashtra,AHMEDNAGAR,Urad,23
Maharashtra,AHMEDNAGAR,Wheat,23
Maharashtra,AHMEDNAGAR,other oilseeds,4
Maharashtra,AKOLA,Arhar/Tur,23
Maharashtra,AKOLA,Bajra,22
Maharashtra,AKOLA,Banana,1
Maharashtra,AKOLA,Castor seed,7
Maharashtra,AKOLA,Cotton(lint),23
Maharashtra,AKOLA,Gram,23
Maharashtra,AKOLA,Groundnut,28
Maharashtra,AKOLA,Jowar,41
Maharashtra,AKOLA,Maize,43
Maharashtra,AKOLA,Moong(Green Gram),23
Maharashtra,AKOLA,Niger seed,1
Maharashtra,AKOLA,Onion,1
Maharashtra,AKOLA,Other  Rabi pulses,4
Maharashtra,AKOLA,Other Cereals,3
Maharashtra,AKOLA,Other Kharif pulses,16
Maharashtra,AKOLA,Other Summer Pulses,1
Maharashtra,AKOLA,Rapeseed &Mustard,12
Maharashtra,AKOLA,Rice,2
Maharashtra,AKOLA,Safflower,21
Maharashtra,AKOLA,Sesamum,25
Maharashtra,AKOLA,Small millets,12
Maharashtra,AKOLA,Soyabean,22
Maharashtra,AKOLA,Sugarcane,19
Maharashtra,AKOLA,Sunflower,47
Maharashtra,AKOLA,Urad,23
Maharashtra,AKOLA,Wheat,23
Maharashtra,AMRAVATI,Arhar/Tur,23
Maharashtra,AMRAVATI,Bajra,20
Maharashtra,AMRAVATI,Banana,1
Maharashtra,AMRAVATI,Castor seed,18
Maharashtra,AMRAVATI,Cotton(lint),23
Maharashtra,AMRAVATI,Gram,23
Maharashtra,AMRAVATI,Groundnut,44
Maharashtra,AMRAVATI,Jowar,34
Maharashtra,AMRAVATI,Linseed,3
Maharashtra,AMRAVATI,Maize,46
Maharashtra,AMRAVATI,Moong(Green Gram),24
Maharashtra,AMRAVATI,Niger seed,1
Maharashtra,AMRAVATI,Onion,1
Maharashtra,AMRAVATI,Other  Rabi pulses,9
Maharashtra,AMRAVATI,Other Cereals,5
Maharashtra,AMRAVATI,Other Kharif pulses,21
Maharashtra,AMRAVATI,Other Summer Pulses,4
Maharashtra,AMRAVATI,Rapeseed &Mustard,10
Maharashtra,AMRAVATI,Rice,23
Maharashtra,AMRAVATI,Safflower,19
Maharashtra,AMRAVATI,Sesamum,25
Maharashtra,AMRAVATI,Small millets,19
Maharashtra,AMRAVATI,Soyabean,22
Maharashtra,AMRAVATI,Sugarcane,22
Maharashtra,AMRAVATI,Sunflower,48
Maharashtra,AMRAVATI,Urad,23
Maharashtra,AMRAVATI,Wheat,23
Maharashtra,AMRAVATI,other oilseeds,4
Maharashtra,AURANGABAD,Arhar/Tur,23
Maharashtra,AURANGABAD,Bajra,23
Maharashtra,AURANGABAD,Banana,1
Maharashtra,AURANGABAD,Castor seed,17
Maharashtra,AURANGABAD,Cotton(lint),23
Maharashtra,AURANGABAD,Gram,23
Maharashtra,AURANGABAD,Groundnut,41
Maharashtra,AURANGABAD,Jowar,46
Maharashtra,AURANGABAD,Linseed,15
Maharashtra,AURANGABAD,Maize,66
Maharashtra,AURANGABAD,Moong(Green Gram),23
Maharashtra,AURANGABAD,Niger seed,15
Maharashtra,AURANGABAD,Onion,1
Maharashtra,AURANGABAD,Other  Rabi pulses,5
Maharashtra,AURANGABAD,Other Cereals,14
Maharashtra,AURANGABAD,Other Kharif pulses,21
Maharashtra,AURANGABAD,Other Summer Pulses,1
Maharashtra,AURANGABAD,Ragi,1
Maharashtra,AURANGABAD,Rapeseed &Mustard,13
Maharashtra,AURANGABAD,Rice,12
Maharashtra,AURANGABAD,Safflower,21
Maharashtra,AURANGABAD,Sesamum,24
Maharashtra,AURANGABAD,Small millets,23
Maharashtra,AURANGABAD,Soyabean,22
Maharashtra,AURANGABAD,Sugarcane,22
Maharashtra,AURANGABAD,Sunflower,50
Maharashtra,AURANGABAD,Urad,23
Maharashtra,AURANGABAD,Wheat,23
Maharashtra,AURANGABAD,other oilseeds,4
Maharashtra,BEED,Arhar/Tur,23
Maharashtra,BEED,Bajra,23
Maharashtra,BEED,Banana,1
Maharashtra,BEED,Castor seed,19
Maharashtra,BEED,Cotton(lint),23
Maharashtra,BEED,Gram,23
Maharashtra,BEED,Groundnut,43
Maharashtra,BEED,Jowar,46
Maharashtra,BEED,Linseed,22
Maharashtra,BEED,Maize,65
Maharashtra,BEED,Moong(Green Gram),23
Maharashtra,BEED,Niger seed,22
Maharashtra,BEED,Onion,1
Maharashtra,BEED,Other  Rabi pulses,21
Maharashtra,BEED,Other Cereals,12
Maharashtra,BEED,Other Kharif pulses,22
Maharashtra,BEED,Other Summer Pulses,1
Maharashtra,BEED,Ragi,1
Maharashtra,BEED,Rapeseed &Mustard,19
Maharashtra,BEED,Rice,23
Maharashtra,BEED,Safflower,22
Maharashtra,BEED,Sesamum,26
Maharashtra,BEED,Small millets,18
Maharashtra,BEED,Soyabean,22
Maharashtra,BEED,Sugarcane,22
Maharashtra,BEED,Sunflower,56
Maharashtra,BEED,Urad,23
Maharashtra,BEED,Wheat,23
Maharashtra,BEED,other oilseeds,4
Maharashtra,BHANDARA,Arhar/Tur,23
Maharashtra,BHANDARA,Banana,1
Maharashtra,BHANDARA,Castor seed,6
Maharashtra,BHANDARA,Cotton(lint),3
Maharashtra,BHANDARA,Gram,23
Maharashtra,BHANDARA,Groundnut,24
Maharashtra,BHANDARA,Jowar,13
Maharashtra,BHANDARA,Linseed,22
Maharashtra,BHANDARA,Maize,11
Maharashtra,BHANDARA,Moong(Green Gram),21
Maharashtra,BHANDARA,Onion,1
Maharashtra,BHANDARA,Other  Rabi pulses,23
Maharashtra,BHANDARA,Other Cereals,1
Maharashtra,BHANDARA,Other Kharif pulses,10
Maharashtra,BHANDARA,Other Summer Pulses,4
Maharashtra,BHANDARA,Rapeseed &Mustard,19
Maharashtra,BHANDARA,Rice,46
Maharashtra,BHANDARA,Safflower,2
Maharashtra,BHANDARA,Sesamum,37
Maharashtra,BHANDARA,Small millets,4
Maharashtra,BHANDARA,Soyabean,22
Maharashtra,BHANDARA,Sugarcane,22
Maharashtra,BHANDARA,Sunflower,4
Maharashtra,BHANDARA,Urad,22
Maharashtra,BHANDARA,Wheat,23
Maharashtra,BHANDARA,other oilseeds,2
Maharashtra,BULDHANA,Arhar/Tur,23
Maharashtra,BULDHANA,Bajra,23
Maharashtra,BULDHANA,Banana,1
Maharashtra,BULDHANA,Castor seed,15
Maharashtra,BULDHANA,Cotton(lint),23
Maharashtra,BULDHANA,Gram,23
Maharashtra,BULDHANA,Groundnut,43
Maharashtra,BULDHANA,Jowar,46
Maharashtra,BULDHANA,Linseed,2
Maharashtra,BULDHANA,Maize,65
Maharashtra,BULDHANA,Moong(Green Gram),24
Maharashtra,BULDHANA,Niger seed,5
Maharashtra,BULDHANA,Onion,1
Maharashtra,BULDHANA,Other  Rabi pulses,8
Maharashtra,BULDHANA,Other Cereals,11
Maharashtra,BULDHANA,Other Kharif pulses,21
Maharashtra,BULDHANA,Other Summer Pulses,4
Maharashtra,BULDHANA,Ragi,2
Maharashtra,BULDHANA,Rapeseed &Mustard,12
Maharashtra,BULDHANA,Rice,7
Maharashtra,BULDHANA,Safflower,21
Maharashtra,BULDHANA,Sesamum,27
Maharashtra,BULDHANA,Small millets,21
Maharashtra,BULDHANA,Soyabean,22
Maharashtra,BULDHANA,Sugarcane,22
Maharashtra,BULDHANA,Sunflower,53
Maharashtra,BULDHANA,Urad,23
Maharashtra,BULDHANA,Wheat,23
Maharashtra,BULDHANA,other oilseeds,7
Maharashtra,CHANDRAPUR,Arhar/Tur,23
Maharashtra,CHANDRAPUR,Bajra,1
Maharashtra,CHANDRAPUR,Castor seed,10
Maharashtra,CHANDRAPUR,Cotton(lint),23
Maharashtra,CHANDRAPUR,Gram,23
Maharashtra,CHANDRAPUR,Groundnut,18
Maharashtra,CHANDRAPUR,Jowar,45
Maharashtra,CHANDRAPUR,Linseed,21
Maharashtra,CHANDRAPUR,Maize,17
Maharashtra,CHANDRAPUR,Moong(Green Gram),24
Maharashtra,CHANDRAPUR,Niger seed,1
Maharashtra,CHANDRAPUR,Onion,1
Maharashtra,CHANDRAPUR,Other  Rabi pulses,22
Maharashtra,CHANDRAPUR,Other Cereals,8
Maharashtra,CHANDRAPUR,Other Kharif pulses,22
Maharashtra,CHANDRAPUR,Other Summer Pulses,4
Maharashtra,CHANDRAPUR,Rapeseed &Mustard,19
Maharashtra,CHANDRAPUR,Rice,46
Maharashtra,CHANDRAPUR,Safflower,2
Maharashtra,CHANDRAPUR,Sesamum,34
Maharashtra,CHANDRAPUR,Small millets,24
Maharashtra,CHANDRAPUR,Soyabean,22
Maharashtra,CHANDRAPUR,Sugarcane,5
Maharashtra,CHANDRAPUR,Sunflower,11
Maharashtra,CHANDRAPUR,Urad,22
Maharashtra,CHANDRAPUR,Wheat,23
Maharashtra,CHANDRAPUR,other oilseeds,3
Maharashtra,DHULE,Arhar/Tur,23
Maharashtra,DHULE,Bajra,23
Maharashtra,DHULE,Banana,1
Maharashtra,DHULE,Castor seed,16
Maharashtra,DHULE,Cotton(lint),23
Maharashtra,DHULE,Gram,23
Maharashtra,DHULE,Groundnut,44
Maharashtra,DHULE,Jowar,46
Maharashtra,DHULE,Linseed,1
Maharashtra,DHULE,Maize,65
Maharashtra,DHULE,Moong(Green Gram),23
Maharashtra,DHULE,Niger seed,12
Maharashtra,DHULE,Onion,1
Maharashtra,DHULE,Other  Rabi pulses,22
Maharashtra,DHULE,Other Cereals,11
Maharashtra,DHULE,Other Kharif pulses,22
Maharashtra,DHULE,Ragi,23
Maharashtra,DHULE,Rapeseed &Mustard,10
Maharashtra,DHULE,Rice,23
Maharashtra,DHULE,Safflower,2
Maharashtra,DHULE,Sesamum,27
Maharashtra,DHULE,Small millets,28
Maharashtra,DHULE,Soyabean,22
Maharashtra,DHULE,Sugarcane,22
Maharashtra,DHULE,Sunflower,24
Maharashtra,DHULE,Urad,23
Maharashtra,DHULE,Wheat,23
Maharashtra,DHULE,other oilseeds,4
Maharashtra,GADCHIROLI,Arhar/Tur,23
Maharashtra,GADCHIROLI,Bajra,1
Maharashtra,GADCHIROLI,Castor seed,1
Maharashtra,GADCHIROLI,Cotton(lint),18
Maharashtra,GADCHIROLI,Gram,23
Maharashtra,GADCHIROLI,Groundnut,7
Maharashtra,GADCHIROLI,Jowar,27
Maharashtra,GADCHIROLI,Linseed,21
Maharashtra,GADCHIROLI,Maize,48
Maharashtra,GADCHIROLI,Moong(Green Gram),20
Maharashtra,GADCHIROLI,Onion,1
Maharashtra,GADCHIROLI,Other  Rabi pulses,21
Maharashtra,GADCHIROLI,Other Cereals,4
Maharashtra,GADCHIROLI,Other Kharif pulses,21
Maharashtra,GADCHIROLI,Other Summer Pulses,3
Maharashtra,GADCHIROLI,Rapeseed &Mustard,19
Maharashtra,GADCHIROLI,Rice,46
Maharashtra,GADCHIROLI,Safflower,1
Maharashtra,GADCHIROLI,Sesamum,40
Maharashtra,GADCHIROLI,Small millets,19
Maharashtra,GADCHIROLI,Soyabean,22
Maharashtra,GADCHIROLI,Sugarcane,4
Maharashtra,GADCHIROLI,Sunflower,5
Maharashtra,GADCHIROLI,Urad,18
Maharashtra,GADCHIROLI,Wheat,23
Maharashtra,GADCHIROLI,other oilseeds,3
Maharashtra,GONDIA,Arhar/Tur,21
Maharashtra,GONDIA,Bajra,1
Maharashtra,GONDIA,Castor seed,6
Maharashtra,GONDIA,Cotton(lint),1
Maharashtra,GONDIA,Gram,21
Maharashtra,GONDIA,Groundnut,3
Maharashtra,GONDIA,Jowar,3
Maharashtra,GONDIA,Linseed,20
Maharashtra,GONDIA,Maize,31
Maharashtra,GONDIA,Moong(Green Gram),17
Maharashtra,GONDIA,Onion,1
Maharashtra,GONDIA,Other  Rabi pulses,20
Maharashtra,GONDIA,Other Cereals,2
Maharashtra,GONDIA,Other Kharif pulses,17
Maharashtra,GONDIA,Other Summer Pulses,4
Maharashtra,GONDIA,Rapeseed &Mustard,16
Maharashtra,GONDIA,Rice,41
Maharashtra,GONDIA,Sesamum,28
Maharashtra,GONDIA,Small millets,11
Maharashtra,GONDIA,Soyabean,4
Maharashtra,GONDIA,Sugarcane,20
Maharashtra,GONDIA,Urad,19
Maharashtra,GONDIA,Wheat,21
Maharashtra,GONDIA,other oilseeds,3
Maharashtra,HINGOLI,Arhar/Tur,21
Maharashtra,HINGOLI,Bajra,16
Maharashtra,HINGOLI,Banana,1
Maharashtra,HINGOLI,Castor seed,15
Maharashtra,HINGOLI,Cotton(lint),21
Maharashtra,HINGOLI,Gram,20
Maharashtra,HINGOLI,Groundnut,30
Maharashtra,HINGOLI,Jowar,40
Maharashtra,HINGOLI,Linseed,13
Maharashtra,HINGOLI,Maize,55
Maharashtra,HINGOLI,Moong(Green Gram),20
Maharashtra,HINGOLI,Niger seed,18
Maharashtra,HINGOLI,Other  Rabi pulses,18
Maharashtra,HINGOLI,Other Cereals,10
Maharashtra,HINGOLI,Other Kharif pulses,17
Maharashtra,HINGOLI,Rapeseed &Mustard,9
Maharashtra,HINGOLI,Rice,13
Maharashtra,HINGOLI,Safflower,21
Maharashtra,HINGOLI,Sesamum,23
Maharashtra,HINGOLI,Small millets,26
Maharashtra,HINGOLI,Soyabean,21
Maharashtra,HINGOLI,Sugarcane,21
Maharashtra,HINGOLI,Sunflower,40
Maharashtra,HINGOLI,Urad,21
Maharashtra,HINGOLI,Wheat,20
Maharashtra,HINGOLI,other oilseeds,3
Maharashtra,JALGAON,Arhar/Tur,23
Maharashtra,JALGAON,Bajra,23
Maharashtra,JALGAON,Banana,1
Maharashtra,JALGAON,Castor seed,14
Maharashtra,JALGAON,Cotton(lint),23
Maharashtra,JALGAON,Gram,23
Maharashtra,JALGAON,Groundnut,44
Maharashtra,JALGAON,Jowar,46
Maharashtra,JALGAON,Linseed,1
Maharashtra,JALGAON,Maize,67
Maharashtra,JALGAON,Moong(Green Gram),24
Maharashtra,JALGAON,Onion,1
Maharashtra,JALGAON,Other  Rabi pulses,4
Maharashtra,JALGAON,Other Cereals,15
Maharashtra,JALGAON,Other Kharif pulses,22
Maharashtra,JALGAON,Other Summer Pulses,2
Maharashtra,JALGAON,Rapeseed &Mustard,10
Maharashtra,JALGAON,Rice,13
Maharashtra,JALGAON,Safflower,10
Maharashtra,JALGAON,Sesamum,25
Maharashtra,JALGAON,Small millets,19
Maharashtra,JALGAON,Soyabean,22
Maharashtra,JALGAON,Sugarcane,23
Maharashtra,JALGAON,Sunflower,48
Maharashtra,JALGAON,Urad,23
Maharashtra,JALGAON,Wheat,23
Maharashtra,JALGAON,other oilseeds,5
Maharashtra,JALNA,Arhar/Tur,23
Maharashtra,JALNA,Bajra,23
Maharashtra,JALNA,Banana,1
Maharashtra,JALNA,Castor seed,17
Maharashtra,JALNA,Cotton(lint),23
Maharashtra,JALNA,Gram,23
Maharashtra,JALNA,Groundnut,43
Maharashtra,JALNA,Jowar,46
Maharashtra,JALNA,Linseed,15
Maharashtra,JALNA,Maize,60
Maharashtra,JALNA,Moong(Green Gram),23
Maharashtra,JALNA,Niger seed,19
Maharashtra,JALNA,Onion,1
Maharashtra,JALNA,Other  Rabi pulses,13
Maharashtra,JALNA,Other Cereals,10
Maharashtra,JALNA,Other Kharif pulses,22
Maharashtra,JALNA,Other Summer Pulses,2
Maharashtra,JALNA,Rapeseed &Mustard,13
Maharashtra,JALNA,Rice,9
Maharashtra,JALNA,Safflower,20
Maharashtra,JALNA,Sesamum,20
Maharashtra,JALNA,Small millets,16
Maharashtra,JALNA,Soyabean,22
Maharashtra,JALNA,Sugarcane,22
Maharashtra,JALNA,Sunflower,47
Maharashtra,JALNA,Urad,23
Maharashtra,JALNA,Wheat,23
Maharashtra,JALNA,other oilseeds,3
Maharashtra,KOLHAPUR,Arhar/Tur,23
Maharashtra,KOLHAPUR,Bajra,3
Maharashtra,KOLHAPUR,Banana,1
Maharashtra,KOLHAPUR,Castor seed,10
Maharashtra,KOLHAPUR,Cotton(lint),15
Maharashtra,KOLHAPUR,Gram,23
Maharashtra,KOLHAPUR,Groundnut,44
Maharashtra,KOLHAPUR,Jowar,46
Maharashtra,KOLHAPUR,Maize,66
Maharashtra,KOLHAPUR,Moong(Green Gram),23
Maharashtra,KOLHAPUR,Niger seed,21
Maharashtra,KOLHAPUR,Onion,1
Maharashtra,KOLHAPUR,Other  Rabi pulses,23
Maharashtra,KOLHAPUR,Other Cereals,9
Maharashtra,KOLHAPUR,Other Kharif pulses,22
Maharashtra,KOLHAPUR,Other Summer Pulses,4
Maharashtra,KOLHAPUR,Ragi,23
Maharashtra,KOLHAPUR,Rapeseed &Mustard,2
Maharashtra,KOLHAPUR,Rice,46
Maharashtra,KOLHAPUR,Sesamum,6
Maharashtra,KOLHAPUR,Small millets,25
Maharashtra,KOLHAPUR,Soyabean,22
Maharashtra,KOLHAPUR,Sugarcane,22
Maharashtra,KOLHAPUR,Sunflower,51
Maharashtra,KOLHAPUR,Tobacco,7
Maharashtra,KOLHAPUR,Urad,22
Maharashtra,KOLHAPUR,Wheat,23
Maharashtra,KOLHAPUR,other oilseeds,4
Maharashtra,LATUR,Arhar/Tur,23
Maharashtra,LATUR,Bajra,23
Maharashtra,LATUR,Banana,1
Maharashtra,LATUR,Castor seed,13
Maharashtra,LATUR,Cotton(lint),23
Maharashtra,LATUR,Gram,23
Maharashtra,LATUR,Groundnut,44
Maharashtra,LATUR,Jowar,46
Maharashtra,LATUR,Linseed,21
Maharashtra,LATUR,Maize,61
Maharashtra,LATUR,Moong(Green Gram),23
Maharashtra,LATUR,Niger seed,22
Maharashtra,LATUR,Other  Rabi pulses,21
Maharashtra,LATUR,Other Cereals,11
Maharashtra,LATUR,Other Kharif pulses,22
Maharashtra,LATUR,Rapeseed &Mustard,19
Maharashtra,LATUR,Rice,23
Maharashtra,LATUR,Safflower,22
Maharashtra,LATUR,Sesamum,24
Maharashtra,LATUR,Small millets,33
Maharashtra,LATUR,Soyabean,22
Maharashtra,LATUR,Sugarcane,22
Maharashtra,LATUR,Sunflower,62
Maharashtra,LATUR,Urad,23
Maharashtra,LATUR,Wheat,23
Maharashtra,LATUR,other oilseeds,3
Maharashtra,MUMBAI,Maize,1
Maharashtra,MUMBAI SUBURBAN,Linseed,1
Maharashtra,MUMBAI SUBURBAN,Maize,1
Maharashtra,NAGPUR,Arhar/Tur,23
Maharashtra,NAGPUR,Bajra,3
Maharashtra,NAGPUR,Castor seed,16
Maharashtra,NAGPUR,Cotton(lint),23
Maharashtra,NAGPUR,Gram,23
Maharashtra,NAGPUR,Groundnut,44
Maharashtra,NAGPUR,Jowar,45
Maharashtra,NAGPUR,Linseed,18
Maharashtra,NAGPUR,Maize,30
Maharashtra,NAGPUR,Moong(Green Gram),24
Maharashtra,NAGPUR,Niger seed,1
Maharashtra,NAGPUR,Onion,1
Maharashtra,NAGPUR,Other  Rabi pulses,23
Maharashtra,NAGPUR,Other Cereals,7
Maharashtra,NAGPUR,Other Kharif pulses,22
Maharashtra,NAGPUR,Other Summer Pulses,3
Maharashtra,NAGPUR,Rapeseed &Mustard,19
Maharashtra,NAGPUR,Rice,40
Maharashtra,NAGPUR,Sesamum,24
Maharashtra,NAGPUR,Small millets,8
Maharashtra,NAGPUR,Soyabean,22
Maharashtra,NAGPUR,Sugarcane,21
Maharashtra,NAGPUR,Sunflower,35
Maharashtra,NAGPUR,Urad,23
Maharashtra,NAGPUR,Wheat,23
Maharashtra,NAGPUR,other oilseeds,4
Maharashtra,NANDED,Arhar/Tur,23
Maharashtra,NANDED,Bajra,12
Maharashtra,NANDED,Banana,1
Maharashtra,NANDED,Castor seed,19
Maharashtra,NANDED,Cotton(lint),23
Maharashtra,NANDED,Gram,23
Maharashtra,NANDED,Groundnut,41
Maharashtra,NANDED,Jowar,46
Maharashtra,NANDED,Linseed,15
Maharashtra,NANDED,Maize,57
Maharashtra,NANDED,Moong(Green Gram),23
Maharashtra,NANDED,Niger seed,21
Maharashtra,NANDED,Other  Rabi pulses,14
Maharashtra,NANDED,Other Cereals,14
Maharashtra,NANDED,Other Kharif pulses,19
Maharashtra,NANDED,Rapeseed &Mustard,17
Maharashtra,NANDED,Rice,27
Maharashtra,NANDED,Safflower,22
Maharashtra,NANDED,Sesamum,43
Maharashtra,NANDED,Small millets,30
Maharashtra,NANDED,Soyabean,22
Maharashtra,NANDED,Sugarcane,22
Maharashtra,NANDED,Sunflower,59
Maharashtra,NANDED,Urad,23
Maharashtra,NANDED,Wheat,23
Maharashtra,NANDED,other oilseeds,3
Maharashtra,NANDURBAR,Arhar/Tur,21
Maharashtra,NANDURBAR,Bajra,20
Maharashtra,NANDURBAR,Banana,1
Maharashtra,NANDURBAR,Castor seed,18
Maharashtra,NANDURBAR,Cotton(lint),21
Maharashtra,NANDURBAR,Gram,21
Maharashtra,NANDURBAR,Groundnut,42
Maharashtra,NANDURBAR,Jowar,40
Maharashtra,NANDURBAR,Maize,56
Maharashtra,NANDURBAR,Moong(Green Gram),22
Maharashtra,NANDURBAR,Niger seed,11
Maharashtra,NANDURBAR,Onion,1
Maharashtra,NANDURBAR,Other  Rabi pulses,12
Maharashtra,NANDURBAR,Other Cereals,13
Maharashtra,NANDURBAR,Other Kharif pulses,21
Maharashtra,NANDURBAR,Other Summer Pulses,4
Maharashtra,NANDURBAR,Ragi,15
Maharashtra,NANDURBAR,Rapeseed &Mustard,15
Maharashtra,NANDURBAR,Rice,22
Maharashtra,NANDURBAR,Safflower,14
Maharashtra,NANDURBAR,Sesamum,21
Maharashtra,NANDURBAR,Small millets,28
Maharashtra,NANDURBAR,Soyabean,21
Maharashtra,NANDURBAR,Sugarcane,21
Maharashtra,NANDURBAR,Sunflower,49
Maharashtra,NANDURBAR,Urad,21
Maharashtra,NANDURBAR,Wheat,21
Maharashtra,NANDURBAR,other oilseeds,8
Maharashtra,NASHIK,Arhar/Tur,23
Maharashtra,NASHIK,Bajra,23
Maharashtra,NASHIK,Castor seed,20
Maharashtra,NASHIK,Cotton(lint),23
Maharashtra,NASHIK,Gram,23
Maharashtra,NASHIK,Groundnut,44
Maharashtra,NASHIK,Jowar,45
Maharashtra,NASHIK,Linseed,3
Maharashtra,NASHIK,Maize,67
Maharashtra,NASHIK,Moong(Green Gram),23
Maharashtra,NASHIK,Niger seed,22
Maharashtra,NASHIK,Onion,1
Maharashtra,NASHIK,Other  Rabi pulses,23
Maharashtra,NASHIK,Other Cereals,14
Maharashtra,NASHIK,Other Kharif pulses,22
Maharashtra,NASHIK,Other Summer Pulses,2
Maharashtra,NASHIK,Ragi,23
Maharashtra,NASHIK,Rapeseed &Mustard,17
Maharashtra,NASHIK,Rice,23
Maharashtra,NASHIK,Safflower,12
Maharashtra,NASHIK,Sesamum,23
Maharashtra,NASHIK,Small millets,32
Maharashtra,NASHIK,Soyabean,22
Maharashtra,NASHIK,Sugarcane,23
Maharashtra,NASHIK,Sunflower,38
Maharashtra,NASHIK,Urad,23
Maharashtra,NASHIK,Wheat,23
Maharashtra,NASHIK,other oilseeds,4
Maharashtra,OSMANABAD,Arhar/Tur,23
Maharashtra,OSMANABAD,Bajra,23
Maharashtra,OSMANABAD,Banana,1
Maharashtra,OSMANABAD,Castor seed,16
Maharashtra,OSMANABAD,Cotton(lint),23
Maharashtra,OSMANABAD,Gram,23
Maharashtra,OSMANABAD,Groundnut,44
Maharashtra,OSMANABAD,Jowar,46
Maharashtra,OSMANABAD,Linseed,22
Maharashtra,OSMANABAD,Maize,61
Maharashtra,OSMANABAD,Moong(Green Gram),23
Maharashtra,OSMANABAD,Niger seed,22
Maharashtra,OSMANABAD,Onion,1
Maharashtra,OSMANABAD,Other  Rabi pulses,23
Maharashtra,OSMANABAD,Other Cereals,11
Maharashtra,OSMANABAD,Other Kharif pulses,22
Maharashtra,OSMANABAD,Ragi,1
Maharashtra,OSMANABAD,Rapeseed &Mustard,12
Maharashtra,OSMANABAD,Rice,22
Maharashtra,OSMANABAD,Safflower,22
Maharashtra,OSMANABAD,Sesamum,23
Maharashtra,OSMANABAD,Small millets,29
Maharashtra,OSMANABAD,Soyabean,22
Maharashtra,OSMANABAD,Sugarcane,22
Maharashtra,OSMANABAD,Sunflower,63
Maharashtra,OSMANABAD,Urad,23
Maharashtra,OSMANABAD,Wheat,23
Maharashtra,OSMANABAD,other oilseeds,4
Maharashtra,PALGHAR,Arhar/Tur,6
Maharashtra,PALGHAR,Gram,6
Maharashtra,PALGHAR,Groundnut,6
Maharashtra,PALGHAR,Maize,4
Maharashtra,PALGHAR,Moong(Green Gram),1
Maharashtra,PALGHAR,Niger seed,4
Maharashtra,PALGHAR,Other  Rabi pulses,6
Maharashtra,PALGHAR,Other Cereals,6
Maharashtra,PALGHAR,Other Kharif pulses,7
Maharashtra,PALGHAR,Ragi,6
Maharashtra,PALGHAR,Rapeseed &Mustard,3
Maharashtra,PALGHAR,Rice,11
Maharashtra,PALGHAR,Sesamum,7
Maharashtra,PALGHAR,Small millets,3
Maharashtra,PALGHAR,Sunflower,5
Maharashtra,PALGHAR,Urad,6
Maharashtra,PALGHAR,Wheat,5
Maharashtra,PALGHAR,other oilseeds,2
Maharashtra,PARBHANI,Arhar/Tur,23
Maharashtra,PARBHANI,Bajra,23
Maharashtra,PARBHANI,Banana,1
Maharashtra,PARBHANI,Castor seed,20
Maharashtra,PARBHANI,Cotton(lint),23
Maharashtra,PARBHANI,Gram,23
Maharashtra,PARBHANI,Groundnut,37
Maharashtra,PARBHANI,Jowar,46
Maharashtra,PARBHANI,Linseed,21
Maharashtra,PARBHANI,Maize,63
Maharashtra,PARBHANI,Moong(Green Gram),23
Maharashtra,PARBHANI,Niger seed,22
Maharashtra,PARBHANI,Onion,1
Maharashtra,PARBHANI,Other  Rabi pulses,21
Maharashtra,PARBHANI,Other Cereals,11
Maharashtra,PARBHANI,Other Kharif pulses,22
Maharashtra,PARBHANI,Rapeseed &Mustard,18
Maharashtra,PARBHANI,Rice,20
Maharashtra,PARBHANI,Safflower,22
Maharashtra,PARBHANI,Sesamum,27
Maharashtra,PARBHANI,Small millets,30
Maharashtra,PARBHANI,Soyabean,22
Maharashtra,PARBHANI,Sugarcane,22
Maharashtra,PARBHANI,Sunflower,59
Maharashtra,PARBHANI,Urad,23
Maharashtra,PARBHANI,Wheat,23
Maharashtra,PARBHANI,other oilseeds,3
Maharashtra,PUNE,Arhar/Tur,23
Maharashtra,PUNE,Bajra,23
Maharashtra,PUNE,Banana,1
Maharashtra,PUNE,Castor seed,10
Maharashtra,PUNE,Cotton(lint),13
Maharashtra,PUNE,Gram,23
Maharashtra,PUNE,Groundnut,44
Maharashtra,PUNE,Jowar,46
Maharashtra,PUNE,Linseed,10
Maharashtra,PUNE,Maize,68
Maharashtra,PUNE,Moong(Green Gram),23
Maharashtra,PUNE,Niger seed,22
Maharashtra,PUNE,Onion,1
Maharashtra,PUNE,Other  Rabi pulses,23
Maharashtra,PUNE,Other Cereals,16
Maharashtra,PUNE,Other Kharif pulses,22
Maharashtra,PUNE,Other Summer Pulses,2
Maharashtra,PUNE,Ragi,23
Maharashtra,PUNE,Rapeseed &Mustard,15
Maharashtra,PUNE,Rice,23
Maharashtra,PUNE,Safflower,17
Maharashtra,PUNE,Sesamum,40
Maharashtra,PUNE,Small millets,35
Maharashtra,PUNE,Soyabean,22
Maharashtra,PUNE,Sugarcane,23
Maharashtra,PUNE,Sunflower,57
Maharashtra,PUNE,Urad,23
Maharashtra,PUNE,Wheat,23
Maharashtra,PUNE,other oilseeds,3
Maharashtra,RAIGAD,Arhar/Tur,23
Maharashtra,RAIGAD,Banana,1
Maharashtra,RAIGAD,Gram,18
Maharashtra,RAIGAD,Groundnut,37
Maharashtra,RAIGAD,Maize,5
Maharashtra,RAIGAD,Moong(Green Gram),20
Maharashtra,RAIGAD,Niger seed,17
Maharashtra,RAIGAD,Other  Rabi pulses,23
Maharashtra,RAIGAD,Other Cereals,7
Maharashtra,RAIGAD,Other Kharif pulses,17
Maharashtra,RAIGAD,Ragi,23
Maharashtra,RAIGAD,Rapeseed &Mustard,11
Maharashtra,RAIGAD,Rice,46
Maharashtra,RAIGAD,Sesamum,24
Maharashtra,RAIGAD,Small millets,27
Maharashtra,RAIGAD,Urad,20
Maharashtra,RAIGAD,Wheat,1
Maharashtra,RAIGAD,other oilseeds,2
Maharashtra,RATNAGIRI,Arhar/Tur,20
Maharashtra,RATNAGIRI,Banana,1
Maharashtra,RATNAGIRI,Castor seed,3
Maharashtra,RATNAGIRI,Gram,3
Maharashtra,RATNAGIRI,Groundnut,34
Maharashtra,RATNAGIRI,Maize,12
Maharashtra,RATNAGIRI,Moong(Green Gram),17
Maharashtra,RATNAGIRI,Niger seed,17
Maharashtra,RATNAGIRI,Other  Rabi pulses,23
Maharashtra,RATNAGIRI,Other Cereals,9
Maharashtra,RATNAGIRI,Other Kharif pulses,21
Maharashtra,RATNAGIRI,Ragi,23
Maharashtra,RATNAGIRI,Rapeseed &Mustard,13
Maharashtra,RATNAGIRI,Rice,43
Maharashtra,RATNAGIRI,Safflower,1
Maharashtra,RATNAGIRI,Sesamum,19
Maharashtra,RATNAGIRI,Small millets,26
Maharashtra,RATNAGIRI,Sugarcane,2
Maharashtra,RATNAGIRI,Sunflower,2
Maharashtra,RATNAGIRI,Urad,19
Maharashtra,RATNAGIRI,other oilseeds,2
Maharashtra,SANGLI,Arhar/Tur,23
Maharashtra,SANGLI,Bajra,23
Maharashtra,SANGLI,Banana,1
Maharashtra,SANGLI,Castor seed,8
Maharashtra,SANGLI,Cotton(lint),23
Maharashtra,SANGLI,Gram,23
Maharashtra,SANGLI,Groundnut,44
Maharashtra,SANGLI,Jowar,46
Maharashtra,SANGLI,Linseed,2
Maharashtra,SANGLI,Maize,66
Maharashtra,SANGLI,Moong(Green Gram),23
Maharashtra,SANGLI,Niger seed,16
Maharashtra,SANGLI,Onion,1
Maharashtra,SANGLI,Other  Rabi pulses,18
Maharashtra,SANGLI,Other Cereals,11
Maharashtra,SANGLI,Other Kharif pulses,22
Maharashtra,SANGLI,Ragi,15
Maharashtra,SANGLI,Rapeseed &Mustard,16
Maharashtra,SANGLI,Rice,23
Maharashtra,SANGLI,Safflower,22
Maharashtra,SANGLI,Sesamum,19
Maharashtra,SANGLI,Small millets,25
Maharashtra,SANGLI,Soyabean,22
Maharashtra,SANGLI,Sugarcane,22
Maharashtra,SANGLI,Sunflower,55
Maharashtra,SANGLI,Tobacco,1
Maharashtra,SANGLI,Urad,23
Maharashtra,SANGLI,Wheat,23
Maharashtra,SANGLI,other oilseeds,1
Maharashtra,SATARA,Arhar/Tur,23
Maharashtra,SATARA,Bajra,23
Maharashtra,SATARA,Banana,1
Maharashtra,SATARA,Castor seed,7
Maharashtra,SATARA,Cotton(lint),23
Maharashtra,SATARA,Gram,23
Maharashtra,SATARA,Groundnut,44
Maharashtra,SATARA,Jowar,46
Maharashtra,SATARA,Linseed,9
Maharashtra,SATARA,Maize,67
Maharashtra,SATARA,Moong(Green Gram),23
Maharashtra,SATARA,Niger seed,22
Maharashtra,SATARA,Onion,1
Maharashtra,SATARA,Other  Rabi pulses,23
Maharashtra,SATARA,Other Cereals,12
Maharashtra,SATARA,Other Kharif pulses,22
Maharashtra,SATARA,Ragi,23
Maharashtra,SATARA,Rapeseed &Mustard,18
Maharashtra,SATARA,Rice,23
Maharashtra,SATARA,Safflower,22
Maharashtra,SATARA,Sesamum,29
Maharashtra,SATARA,Small millets,32
Maharashtra,SATARA,Soyabean,22
Maharashtra,SATARA,Sugarcane,22
Maharashtra,SATARA,Sunflower,51
Maharashtra,SATARA,Urad,23
Maharashtra,SATARA,Wheat,23
Maharashtra,SATARA,other oilseeds,3
Maharashtra,SINDHUDURG,Arhar/Tur,2
Maharashtra,SINDHUDURG,Banana,1
Maharashtra,SINDHUDURG,Castor seed,2
Maharashtra,SINDHUDURG,Groundnut,44
Maharashtra,SINDHUDURG,Maize,17
Maharashtra,SINDHUDURG,Moong(Green Gram),15
Maharashtra,SINDHUDURG,Niger seed,13
Maharashtra,SINDHUDURG,Other  Rabi pulses,23
Maharashtra,SINDHUDURG,Other Cereals,10
Maharashtra,SINDHUDURG,Other Kharif pulses,22
Maharashtra,SINDHUDURG,Ragi,23
Maharashtra,SINDHUDURG,Rapeseed &Mustard,8
Maharashtra,SINDHUDURG,Rice,46
Maharashtra,SINDHUDURG,Sesamum,19
Maharashtra,SINDHUDURG,Small millets,27
Maharashtra,SINDHUDURG,Sugarcane,4
Maharashtra,SINDHUDURG,Sunflower,2
Maharashtra,SINDHUDURG,Urad,23
Maharashtra,SINDHUDURG,other oilseeds,2
Maharashtra,SOLAPUR,Arhar/Tur,23
Maharashtra,SOLAPUR,Bajra,23
Maharashtra,SOLAPUR,Banana,1
Maharashtra,SOLAPUR,Castor seed,13
Maharashtra,SOLAPUR,Cotton(lint),23
Maharashtra,SOLAPUR,Gram,23
Maharashtra,SOLAPUR,Groundnut,44
Maharashtra,SOLAPUR,Jowar,44
Maharashtra,SOLAPUR,Linseed,20
Maharashtra,SOLAPUR,Maize,67
Maharashtra,SOLAPUR,Moong(Green Gram),23
Maharashtra,SOLAPUR,Niger seed,17
Maharashtra,SOLAPUR,Onion,1
Maharashtra,SOLAPUR,Other  Rabi pulses,18
Maharashtra,SOLAPUR,Other Cereals,16
Maharashtra,SOLAPUR,Other Kharif pulses,21
Maharashtra,SOLAPUR,Other Summer Pulses,3
Maharashtra,SOLAPUR,Ragi,2
Maharashtra,SOLAPUR,Rapeseed &Mustard,7
Maharashtra,SOLAPUR,Rice,22
Maharashtra,SOLAPUR,Safflower,22
Maharashtra,SOLAPUR,Sesamum,28
Maharashtra,SOLAPUR,Small millets,28
Maharashtra,SOLAPUR,Soyabean,22
Maharashtra,SOLAPUR,Sugarcane,23
Maharashtra,SOLAPUR,Sunflower,62
Maharashtra,SOLAPUR,Urad,23
Maharashtra,SOLAPUR,Wheat,23
Maharashtra,SOLAPUR,other oilseeds,5
Maharashtra,THANE,Arhar/Tur,20
Maharashtra,THANE,Banana,1
Maharashtra,THANE,Gram,23
Maharashtra,THANE,Groundnut,30
Maharashtra,THANE,Maize,13
Maharashtra,THANE,Moong(Green Gram),16
Maharashtra,THANE,Niger seed,18
Maharashtra,THANE,Other  Rabi pulses,23
Maharashtra,THANE,Other Cereals,8
Maharashtra,THANE,Other Kharif pulses,20
Maharashtra,THANE,Ragi,23
Maharashtra,THANE,Rapeseed &Mustard,16
Maharashtra,THANE,Rice,46
Maharashtra,THANE,Sesamum,33
Maharashtra,THANE,Small millets,29
Maharashtra,THANE,Sunflower,3
Maharashtra,THANE,Urad,23
Maharashtra,THANE,Wheat,16
Maharashtra,THANE,other oilseeds,2
Maharashtra,WARDHA,Arhar/Tur,23
Maharashtra,WARDHA,Bajra,3
Maharashtra,WARDHA,Banana,1
Maharashtra,WARDHA,Castor seed,7
Maharashtra,WARDHA,Cotton(lint),23
Maharashtra,WARDHA,Gram,23
Maharashtra,WARDHA,Groundnut,44
Maharashtra,WARDHA,Jowar,46
Maharashtra,WARDHA,Linseed,11
Maharashtra,WARDHA,Maize,19
Maharashtra,WARDHA,Moong(Green Gram),22
Maharashtra,WARDHA,Onion,1
Maharashtra,WARDHA,Other  Rabi pulses,13
Maharashtra,WARDHA,Other Cereals,2
Maharashtra,WARDHA,Other Kharif pulses,13
Maharashtra,WARDHA,Rapeseed &Mustard,11
Maharashtra,WARDHA,Rice,11
Maharashtra,WARDHA,Safflower,3
Maharashtra,WARDHA,Sesamum,21
Maharashtra,WARDHA,Small millets,7
Maharashtra,WARDHA,Soyabean,22
Maharashtra,WARDHA,Sugarcane,22
Maharashtra,WARDHA,Sunflower,12
Maharashtra,WARDHA,Urad,23
Maharashtra,WARDHA,Wheat,23
Maharashtra,WARDHA,other oilseeds,3
Maharashtra,WASHIM,Arhar/Tur,21
Maharashtra,WASHIM,Bajra,20
Maharashtra,WASHIM,Banana,1
Maharashtra,WASHIM,Castor seed,9
Maharashtra,WASHIM,Cotton(lint),21
Maharashtra,WASHIM,Gram,21
Maharashtra,WASHIM,Groundnut,27
Maharashtra,WASHIM,Jowar,42
Maharashtra,WASHIM,Maize,27
Maharashtra,WASHIM,Moong(Green Gram),22
Maharashtra,WASHIM,Niger seed,3
Maharashtra,WASHIM,Onion,1
Maharashtra,WASHIM,Other  Rabi pulses,2
Maharashtra,WASHIM,Other Cereals,5
Maharashtra,WASHIM,Other Kharif pulses,18
Maharashtra,WASHIM,Other Summer Pulses,4
Maharashtra,WASHIM,Rapeseed &Mustard,3
Maharashtra,WASHIM,Rice,12
Maharashtra,WASHIM,Safflower,21
Maharashtra,WASHIM,Sesamum,24
Maharashtra,WASHIM,Small millets,14
Maharashtra,WASHIM,Soyabean,21
Maharashtra,WASHIM,Sugarcane,18
Maharashtra,WASHIM,Sunflower,25
Maharashtra,WASHIM,Urad,21
Maharashtra,WASHIM,Wheat,21
Maharashtra,WASHIM,other oilseeds,6
Maharashtra,YAVATMAL,Arhar/Tur,23
Maharashtra,YAVATMAL,Bajra,22
Maharashtra,YAVATMAL,Banana,1
Maharashtra,YAVATMAL,Castor seed,10
Maharashtra,YAVATMAL,Cotton(lint),23
Maharashtra,YAVATMAL,Gram,23
Maharashtra,YAVATMAL,Groundnut,36
Maharashtra,YAVATMAL,Jowar,37
Maharashtra,YAVATMAL,Linseed,8
Maharashtra,YAVATMAL,Maize,30
Maharashtra,YAVATMAL,Moong(Green Gram),23
Maharashtra,YAVATMAL,Niger seed,2
Maharashtra,YAVATMAL,Onion,1
Maharashtra,YAVATMAL,Other  Rabi pulses,13
Maharashtra,YAVATMAL,Other Cereals,1
Maharashtra,YAVATMAL,Other Kharif pulses,8
Maharashtra,YAVATMAL,Other Summer Pulses,4
Maharashtra,YAVATMAL,Rapeseed &Mustard,9
Maharashtra,YAVATMAL,Rice,15
Maharashtra,YAVATMAL,Safflower,17
Maharashtra,YAVATMAL,Sesamum,33
Maharashtra,YAVATMAL,Small millets,6
Maharashtra,YAVATMAL,Soyabean,22
Maharashtra,YAVATMAL,Sugarcane,22
Maharashtra,YAVATMAL,Sunflower,23
Maharashtra,YAVATMAL,Urad,23
Maharashtra,YAVATMAL,Wheat,23
Maharashtra,YAVATMAL,other oilseeds,2
Manipur,BISHNUPUR,Arhar/Tur,11
Manipur,BISHNUPUR,Banana,20
Manipur,BISHNUPUR,Cowpea(Lobia),11
Manipur,BISHNUPUR,Dry chillies,23
Manipur,BISHNUPUR,Ginger,17
Manipur,BISHNUPUR,Gram,11
Manipur,BISHNUPUR,Groundnut,11
Manipur,BISHNUPUR,Jute,3
Manipur,BISHNUPUR,Maize,22
Manipur,BISHNUPUR,Masoor,11
Manipur,BISHNUPUR,Moong(Green Gram),11
Manipur,BISHNUPUR,Onion,14
Manipur,BISHNUPUR,Other  Rabi pulses,11
Manipur,BISHNUPUR,Other Kharif pulses,19
Manipur,BISHNUPUR,Peas & beans (Pulses),23
Manipur,BISHNUPUR,Potato,20
Manipur,BISHNUPUR,Rapeseed &Mustard,17
Manipur,BISHNUPUR,Rice,23
Manipur,BISHNUPUR,Soyabean,12
Manipur,BISHNUPUR,Sugarcane,22
Manipur,BISHNUPUR,Sweet potato,1
Manipur,BISHNUPUR,Tapioca,2
Manipur,BISHNUPUR,Turmeric,20
Manipur,BISHNUPUR,Urad,11
Manipur,BISHNUPUR,Wheat,11
Manipur,CHANDEL,Arhar/Tur,10
Manipur,CHANDEL,Banana,25
Manipur,CHANDEL,Cashewnut,3
Manipur,CHANDEL,Cowpea(Lobia),10
Manipur,CHANDEL,Dry chillies,20
Manipur,CHANDEL,Ginger,22
Manipur,CHANDEL,Gram,11
Manipur,CHANDEL,Groundnut,11
Manipur,CHANDEL,Maize,33
Manipur,CHANDEL,Masoor,11
Manipur,CHANDEL,Moong(Green Gram),11
Manipur,CHANDEL,Onion,3
Manipur,CHANDEL,Other  Rabi pulses,11
Manipur,CHANDEL,Other Kharif pulses,16
Manipur,CHANDEL,Peas & beans (Pulses),23
Manipur,CHANDEL,Potato,21
Manipur,CHANDEL,Rapeseed &Mustard,17
Manipur,CHANDEL,Rice,23
Manipur,CHANDEL,Sesamum,10
Manipur,CHANDEL,Soyabean,19
Manipur,CHANDEL,Sugarcane,17
Manipur,CHANDEL,Sweet potato,2
Manipur,CHANDEL,Tapioca,3
Manipur,CHANDEL,Turmeric,15
Manipur,CHANDEL,Urad,11
Manipur,CHANDEL,Wheat,1
Manipur,CHURACHANDPUR,Arhar/Tur,11
Manipur,CHURACHANDPUR,Banana,24
Manipur,CHURACHANDPUR,Cotton(lint),7
Manipur,CHURACHANDPUR,Cowpea(Lobia),11
Manipur,CHURACHANDPUR,Dry chillies,22
Manipur,CHURACHANDPUR,Ginger,23
Manipur,CHURACHANDPUR,Gram,11
Manipur,CHURACHANDPUR,Groundnut,11
Manipur,CHURACHANDPUR,Maize,32
Manipur,CHURACHANDPUR,Masoor,11
Manipur,CHURACHANDPUR,Moong(Green Gram),11
Manipur,CHURACHANDPUR,Onion,2
Manipur,CHURACHANDPUR,Other  Rabi pulses,11
Manipur,CHURACHANDPUR,Other Kharif pulses,16
Manipur,CHURACHANDPUR,Peas & beans (Pulses),21
Manipur,CHURACHANDPUR,Potato,15
Manipur,CHURACHANDPUR,Rapeseed &Mustard,12
Manipur,CHURACHANDPUR,Rice,23
Manipur,CHURACHANDPUR,Sesamum,7
Manipur,CHURACHANDPUR,Soyabean,13
Manipur,CHURACHANDPUR,Sugarcane,20
Manipur,CHURACHANDPUR,Sweet potato,2
Manipur,CHURACHANDPUR,Tapioca,2
Manipur,CHURACHANDPUR,Turmeric,15
Manipur,CHURACHANDPUR,Urad,11
Manipur,CHURACHANDPUR,Wheat,11
Manipur,IMPHAL EAST,Arhar/Tur,11
Manipur,IMPHAL EAST,Banana,24
Manipur,IMPHAL EAST,Cashewnut,6
Manipur,IMPHAL EAST,Cowpea(Lobia),11
Manipur,IMPHAL EAST,Dry chillies,22
Manipur,IMPHAL EAST,Ginger,13
Manipur,IMPHAL EAST,Gram,11
Manipur,IMPHAL EAST,Groundnut,11
Manipur,IMPHAL EAST,Maize,22
Manipur,IMPHAL EAST,Masoor,11
Manipur,IMPHAL EAST,Moong(Green Gram),11
Manipur,IMPHAL EAST,Onion,9
Manipur,IMPHAL EAST,Other  Rabi pulses,11
Manipur,IMPHAL EAST,Other Kharif pulses,19
Manipur,IMPHAL EAST,Peas & beans (Pulses),23
Manipur,IMPHAL EAST,Potato,21
Manipur,IMPHAL EAST,Rapeseed &Mustard,11
Manipur,IMPHAL EAST,Rice,23
Manipur,IMPHAL EAST,Soyabean,12
Manipur,IMPHAL EAST,Sugarcane,14
Manipur,IMPHAL EAST,Sweet potato,1
Manipur,IMPHAL EAST,Tapioca,1
Manipur,IMPHAL EAST,Turmeric,13
Manipur,IMPHAL EAST,Urad,11
Manipur,IMPHAL EAST,Wheat,11
Manipur,IMPHAL WEST,Arhar/Tur,11
Manipur,IMPHAL WEST,Banana,20
Manipur,IMPHAL WEST,Cotton(lint),1
Manipur,IMPHAL WEST,Cowpea(Lobia),11
Manipur,IMPHAL WEST,Dry chillies,23
Manipur,IMPHAL WEST,Ginger,11
Manipur,IMPHAL WEST,Gram,11
Manipur,IMPHAL WEST,Groundnut,11
Manipur,IMPHAL WEST,Maize,22
Manipur,IMPHAL WEST,Masoor,11
Manipur,IMPHAL WEST,Moong(Green Gram),11
Manipur,IMPHAL WEST,Onion,11
Manipur,IMPHAL WEST,Other  Rabi pulses,11
Manipur,IMPHAL WEST,Other Kharif pulses,18
Manipur,IMPHAL WEST,Peas & beans (Pulses),24
Manipur,IMPHAL WEST,Potato,20
Manipur,IMPHAL WEST,Rapeseed &Mustard,13
Manipur,IMPHAL WEST,Rice,23
Manipur,IMPHAL WEST,Soyabean,13
Manipur,IMPHAL WEST,Sugarcane,14
Manipur,IMPHAL WEST,Sweet potato,2
Manipur,IMPHAL WEST,Tapioca,2
Manipur,IMPHAL WEST,Turmeric,15
Manipur,IMPHAL WEST,Urad,11
Manipur,IMPHAL WEST,Wheat,11
Manipur,SENAPATI,Arhar/Tur,12
Manipur,SENAPATI,Banana,24
Manipur,SENAPATI,Cowpea(Lobia),11
Manipur,SENAPATI,Dry chillies,19
Manipur,SENAPATI,Ginger,23
Manipur,SENAPATI,Gram,11
Manipur,SENAPATI,Groundnut,11
Manipur,SENAPATI,Maize,33
Manipur,SENAPATI,Masoor,11
Manipur,SENAPATI,Moong(Green Gram),11
Manipur,SENAPATI,Onion,12
Manipur,SENAPATI,Other  Rabi pulses,11
Manipur,SENAPATI,Other Kharif pulses,19
Manipur,SENAPATI,Peas & beans (Pulses),22
Manipur,SENAPATI,Potato,21
Manipur,SENAPATI,Rapeseed &Mustard,16
Manipur,SENAPATI,Rice,23
Manipur,SENAPATI,Sesamum,3
Manipur,SENAPATI,Soyabean,17
Manipur,SENAPATI,Sugarcane,11
Manipur,SENAPATI,Sweet potato,7
Manipur,SENAPATI,Tapioca,3
Manipur,SENAPATI,Turmeric,16
Manipur,SENAPATI,Urad,11
Manipur,SENAPATI,Wheat,11
Manipur,TAMENGLONG,Arhar/Tur,11
Manipur,TAMENGLONG,Banana,24
Manipur,TAMENGLONG,Cowpea(Lobia),11
Manipur,TAMENGLONG,Dry chillies,19
Manipur,TAMENGLONG,Ginger,22
Manipur,TAMENGLONG,Gram,11
Manipur,TAMENGLONG,Groundnut,11
Manipur,TAMENGLONG,Maize,24
Manipur,TAMENGLONG,Masoor,11
Manipur,TAMENGLONG,Moong(Green Gram),11
Manipur,TAMENGLONG,Other  Rabi pulses,11
Manipur,TAMENGLONG,Other Kharif pulses,16
Manipur,TAMENGLONG,Peas & beans (Pulses),21
Manipur,TAMENGLONG,Potato,18
Manipur,TAMENGLONG,Rapeseed &Mustard,11
Manipur,TAMENGLONG,Rice,22
Manipur,TAMENGLONG,Sesamum,4
Manipur,TAMENGLONG,Soyabean,15
Manipur,TAMENGLONG,Sugarcane,14
Manipur,TAMENGLONG,Sweet potato,1
Manipur,TAMENGLONG,Tapioca,2
Manipur,TAMENGLONG,Turmeric,11
Manipur,TAMENGLONG,Urad,11
Manipur,TAMENGLONG,Wheat,1
Manipur,THOUBAL,Arhar/Tur,11
Manipur,THOUBAL,Banana,15
Manipur,THOUBAL,Cowpea(Lobia),11
Manipur,THOUBAL,Dry chillies,24
Manipur,THOUBAL,Ginger,21
Manipur,THOUBAL,Gram,11
Manipur,THOUBAL,Groundnut,11
Manipur,THOUBAL,Maize,22
Manipur,THOUBAL,Masoor,11
Manipur,THOUBAL,Moong(Green Gram),11
Manipur,THOUBAL,Onion,10
Manipur,THOUBAL,Other  Rabi pulses,11
Manipur,THOUBAL,Other Kharif pulses,18
Manipur,THOUBAL,Peas & beans (Pulses),25
Manipur,THOUBAL,Potato,21
Manipur,THOUBAL,Rapeseed &Mustard,13
Manipur,THOUBAL,Rice,23
Manipur,THOUBAL,Soyabean,12
Manipur,THOUBAL,Sugarcane,15
Manipur,THOUBAL,Sweet potato,2
Manipur,THOUBAL,Tapioca,1
Manipur,THOUBAL,Turmeric,16
Manipur,THOUBAL,Urad,11
Manipur,THOUBAL,Wheat,11
Manipur,UKHRUL,Arhar/Tur,11
Manipur,UKHRUL,Banana,24
Manipur,UKHRUL,Cashewnut,2
Manipur,UKHRUL,Cowpea(Lobia),11
Manipur,UKHRUL,Dry chillies,21
Manipur,UKHRUL,Ginger,23
Manipur,UKHRUL,Gram,11
Manipur,UKHRUL,Groundnut,11
Manipur,UKHRUL,Maize,32
Manipur,UKHRUL,Masoor,11
Manipur,UKHRUL,Moong(Green Gram),11
Manipur,UKHRUL,Onion,3
Manipur,UKHRUL,Other  Rabi pulses,11
Manipur,UKHRUL,Other Kharif pulses,16
Manipur,UKHRUL,Peas & beans (Pulses),18
Manipur,UKHRUL,Potato,21
Manipur,UKHRUL,Rapeseed &Mustard,11
Manipur,UKHRUL,Rice,23
Manipur,UKHRUL,Sesamum,3
Manipur,UKHRUL,Soyabean,17
Manipur,UKHRUL,Sugarcane,11
Manipur,UKHRUL,Sweet potato,2
Manipur,UKHRUL,Tapioca,2
Manipur,UKHRUL,Turmeric,20
Manipur,UKHRUL,Urad,11
Manipur,UKHRUL,Wheat,1
Meghalaya,EAST GARO HILLS,Arecanut,21
Meghalaya,EAST GARO HILLS,Arhar/Tur,22
Meghalaya,EAST GARO HILLS,Banana,21
Meghalaya,EAST GARO HILLS,Black pepper,13
Meghalaya,EAST GARO HILLS,Cashewnut,12
Meghalaya,EAST GARO HILLS,Castor seed,22
Meghalaya,EAST GARO HILLS,Coriander,4
Meghalaya,EAST GARO HILLS,Cotton(lint),23
Meghalaya,EAST GARO HILLS,Cowpea(Lobia),7
Meghalaya,EAST GARO HILLS,Dry chillies,21
Meghalaya,EAST GARO HILLS,Garlic,1
Meghalaya,EAST GARO HILLS,Ginger,22
Meghalaya,EAST GARO HILLS,Gram,23
Meghalaya,EAST GARO HILLS,Jute,23
Meghalaya,EAST GARO HILLS,Maize,23
Meghalaya,EAST GARO HILLS,Masoor,10
Meghalaya,EAST GARO HILLS,Mesta,23
Meghalaya,EAST GARO HILLS,Onion,6
Meghalaya,EAST GARO HILLS,Other  Rabi pulses,13
Meghalaya,EAST GARO HILLS,Peas & beans (Pulses),11
Meghalaya,EAST GARO HILLS,Potato,28
Meghalaya,EAST GARO HILLS,Rapeseed &Mustard,23
Meghalaya,EAST GARO HILLS,Rice,57
Meghalaya,EAST GARO HILLS,Sesamum,23
Meghalaya,EAST GARO HILLS,Small millets,22
Meghalaya,EAST GARO HILLS,Soyabean,20
Meghalaya,EAST GARO HILLS,Sugarcane,23
Meghalaya,EAST GARO HILLS,Sweet potato,23
Meghalaya,EAST GARO HILLS,Tapioca,22
Meghalaya,EAST GARO HILLS,Tobacco,23
Meghalaya,EAST GARO HILLS,Turmeric,21
Meghalaya,EAST GARO HILLS,Wheat,22
Meghalaya,EAST JAINTIA HILLS,Arecanut,21
Meghalaya,EAST JAINTIA HILLS,Banana,21
Meghalaya,EAST JAINTIA HILLS,Black pepper,13
Meghalaya,EAST JAINTIA HILLS,Coriander,4
Meghalaya,EAST JAINTIA HILLS,Cowpea(Lobia),7
Meghalaya,EAST JAINTIA HILLS,Dry chillies,21
Meghalaya,EAST JAINTIA HILLS,Garlic,1
Meghalaya,EAST JAINTIA HILLS,Ginger,22
Meghalaya,EAST JAINTIA HILLS,Maize,23
Meghalaya,EAST JAINTIA HILLS,Mesta,2
Meghalaya,EAST JAINTIA HILLS,Other  Rabi pulses,13
Meghalaya,EAST JAINTIA HILLS,Peas & beans (Pulses),11
Meghalaya,EAST JAINTIA HILLS,Potato,28
Meghalaya,EAST JAINTIA HILLS,Rapeseed &Mustard,23
Meghalaya,EAST JAINTIA HILLS,Rice,57
Meghalaya,EAST JAINTIA HILLS,Sesamum,23
Meghalaya,EAST JAINTIA HILLS,Small millets,15
Meghalaya,EAST JAINTIA HILLS,Soyabean,20
Meghalaya,EAST JAINTIA HILLS,Sugarcane,23
Meghalaya,EAST JAINTIA HILLS,Sweet potato,23
Meghalaya,EAST JAINTIA HILLS,Tapioca,22
Meghalaya,EAST JAINTIA HILLS,Tobacco,10
Meghalaya,EAST JAINTIA HILLS,Turmeric,21
Meghalaya,EAST KHASI HILLS,Arecanut,21
Meghalaya,EAST KHASI HILLS,Banana,21
Meghalaya,EAST KHASI HILLS,Black pepper,13
Meghalaya,EAST KHASI HILLS,Coriander,3
Meghalaya,EAST KHASI HILLS,Cowpea(Lobia),7
Meghalaya,EAST KHASI HILLS,Dry chillies,21
Meghalaya,EAST KHASI HILLS,Garlic,1
Meghalaya,EAST KHASI HILLS,Ginger,22
Meghalaya,EAST KHASI HILLS,Maize,23
Meghalaya,EAST KHASI HILLS,Masoor,10
Meghalaya,EAST KHASI HILLS,Mesta,2
Meghalaya,EAST KHASI HILLS,Onion,6
Meghalaya,EAST KHASI HILLS,Other  Rabi pulses,13
Meghalaya,EAST KHASI HILLS,Peas & beans (Pulses),11
Meghalaya,EAST KHASI HILLS,Potato,28
Meghalaya,EAST KHASI HILLS,Rapeseed &Mustard,23
Meghalaya,EAST KHASI HILLS,Rice,57
Meghalaya,EAST KHASI HILLS,Sesamum,23
Meghalaya,EAST KHASI HILLS,Small millets,22
Meghalaya,EAST KHASI HILLS,Soyabean,20
Meghalaya,EAST KHASI HILLS,Sweet potato,23
Meghalaya,EAST KHASI HILLS,Tapioca,22
Meghalaya,EAST KHASI HILLS,Turmeric,21
Meghalaya,NORTH GARO HILLS,Arecanut,7
Meghalaya,NORTH GARO HILLS,Arhar/Tur,7
Meghalaya,NORTH GARO HILLS,Banana,7
Meghalaya,NORTH GARO HILLS,Black pepper,7
Meghalaya,NORTH GARO HILLS,Cashewnut,7
Meghalaya,NORTH GARO HILLS,Castor seed,7
Meghalaya,NORTH GARO HILLS,Coriander,3
Meghalaya,NORTH GARO HILLS,Cotton(lint),7
Meghalaya,NORTH GARO HILLS,Cowpea(Lobia),7
Meghalaya,NORTH GARO HILLS,Dry chillies,7
Meghalaya,NORTH GARO HILLS,Ginger,7
Meghalaya,NORTH GARO HILLS,Gram,7
Meghalaya,NORTH GARO HILLS,Jute,7
Meghalaya,NORTH GARO HILLS,Maize,7
Meghalaya,NORTH GARO HILLS,Masoor,7
Meghalaya,NORTH GARO HILLS,Mesta,7
Meghalaya,NORTH GARO HILLS,Onion,6
Meghalaya,NORTH GARO HILLS,Peas & beans (Pulses),7
Meghalaya,NORTH GARO HILLS,Potato,13
Meghalaya,NORTH GARO HILLS,Rapeseed &Mustard,7
Meghalaya,NORTH GARO HILLS,Rice,19
Meghalaya,NORTH GARO HILLS,Sesamum,7
Meghalaya,NORTH GARO HILLS,Small millets,7
Meghalaya,NORTH GARO HILLS,Soyabean,7
Meghalaya,NORTH GARO HILLS,Sugarcane,7
Meghalaya,NORTH GARO HILLS,Sweet potato,7
Meghalaya,NORTH GARO HILLS,Tapioca,7
Meghalaya,NORTH GARO HILLS,Tobacco,7
Meghalaya,NORTH GARO HILLS,Turmeric,7
Meghalaya,NORTH GARO HILLS,Wheat,7
Meghalaya,RI BHOI,Arecanut,21
Meghalaya,RI BHOI,Banana,21
Meghalaya,RI BHOI,Black pepper,13
Meghalaya,RI BHOI,Castor seed,15
Meghalaya,RI BHOI,Cowpea(Lobia),7
Meghalaya,RI BHOI,Dry chillies,21
Meghalaya,RI BHOI,Garlic,1
Meghalaya,RI BHOI,Ginger,22
Meghalaya,RI BHOI,Maize,23
Meghalaya,RI BHOI,Masoor,5
Meghalaya,RI BHOI,Mesta,2
Meghalaya,RI BHOI,Onion,6
Meghalaya,RI BHOI,Other  Rabi pulses,13
Meghalaya,RI BHOI,Peas & beans (Pulses),11
Meghalaya,RI BHOI,Potato,28
Meghalaya,RI BHOI,Rapeseed &Mustard,23
Meghalaya,RI BHOI,Rice,57
Meghalaya,RI BHOI,Sesamum,12
Meghalaya,RI BHOI,Small millets,22
Meghalaya,RI BHOI,Soyabean,20
Meghalaya,RI BHOI,Sweet potato,23
Meghalaya,RI BHOI,Tapioca,22
Meghalaya,RI BHOI,Turmeric,21
Meghalaya,RI BHOI,Wheat,4
Meghalaya,SOUTH GARO HILLS,Arecanut,21
Meghalaya,SOUTH GARO HILLS,Arhar/Tur,22
Meghalaya,SOUTH GARO HILLS,Banana,21
Meghalaya,SOUTH GARO HILLS,Black pepper,13
Meghalaya,SOUTH GARO HILLS,Cashewnut,12
Meghalaya,SOUTH GARO HILLS,Coriander,4
Meghalaya,SOUTH GARO HILLS,Cotton(lint),23
Meghalaya,SOUTH GARO HILLS,Cowpea(Lobia),7
Meghalaya,SOUTH GARO HILLS,Dry chillies,21
Meghalaya,SOUTH GARO HILLS,Garlic,1
Meghalaya,SOUTH GARO HILLS,Ginger,22
Meghalaya,SOUTH GARO HILLS,Gram,23
Meghalaya,SOUTH GARO HILLS,Jute,23
Meghalaya,SOUTH GARO HILLS,Maize,23
Meghalaya,SOUTH GARO HILLS,Masoor,10
Meghalaya,SOUTH GARO HILLS,Mesta,23
Meghalaya,SOUTH GARO HILLS,Onion,6
Meghalaya,SOUTH GARO HILLS,Other  Rabi pulses,13
Meghalaya,SOUTH GARO HILLS,Peas & beans (Pulses),11
Meghalaya,SOUTH GARO HILLS,Potato,28
Meghalaya,SOUTH GARO HILLS,Rapeseed &Mustard,23
Meghalaya,SOUTH GARO HILLS,Rice,57
Meghalaya,SOUTH GARO HILLS,Sesamum,23
Meghalaya,SOUTH GARO HILLS,Small millets,22
Meghalaya,SOUTH GARO HILLS,Soyabean,20
Meghalaya,SOUTH GARO HILLS,Sugarcane,23
Meghalaya,SOUTH GARO HILLS,Sweet potato,23
Meghalaya,SOUTH GARO HILLS,Tapioca,22
Meghalaya,SOUTH GARO HILLS,Tobacco,23
Meghalaya,SOUTH GARO HILLS,Turmeric,21
Meghalaya,SOUTH WEST GARO HILLS,Arecanut,7
Meghalaya,SOUTH WEST GARO HILLS,Arhar/Tur,7
Meghalaya,SOUTH WEST GARO HILLS,Banana,7
Meghalaya,SOUTH WEST GARO HILLS,Black pepper,7
Meghalaya,SOUTH WEST GARO HILLS,Cashewnut,7
Meghalaya,SOUTH WEST GARO HILLS,Castor seed,7
Meghalaya,SOUTH WEST GARO HILLS,Coriander,3
Meghalaya,SOUTH WEST GARO HILLS,Cotton(lint),7
Meghalaya,SOUTH WEST GARO HILLS,Cowpea(Lobia),7
Meghalaya,SOUTH WEST GARO HILLS,Dry chillies,7
Meghalaya,SOUTH WEST GARO HILLS,Ginger,7
Meghalaya,SOUTH WEST GARO HILLS,Gram,7
Meghalaya,SOUTH WEST GARO HILLS,Jute,7
Meghalaya,SOUTH WEST GARO HILLS,Linseed,7
Meghalaya,SOUTH WEST GARO HILLS,Maize,7
Meghalaya,SOUTH WEST GARO HILLS,Masoor,7
Meghalaya,SOUTH WEST GARO HILLS,Mesta,7
Meghalaya,SOUTH WEST GARO HILLS,Onion,6
Meghalaya,SOUTH WEST GARO HILLS,Peas & beans (Pulses),7
Meghalaya,SOUTH WEST GARO HILLS,Potato,13
Meghalaya,SOUTH WEST GARO HILLS,Rapeseed &Mustard,7
Meghalaya,SOUTH WEST GARO HILLS,Rice,19
Meghalaya,SOUTH WEST GARO HILLS,Sesamum,7
Meghalaya,SOUTH WEST GARO HILLS,Small millets,7
Meghalaya,SOUTH WEST GARO HILLS,Soyabean,7
Meghalaya,SOUTH WEST GARO HILLS,Sugarcane,7
Meghalaya,SOUTH WEST GARO HILLS,Sweet potato,7
Meghalaya,SOUTH WEST GARO HILLS,Tapioca,7
Meghalaya,SOUTH WEST GARO HILLS,Tobacco,7
Meghalaya,SOUTH WEST GARO HILLS,Turmeric,7
Meghalaya,SOUTH WEST GARO HILLS,Wheat,7
Meghalaya,SOUTH WEST KHASI HILLS,Arecanut,7
Meghalaya,SOUTH WEST KHASI HILLS,Banana,7
Meghalaya,SOUTH WEST KHASI HILLS,Black pepper,7
Meghalaya,SOUTH WEST KHASI HILLS,Coriander,3
Meghalaya,SOUTH WEST KHASI HILLS,Cowpea(Lobia),7
Meghalaya,SOUTH WEST KHASI HILLS,Dry chillies,7
Meghalaya,SOUTH WEST KHASI HILLS,Ginger,7
Meghalaya,SOUTH WEST KHASI HILLS,Maize,7
Meghalaya,SOUTH WEST KHASI HILLS,Onion,6
Meghalaya,SOUTH WEST KHASI HILLS,Peas & beans (Pulses),7
Meghalaya,SOUTH WEST KHASI HILLS,Potato,13
Meghalaya,SOUTH WEST KHASI HILLS,Rapeseed &Mustard,7
Meghalaya,SOUTH WEST KHASI HILLS,Rice,19
Meghalaya,SOUTH WEST KHASI HILLS,Sesamum,7
Meghalaya,SOUTH WEST KHASI HILLS,Small millets,7
Meghalaya,SOUTH WEST KHASI HILLS,Soyabean,7
Meghalaya,SOUTH WEST KHASI HILLS,Sweet potato,7
Meghalaya,SOUTH WEST KHASI HILLS,Tapioca,7
Meghalaya,SOUTH WEST KHASI HILLS,Turmeric,7
Meghalaya,WEST GARO HILLS,Arecanut,21
Meghalaya,WEST GARO HILLS,Arhar/Tur,22
Meghalaya,WEST GARO HILLS,Banana,21
Meghalaya,WEST GARO HILLS,Black pepper,13
Meghalaya,WEST GARO HILLS,Cashewnut,12
Meghalaya,WEST GARO HILLS,Castor seed,22
Meghalaya,WEST GARO HILLS,Coriander,4
Meghalaya,WEST GARO HILLS,Cotton(lint),23
Meghalaya,WEST GARO HILLS,Cowpea(Lobia),7
Meghalaya,WEST GARO HILLS,Dry chillies,21
Meghalaya,WEST GARO HILLS,Garlic,1
Meghalaya,WEST GARO HILLS,Ginger,22
Meghalaya,WEST GARO HILLS,Gram,23
Meghalaya,WEST GARO HILLS,Jute,23
Meghalaya,WEST GARO HILLS,Linseed,19
Meghalaya,WEST GARO HILLS,Maize,23
Meghalaya,WEST GARO HILLS,Masoor,10
Meghalaya,WEST GARO HILLS,Mesta,23
Meghalaya,WEST GARO HILLS,Onion,6
Meghalaya,WEST GARO HILLS,Other  Rabi pulses,13
Meghalaya,WEST GARO HILLS,Peas & beans (Pulses),11
Meghalaya,WEST GARO HILLS,Potato,28
Meghalaya,WEST GARO HILLS,Rapeseed &Mustard,23
Meghalaya,WEST GARO HILLS,Rice,57
Meghalaya,WEST GARO HILLS,Sesamum,23
Meghalaya,WEST GARO HILLS,Small millets,22
Meghalaya,WEST GARO HILLS,Soyabean,20
Meghalaya,WEST GARO HILLS,Sugarcane,23
Meghalaya,WEST GARO HILLS,Sweet potato,23
Meghalaya,WEST GARO HILLS,Tapioca,22
Meghalaya,WEST GARO HILLS,Tobacco,23
Meghalaya,WEST GARO HILLS,Turmeric,21
Meghalaya,WEST GARO HILLS,Wheat,22
Meghalaya,WEST JAINTIA HILLS,Arecanut,7
Meghalaya,WEST JAINTIA HILLS,Banana,7
Meghalaya,WEST JAINTIA HILLS,Black pepper,7
Meghalaya,WEST JAINTIA HILLS,Coriander,3
Meghalaya,WEST JAINTIA HILLS,Cowpea(Lobia),7
Meghalaya,WEST JAINTIA HILLS,Dry chillies,7
Meghalaya,WEST JAINTIA HILLS,Ginger,7
Meghalaya,WEST JAINTIA HILLS,Maize,7
Meghalaya,WEST JAINTIA HILLS,Onion,6
Meghalaya,WEST JAINTIA HILLS,Peas & beans (Pulses),7
Meghalaya,WEST JAINTIA HILLS,Potato,13
Meghalaya,WEST JAINTIA HILLS,Rapeseed &Mustard,7
Meghalaya,WEST JAINTIA HILLS,Rice,19
Meghalaya,WEST JAINTIA HILLS,Sesamum,7
Meghalaya,WEST JAINTIA HILLS,Small millets,7
Meghalaya,WEST JAINTIA HILLS,Soyabean,7
Meghalaya,WEST JAINTIA HILLS,Sugarcane,7
Meghalaya,WEST JAINTIA HILLS,Sweet potato,7
Meghalaya,WEST JAINTIA HILLS,Tapioca,7
Meghalaya,WEST JAINTIA HILLS,Turmeric,7
Meghalaya,WEST KHASI HILLS,Arecanut,19
Meghalaya,WEST KHASI HILLS,Banana,21
Meghalaya,WEST KHASI HILLS,Black pepper,13
Meghalaya,WEST KHASI HILLS,Coriander,3
Meghalaya,WEST KHASI HILLS,Cowpea(Lobia),7
Meghalaya,WEST KHASI HILLS,Dry chillies,21
Meghalaya,WEST KHASI HILLS,Garlic,1
Meghalaya,WEST KHASI HILLS,Ginger,22
Meghalaya,WEST KHASI HILLS,Maize,23
Meghalaya,WEST KHASI HILLS,Mesta,2
Meghalaya,WEST KHASI HILLS,Onion,6
Meghalaya,WEST KHASI HILLS,Other  Rabi pulses,13
Meghalaya,WEST KHASI HILLS,Peas & beans (Pulses),11
Meghalaya,WEST KHASI HILLS,Potato,28
Meghalaya,WEST KHASI HILLS,Rapeseed &Mustard,23
Meghalaya,WEST KHASI HILLS,Rice,55
Meghalaya,WEST KHASI HILLS,Sesamum,23
Meghalaya,WEST KHASI HILLS,Small millets,22
Meghalaya,WEST KHASI HILLS,Soyabean,20
Meghalaya,WEST KHASI HILLS,Sugarcane,23
Meghalaya,WEST KHASI HILLS,Sweet potato,23
Meghalaya,WEST KHASI HILLS,Tapioca,22
Meghalaya,WEST KHASI HILLS,Tobacco,23
Meghalaya,WEST KHASI HILLS,Turmeric,21
Meghalaya,WEST KHASI HILLS,Wheat,16
Mizoram,AIZAWL,Arhar/Tur,5
Mizoram,AIZAWL,Coconut,1
Mizoram,AIZAWL,Cotton(lint),14
Mizoram,AIZAWL,Cowpea(Lobia),18
Mizoram,AIZAWL,Gram,1
Mizoram,AIZAWL,Groundnut,3
Mizoram,AIZAWL,Maize,43
Mizoram,AIZAWL,Masoor,2
Mizoram,AIZAWL,Moong(Green Gram),5
Mizoram,AIZAWL,Onion,3
Mizoram,AIZAWL,Other  Rabi pulses,19
Mizoram,AIZAWL,Other Kharif pulses,19
Mizoram,AIZAWL,Peas & beans (Pulses),7
Mizoram,AIZAWL,Potato,14
Mizoram,AIZAWL,Rapeseed &Mustard,14
Mizoram,AIZAWL,Rice,37
Mizoram,AIZAWL,Sesamum,18
Mizoram,AIZAWL,Soyabean,18
Mizoram,AIZAWL,Sugarcane,22
Mizoram,AIZAWL,Tapioca,11
Mizoram,AIZAWL,Tobacco,18
Mizoram,AIZAWL,Urad,4
Mizoram,AIZAWL,Wheat,3
Mizoram,AIZAWL,other oilseeds,10
Mizoram,CHAMPHAI,Arhar/Tur,16
Mizoram,CHAMPHAI,Cotton(lint),17
Mizoram,CHAMPHAI,Cowpea(Lobia),10
Mizoram,CHAMPHAI,Groundnut,2
Mizoram,CHAMPHAI,Maize,31
Mizoram,CHAMPHAI,Masoor,2
Mizoram,CHAMPHAI,Onion,3
Mizoram,CHAMPHAI,Other  Rabi pulses,18
Mizoram,CHAMPHAI,Other Kharif pulses,19
Mizoram,CHAMPHAI,Peas & beans (Pulses),3
Mizoram,CHAMPHAI,Potato,18
Mizoram,CHAMPHAI,Rapeseed &Mustard,13
Mizoram,CHAMPHAI,Rice,35
Mizoram,CHAMPHAI,Sesamum,18
Mizoram,CHAMPHAI,Soyabean,18
Mizoram,CHAMPHAI,Sugarcane,21
Mizoram,CHAMPHAI,Sunflower,1
Mizoram,CHAMPHAI,Tapioca,15
Mizoram,CHAMPHAI,Tobacco,21
Mizoram,CHAMPHAI,other oilseeds,5
Mizoram,KOLASIB,Arhar/Tur,21
Mizoram,KOLASIB,Cotton(lint),20
Mizoram,KOLASIB,Cowpea(Lobia),20
Mizoram,KOLASIB,Gram,1
Mizoram,KOLASIB,Groundnut,4
Mizoram,KOLASIB,Maize,46
Mizoram,KOLASIB,Masoor,5
Mizoram,KOLASIB,Moong(Green Gram),6
Mizoram,KOLASIB,Onion,4
Mizoram,KOLASIB,Other  Rabi pulses,19
Mizoram,KOLASIB,Other Kharif pulses,19
Mizoram,KOLASIB,Peas & beans (Pulses),5
Mizoram,KOLASIB,Potato,14
Mizoram,KOLASIB,Rapeseed &Mustard,18
Mizoram,KOLASIB,Rice,39
Mizoram,KOLASIB,Sesamum,18
Mizoram,KOLASIB,Soyabean,18
Mizoram,KOLASIB,Sugarcane,21
Mizoram,KOLASIB,Tapioca,18
Mizoram,KOLASIB,Tobacco,11
Mizoram,KOLASIB,Urad,5
Mizoram,KOLASIB,Wheat,1
Mizoram,KOLASIB,other oilseeds,10
Mizoram,LAWNGTLAI,Arhar/Tur,10
Mizoram,LAWNGTLAI,Cotton(lint),11
Mizoram,LAWNGTLAI,Cowpea(Lobia),11
Mizoram,LAWNGTLAI,Groundnut,1
Mizoram,LAWNGTLAI,Maize,23
Mizoram,LAWNGTLAI,Masoor,1
Mizoram,LAWNGTLAI,Moong(Green Gram),1
Mizoram,LAWNGTLAI,Onion,4
Mizoram,LAWNGTLAI,Other  Rabi pulses,14
Mizoram,LAWNGTLAI,Other Kharif pulses,15
Mizoram,LAWNGTLAI,Potato,18
Mizoram,LAWNGTLAI,Rapeseed &Mustard,10
Mizoram,LAWNGTLAI,Rice,37
Mizoram,LAWNGTLAI,Sesamum,12
Mizoram,LAWNGTLAI,Soyabean,12
Mizoram,LAWNGTLAI,Sugarcane,13
Mizoram,LAWNGTLAI,Sunflower,1
Mizoram,LAWNGTLAI,Tapioca,11
Mizoram,LAWNGTLAI,Tobacco,12
Mizoram,LAWNGTLAI,other oilseeds,5
Mizoram,LUNGLEI,Arhar/Tur,19
Mizoram,LUNGLEI,Coconut,1
Mizoram,LUNGLEI,Cotton(lint),19
Mizoram,LUNGLEI,Cowpea(Lobia),19
Mizoram,LUNGLEI,Gram,2
Mizoram,LUNGLEI,Groundnut,3
Mizoram,LUNGLEI,Maize,43
Mizoram,LUNGLEI,Masoor,3
Mizoram,LUNGLEI,Moong(Green Gram),7
Mizoram,LUNGLEI,Onion,3
Mizoram,LUNGLEI,Other  Rabi pulses,19
Mizoram,LUNGLEI,Other Kharif pulses,19
Mizoram,LUNGLEI,Peas & beans (Pulses),7
Mizoram,LUNGLEI,Potato,18
Mizoram,LUNGLEI,Rapeseed &Mustard,22
Mizoram,LUNGLEI,Rice,46
Mizoram,LUNGLEI,Sesamum,18
Mizoram,LUNGLEI,Soyabean,18
Mizoram,LUNGLEI,Sugarcane,22
Mizoram,LUNGLEI,Sunflower,1
Mizoram,LUNGLEI,Tapioca,16
Mizoram,LUNGLEI,Tobacco,21
Mizoram,LUNGLEI,Urad,3
Mizoram,LUNGLEI,other oilseeds,10
Mizoram,MAMIT,Arhar/Tur,7
Mizoram,MAMIT,Cotton(lint),8
Mizoram,MAMIT,Cowpea(Lobia),19
Mizoram,MAMIT,Gram,2
Mizoram,MAMIT,Groundnut,2
Mizoram,MAMIT,Maize,32
Mizoram,MAMIT,Masoor,3
Mizoram,MAMIT,Moong(Green Gram),6
Mizoram,MAMIT,Other  Rabi pulses,16
Mizoram,MAMIT,Other Kharif pulses,16
Mizoram,MAMIT,Peas & beans (Pulses),4
Mizoram,MAMIT,Potato,16
Mizoram,MAMIT,Rapeseed &Mustard,13
Mizoram,MAMIT,Rice,30
Mizoram,MAMIT,Sesamum,13
Mizoram,MAMIT,Soyabean,13
Mizoram,MAMIT,Sugarcane,16
Mizoram,MAMIT,Tapioca,13
Mizoram,MAMIT,Tobacco,7
Mizoram,MAMIT,Urad,4
Mizoram,MAMIT,Wheat,1
Mizoram,MAMIT,other oilseeds,9
Mizoram,SAIHA,Arhar/Tur,6
Mizoram,SAIHA,Cotton(lint),2
Mizoram,SAIHA,Cowpea(Lobia),12
Mizoram,SAIHA,Maize,23
Mizoram,SAIHA,Masoor,1
Mizoram,SAIHA,Moong(Green Gram),1
Mizoram,SAIHA,Other  Rabi pulses,14
Mizoram,SAIHA,Other Kharif pulses,16
Mizoram,SAIHA,Peas & beans (Pulses),2
Mizoram,SAIHA,Potato,11
Mizoram,SAIHA,Rapeseed &Mustard,4
Mizoram,SAIHA,Rice,28
Mizoram,SAIHA,Sesamum,13
Mizoram,SAIHA,Soyabean,13
Mizoram,SAIHA,Sugarcane,15
Mizoram,SAIHA,Sunflower,1
Mizoram,SAIHA,Tapioca,1
Mizoram,SAIHA,Tobacco,6
Mizoram,SAIHA,other oilseeds,5
Mizoram,SERCHHIP,Arhar/Tur,9
Mizoram,SERCHHIP,Cowpea(Lobia),10
Mizoram,SERCHHIP,Maize,19
Mizoram,SERCHHIP,Onion,1
Mizoram,SERCHHIP,Other  Rabi pulses,14
Mizoram,SERCHHIP,Other Kharif pulses,15
Mizoram,SERCHHIP,Peas & beans (Pulses),1
Mizoram,SERCHHIP,Potato,5
Mizoram,SERCHHIP,Rapeseed &Mustard,9
Mizoram,SERCHHIP,Rice,27
Mizoram,SERCHHIP,Sesamum,11
Mizoram,SERCHHIP,Soyabean,12
Mizoram,SERCHHIP,Sugarcane,14
Mizoram,SERCHHIP,other oilseeds,8
Nagaland,DIMAPUR,Arhar/Tur,19
Nagaland,DIMAPUR,Bajra,17
Nagaland,DIMAPUR,Barley,16
Nagaland,DIMAPUR,Cardamom,1
Nagaland,DIMAPUR,Castor seed,12
Nagaland,DIMAPUR,Cotton(lint),14
Nagaland,DIMAPUR,Cowpea(Lobia),7
Nagaland,DIMAPUR,Dry chillies,2
Nagaland,DIMAPUR,Ginger,12
Nagaland,DIMAPUR,Gram,18
Nagaland,DIMAPUR,Groundnut,20
Nagaland,DIMAPUR,Horse-gram,9
Nagaland,DIMAPUR,Jowar,7
Nagaland,DIMAPUR,Jute,20
Nagaland,DIMAPUR,Linseed,19
Nagaland,DIMAPUR,Maize,37
Nagaland,DIMAPUR,Masoor,16
Nagaland,DIMAPUR,Mesta,11
Nagaland,DIMAPUR,Moong(Green Gram),18
Nagaland,DIMAPUR,Niger seed,15
Nagaland,DIMAPUR,Other  Rabi pulses,7
Nagaland,DIMAPUR,Other Cereals,3
Nagaland,DIMAPUR,Other Kharif pulses,7
Nagaland,DIMAPUR,Peas & beans (Pulses),25
Nagaland,DIMAPUR,Potato,22
Nagaland,DIMAPUR,Ragi,11
Nagaland,DIMAPUR,Rapeseed &Mustard,20
Nagaland,DIMAPUR,Rice,37
Nagaland,DIMAPUR,Sesamum,20
Nagaland,DIMAPUR,Small millets,7
Nagaland,DIMAPUR,Soyabean,19
Nagaland,DIMAPUR,Sugarcane,19
Nagaland,DIMAPUR,Sunflower,27
Nagaland,DIMAPUR,Sweet potato,9
Nagaland,DIMAPUR,Tapioca,13
Nagaland,DIMAPUR,Turmeric,2
Nagaland,DIMAPUR,Urad,16
Nagaland,DIMAPUR,Wheat,20
Nagaland,KIPHIRE,Arhar/Tur,12
Nagaland,KIPHIRE,Bajra,11
Nagaland,KIPHIRE,Barley,11
Nagaland,KIPHIRE,Cardamom,1
Nagaland,KIPHIRE,Castor seed,1
Nagaland,KIPHIRE,Dry chillies,1
Nagaland,KIPHIRE,Ginger,10
Nagaland,KIPHIRE,Gram,10
Nagaland,KIPHIRE,Groundnut,12
Nagaland,KIPHIRE,Horse-gram,9
Nagaland,KIPHIRE,Linseed,11
Nagaland,KIPHIRE,Maize,23
Nagaland,KIPHIRE,Mesta,11
Nagaland,KIPHIRE,Moong(Green Gram),1
Nagaland,KIPHIRE,Niger seed,10
Nagaland,KIPHIRE,Other  Rabi pulses,7
Nagaland,KIPHIRE,Other Cereals,6
Nagaland,KIPHIRE,Other Kharif pulses,7
Nagaland,KIPHIRE,Peas & beans (Pulses),23
Nagaland,KIPHIRE,Potato,12
Nagaland,KIPHIRE,Ragi,11
Nagaland,KIPHIRE,Rapeseed &Mustard,12
Nagaland,KIPHIRE,Rice,12
Nagaland,KIPHIRE,Sesamum,12
Nagaland,KIPHIRE,Small millets,12
Nagaland,KIPHIRE,Soyabean,12
Nagaland,KIPHIRE,Sugarcane,11
Nagaland,KIPHIRE,Sunflower,12
Nagaland,KIPHIRE,Sweet potato,9
Nagaland,KIPHIRE,Tapioca,12
Nagaland,KIPHIRE,Turmeric,1
Nagaland,KIPHIRE,Urad,12
Nagaland,KIPHIRE,other oilseeds,5
Nagaland,KOHIMA,Arhar/Tur,21
Nagaland,KOHIMA,Bajra,19
Nagaland,KOHIMA,Barley,16
Nagaland,KOHIMA,Cardamom,3
Nagaland,KOHIMA,Castor seed,13
Nagaland,KOHIMA,Cotton(lint),5
Nagaland,KOHIMA,Dry chillies,2
Nagaland,KOHIMA,Ginger,12
Nagaland,KOHIMA,Gram,18
Nagaland,KOHIMA,Groundnut,21
Nagaland,KOHIMA,Horse-gram,9
Nagaland,KOHIMA,Jowar,21
Nagaland,KOHIMA,Jute,15
Nagaland,KOHIMA,Linseed,20
Nagaland,KOHIMA,Maize,23
Nagaland,KOHIMA,Masoor,16
Nagaland,KOHIMA,Mesta,11
Nagaland,KOHIMA,Moong(Green Gram),19
Nagaland,KOHIMA,Niger seed,15
Nagaland,KOHIMA,Other  Rabi pulses,14
Nagaland,KOHIMA,Other Cereals,6
Nagaland,KOHIMA,Other Kharif pulses,13
Nagaland,KOHIMA,Peas & beans (Pulses),39
Nagaland,KOHIMA,Potato,23
Nagaland,KOHIMA,Rapeseed &Mustard,21
Nagaland,KOHIMA,Rice,24
Nagaland,KOHIMA,Sesamum,21
Nagaland,KOHIMA,Small millets,20
Nagaland,KOHIMA,Soyabean,21
Nagaland,KOHIMA,Sugarcane,19
Nagaland,KOHIMA,Sunflower,22
Nagaland,KOHIMA,Sweet potato,9
Nagaland,KOHIMA,Tapioca,13
Nagaland,KOHIMA,Turmeric,2
Nagaland,KOHIMA,Urad,15
Nagaland,KOHIMA,Wheat,21
Nagaland,KOHIMA,other oilseeds,5
Nagaland,LONGLENG,Arhar/Tur,12
Nagaland,LONGLENG,Bajra,11
Nagaland,LONGLENG,Barley,11
Nagaland,LONGLENG,Castor seed,1
Nagaland,LONGLENG,Dry chillies,1
Nagaland,LONGLENG,Ginger,10
Nagaland,LONGLENG,Gram,10
Nagaland,LONGLENG,Groundnut,8
Nagaland,LONGLENG,Horse-gram,9
Nagaland,LONGLENG,Linseed,11
Nagaland,LONGLENG,Maize,12
Nagaland,LONGLENG,Mesta,11
Nagaland,LONGLENG,Moong(Green Gram),1
Nagaland,LONGLENG,Niger seed,10
Nagaland,LONGLENG,Other  Rabi pulses,7
Nagaland,LONGLENG,Other Cereals,6
Nagaland,LONGLENG,Other Kharif pulses,7
Nagaland,LONGLENG,Peas & beans (Pulses),23
Nagaland,LONGLENG,Potato,12
Nagaland,LONGLENG,Ragi,11
Nagaland,LONGLENG,Rapeseed &Mustard,12
Nagaland,LONGLENG,Rice,12
Nagaland,LONGLENG,Sesamum,12
Nagaland,LONGLENG,Small millets,12
Nagaland,LONGLENG,Soyabean,12
Nagaland,LONGLENG,Sugarcane,11
Nagaland,LONGLENG,Sunflower,11
Nagaland,LONGLENG,Sweet potato,9
Nagaland,LONGLENG,Tapioca,12
Nagaland,LONGLENG,Turmeric,1
Nagaland,LONGLENG,Urad,6
Nagaland,LONGLENG,other oilseeds,5
Nagaland,MOKOKCHUNG,Arhar/Tur,20
Nagaland,MOKOKCHUNG,Bajra,19
Nagaland,MOKOKCHUNG,Barley,16
Nagaland,MOKOKCHUNG,Cardamom,3
Nagaland,MOKOKCHUNG,Castor seed,13
Nagaland,MOKOKCHUNG,Cotton(lint),6
Nagaland,MOKOKCHUNG,Dry chillies,2
Nagaland,MOKOKCHUNG,Ginger,12
Nagaland,MOKOKCHUNG,Gram,19
Nagaland,MOKOKCHUNG,Groundnut,21
Nagaland,MOKOKCHUNG,Horse-gram,9
Nagaland,MOKOKCHUNG,Jowar,10
Nagaland,MOKOKCHUNG,Jute,16
Nagaland,MOKOKCHUNG,Linseed,20
Nagaland,MOKOKCHUNG,Maize,35
Nagaland,MOKOKCHUNG,Masoor,16
Nagaland,MOKOKCHUNG,Mesta,11
Nagaland,MOKOKCHUNG,Moong(Green Gram),19
Nagaland,MOKOKCHUNG,Niger seed,11
Nagaland,MOKOKCHUNG,Other  Rabi pulses,14
Nagaland,MOKOKCHUNG,Other Cereals,6
Nagaland,MOKOKCHUNG,Other Kharif pulses,13
Nagaland,MOKOKCHUNG,Peas & beans (Pulses),39
Nagaland,MOKOKCHUNG,Potato,23
Nagaland,MOKOKCHUNG,Ragi,11
Nagaland,MOKOKCHUNG,Rapeseed &Mustard,21
Nagaland,MOKOKCHUNG,Rice,22
Nagaland,MOKOKCHUNG,Sesamum,21
Nagaland,MOKOKCHUNG,Small millets,20
Nagaland,MOKOKCHUNG,Soyabean,21
Nagaland,MOKOKCHUNG,Sugarcane,19
Nagaland,MOKOKCHUNG,Sunflower,29
Nagaland,MOKOKCHUNG,Sweet potato,9
Nagaland,MOKOKCHUNG,Tapioca,13
Nagaland,MOKOKCHUNG,Turmeric,2
Nagaland,MOKOKCHUNG,Urad,15
Nagaland,MOKOKCHUNG,Wheat,20
Nagaland,MOKOKCHUNG,other oilseeds,5
Nagaland,MON,Arhar/Tur,20
Nagaland,MON,Bajra,19
Nagaland,MON,Barley,16
Nagaland,MON,Cardamom,1
Nagaland,MON,Castor seed,13
Nagaland,MON,Cotton(lint),10
Nagaland,MON,Cowpea(Lobia),7
Nagaland,MON,Dry chillies,2
Nagaland,MON,Ginger,12
Nagaland,MON,Gram,16
Nagaland,MON,Groundnut,21
Nagaland,MON,Horse-gram,9
Nagaland,MON,Jowar,22
Nagaland,MON,Jute,17
Nagaland,MON,Linseed,20
Nagaland,MON,Maize,35
Nagaland,MON,Masoor,16
Nagaland,MON,Mesta,11
Nagaland,MON,Moong(Green Gram),18
Nagaland,MON,Niger seed,15
Nagaland,MON,Other  Rabi pulses,14
Nagaland,MON,Other Cereals,6
Nagaland,MON,Other Kharif pulses,13
Nagaland,MON,Peas & beans (Pulses),39
Nagaland,MON,Potato,23
Nagaland,MON,Ragi,11
Nagaland,MON,Rapeseed &Mustard,21
Nagaland,MON,Rice,33
Nagaland,MON,Sesamum,21
Nagaland,MON,Small millets,20
Nagaland,MON,Soyabean,21
Nagaland,MON,Sugarcane,15
Nagaland,MON,Sunflower,22
Nagaland,MON,Sweet potato,9
Nagaland,MON,Tapioca,13
Nagaland,MON,Turmeric,1
Nagaland,MON,Urad,15
Nagaland,MON,Wheat,20
Nagaland,MON,other oilseeds,5
Nagaland,PEREN,Arhar/Tur,12
Nagaland,PEREN,Bajra,11
Nagaland,PEREN,Barley,11
Nagaland,PEREN,Castor seed,11
Nagaland,PEREN,Dry chillies,1
Nagaland,PEREN,Ginger,10
Nagaland,PEREN,Gram,10
Nagaland,PEREN,Groundnut,12
Nagaland,PEREN,Horse-gram,9
Nagaland,PEREN,Linseed,11
Nagaland,PEREN,Maize,12
Nagaland,PEREN,Masoor,11
Nagaland,PEREN,Mesta,11
Nagaland,PEREN,Moong(Green Gram),10
Nagaland,PEREN,Niger seed,10
Nagaland,PEREN,Other Cereals,3
Nagaland,PEREN,Other Kharif pulses,7
Nagaland,PEREN,Peas & beans (Pulses),23
Nagaland,PEREN,Potato,13
Nagaland,PEREN,Rapeseed &Mustard,12
Nagaland,PEREN,Rice,21
Nagaland,PEREN,Sesamum,12
Nagaland,PEREN,Small millets,3
Nagaland,PEREN,Soyabean,12
Nagaland,PEREN,Sugarcane,11
Nagaland,PEREN,Sunflower,12
Nagaland,PEREN,Sweet potato,9
Nagaland,PEREN,Tapioca,12
Nagaland,PEREN,Turmeric,1
Nagaland,PEREN,Urad,15
Nagaland,PEREN,Wheat,12
Nagaland,PHEK,Arhar/Tur,20
Nagaland,PHEK,Bajra,19
Nagaland,PHEK,Barley,16
Nagaland,PHEK,Cardamom,3
Nagaland,PHEK,Castor seed,11
Nagaland,PHEK,Cotton(lint),18
Nagaland,PHEK,Cowpea(Lobia),7
Nagaland,PHEK,Dry chillies,2
Nagaland,PHEK,Ginger,12
Nagaland,PHEK,Gram,19
Nagaland,PHEK,Groundnut,21
Nagaland,PHEK,Horse-gram,9
Nagaland,PHEK,Jowar,22
Nagaland,PHEK,Linseed,20
Nagaland,PHEK,Maize,34
Nagaland,PHEK,Masoor,16
Nagaland,PHEK,Mesta,11
Nagaland,PHEK,Moong(Green Gram),19
Nagaland,PHEK,Niger seed,10
Nagaland,PHEK,Other  Rabi pulses,14
Nagaland,PHEK,Other Cereals,6
Nagaland,PHEK,Other Kharif pulses,13
Nagaland,PHEK,Peas & beans (Pulses),39
Nagaland,PHEK,Potato,23
Nagaland,PHEK,Rapeseed &Mustard,21
Nagaland,PHEK,Rice,23
Nagaland,PHEK,Sesamum,21
Nagaland,PHEK,Small millets,21
Nagaland,PHEK,Soyabean,21
Nagaland,PHEK,Sugarcane,13
Nagaland,PHEK,Sunflower,25
Nagaland,PHEK,Sweet potato,9
Nagaland,PHEK,Tapioca,13
Nagaland,PHEK,Turmeric,1
Nagaland,PHEK,Urad,16
Nagaland,PHEK,Wheat,20
Nagaland,PHEK,other oilseeds,5
Nagaland,TUENSANG,Arhar/Tur,20
Nagaland,TUENSANG,Bajra,19
Nagaland,TUENSANG,Barley,16
Nagaland,TUENSANG,Cardamom,1
Nagaland,TUENSANG,Castor seed,13
Nagaland,TUENSANG,Cotton(lint),6
Nagaland,TUENSANG,Dry chillies,2
Nagaland,TUENSANG,Ginger,12
Nagaland,TUENSANG,Gram,19
Nagaland,TUENSANG,Groundnut,21
Nagaland,TUENSANG,Horse-gram,9
Nagaland,TUENSANG,Jowar,10
Nagaland,TUENSANG,Linseed,20
Nagaland,TUENSANG,Maize,23
Nagaland,TUENSANG,Masoor,16
Nagaland,TUENSANG,Mesta,11
Nagaland,TUENSANG,Moong(Green Gram),17
Nagaland,TUENSANG,Niger seed,11
Nagaland,TUENSANG,Other  Rabi pulses,13
Nagaland,TUENSANG,Other Cereals,6
Nagaland,TUENSANG,Other Kharif pulses,13
Nagaland,TUENSANG,Peas & beans (Pulses),39
Nagaland,TUENSANG,Potato,22
Nagaland,TUENSANG,Ragi,11
Nagaland,TUENSANG,Rapeseed &Mustard,21
Nagaland,TUENSANG,Rice,23
Nagaland,TUENSANG,Sesamum,21
Nagaland,TUENSANG,Small millets,20
Nagaland,TUENSANG,Soyabean,21
Nagaland,TUENSANG,Sugarcane,11
Nagaland,TUENSANG,Sunflower,22
Nagaland,TUENSANG,Sweet potato,9
Nagaland,TUENSANG,Tapioca,13
Nagaland,TUENSANG,Turmeric,1
Nagaland,TUENSANG,Urad,13
Nagaland,TUENSANG,Wheat,20
Nagaland,TUENSANG,other oilseeds,5
Nagaland,WOKHA,Arhar/Tur,20
Nagaland,WOKHA,Bajra,19
Nagaland,WOKHA,Barley,16
Nagaland,WOKHA,Cardamom,3
Nagaland,WOKHA,Castor seed,13
Nagaland,WOKHA,Cotton(lint),6
Nagaland,WOKHA,Dry chillies,2
Nagaland,WOKHA,Ginger,12
Nagaland,WOKHA,Gram,18
Nagaland,WOKHA,Groundnut,21
Nagaland,WOKHA,Horse-gram,9
Nagaland,WOKHA,Jowar,22
Nagaland,WOKHA,Jute,22
Nagaland,WOKHA,Linseed,20
Nagaland,WOKHA,Maize,35
Nagaland,WOKHA,Masoor,16
Nagaland,WOKHA,Mesta,11
Nagaland,WOKHA,Moong(Green Gram),19
Nagaland,WOKHA,Niger seed,15
Nagaland,WOKHA,Other  Rabi pulses,14
Nagaland,WOKHA,Other Cereals,6
Nagaland,WOKHA,Other Kharif pulses,13
Nagaland,WOKHA,Peas & beans (Pulses),39
Nagaland,WOKHA,Potato,23
Nagaland,WOKHA,Ragi,11
Nagaland,WOKHA,Rapeseed &Mustard,21
Nagaland,WOKHA,Rice,32
Nagaland,WOKHA,Sesamum,22
Nagaland,WOKHA,Small millets,20
Nagaland,WOKHA,Soyabean,21
Nagaland,WOKHA,Sugarcane,20
Nagaland,WOKHA,Sunflower,24
Nagaland,WOKHA,Sweet potato,9
Nagaland,WOKHA,Tapioca,13
Nagaland,WOKHA,Turmeric,2
Nagaland,WOKHA,Urad,15
Nagaland,WOKHA,Wheat,20
Nagaland,WOKHA,other oilseeds,5
Nagaland,ZUNHEBOTO,Arhar/Tur,20
Nagaland,ZUNHEBOTO,Bajra,19
Nagaland,ZUNHEBOTO,Barley,16
Nagaland,ZUNHEBOTO,Cardamom,1
Nagaland,ZUNHEBOTO,Castor seed,11
Nagaland,ZUNHEBOTO,Cotton(lint),6
Nagaland,ZUNHEBOTO,Dry chillies,2
Nagaland,ZUNHEBOTO,Ginger,12
Nagaland,ZUNHEBOTO,Gram,19
Nagaland,ZUNHEBOTO,Groundnut,21
Nagaland,ZUNHEBOTO,Horse-gram,9
Nagaland,ZUNHEBOTO,Jowar,22
Nagaland,ZUNHEBOTO,Linseed,20
Nagaland,ZUNHEBOTO,Maize,28
Nagaland,ZUNHEBOTO,Masoor,16
Nagaland,ZUNHEBOTO,Mesta,11
Nagaland,ZUNHEBOTO,Moong(Green Gram),18
Nagaland,ZUNHEBOTO,Niger seed,10
Nagaland,ZUNHEBOTO,Other  Rabi pulses,14
Nagaland,ZUNHEBOTO,Other Cereals,6
Nagaland,ZUNHEBOTO,Other Kharif pulses,13
Nagaland,ZUNHEBOTO,Peas & beans (Pulses),39
Nagaland,ZUNHEBOTO,Potato,21
Nagaland,ZUNHEBOTO,Rapeseed &Mustard,21
Nagaland,ZUNHEBOTO,Rice,23
Nagaland,ZUNHEBOTO,Sesamum,21
Nagaland,ZUNHEBOTO,Small millets,21
Nagaland,ZUNHEBOTO,Soyabean,21
Nagaland,ZUNHEBOTO,Sugarcane,20
Nagaland,ZUNHEBOTO,Sunflower,22
Nagaland,ZUNHEBOTO,Sweet potato,9
Nagaland,ZUNHEBOTO,Tapioca,13
Nagaland,ZUNHEBOTO,Turmeric,1
Nagaland,ZUNHEBOTO,Urad,16
Nagaland,ZUNHEBOTO,Wheat,20
Nagaland,ZUNHEBOTO,other oilseeds,5
Odisha,ANUGUL,Arhar/Tur,8
Odisha,ANUGUL,Castor seed,12
Odisha,ANUGUL,Coriander,7
Odisha,ANUGUL,Cotton(lint),3
Odisha,ANUGUL,Dry chillies,9
Odisha,ANUGUL,Garlic,7
Odisha,ANUGUL,Ginger,7
Odisha,ANUGUL,Gram,6
Odisha,ANUGUL,Groundnut,57
Odisha,ANUGUL,Horse-gram,23
Odisha,ANUGUL,Maize,59
Odisha,ANUGUL,Mesta,3
Odisha,ANUGUL,Moong(Green Gram),57
Odisha,ANUGUL,Niger seed,6
Odisha,ANUGUL,Onion,7
Odisha,ANUGUL,Other  Rabi pulses,5
Odisha,ANUGUL,Other Kharif pulses,3
Odisha,ANUGUL,Peas & beans (Pulses),1
Odisha,ANUGUL,Potato,23
Odisha,ANUGUL,Ragi,22
Odisha,ANUGUL,Rapeseed &Mustard,22
Odisha,ANUGUL,Rice,57
Odisha,ANUGUL,Safflower,1
Odisha,ANUGUL,Sannhamp,2
Odisha,ANUGUL,Sesamum,60
Odisha,ANUGUL,Small millets,5
Odisha,ANUGUL,Sugarcane,23
Odisha,ANUGUL,Sunflower,7
Odisha,ANUGUL,Sweet potato,9
Odisha,ANUGUL,Tobacco,5
Odisha,ANUGUL,Turmeric,7
Odisha,ANUGUL,Urad,60
Odisha,ANUGUL,Wheat,17
Odisha,BALANGIR,Arhar/Tur,9
Odisha,BALANGIR,Castor seed,13
Odisha,BALANGIR,Coriander,7
Odisha,BALANGIR,Cotton(lint),3
Odisha,BALANGIR,Cowpea(Lobia),2
Odisha,BALANGIR,Dry chillies,9
Odisha,BALANGIR,Garlic,7
Odisha,BALANGIR,Ginger,7
Odisha,BALANGIR,Gram,7
Odisha,BALANGIR,Groundnut,57
Odisha,BALANGIR,Horse-gram,24
Odisha,BALANGIR,Jowar,7
Odisha,BALANGIR,Jute,1
Odisha,BALANGIR,Linseed,5
Odisha,BALANGIR,Maize,50
Odisha,BALANGIR,Masoor,6
Odisha,BALANGIR,Mesta,3
Odisha,BALANGIR,Moong(Green Gram),57
Odisha,BALANGIR,Onion,7
Odisha,BALANGIR,Other  Rabi pulses,6
Odisha,BALANGIR,Other Kharif pulses,4
Odisha,BALANGIR,Peas & beans (Pulses),1
Odisha,BALANGIR,Potato,22
Odisha,BALANGIR,Ragi,26
Odisha,BALANGIR,Rapeseed &Mustard,22
Odisha,BALANGIR,Rice,60
Odisha,BALANGIR,Safflower,5
Odisha,BALANGIR,Sannhamp,3
Odisha,BALANGIR,Sesamum,57
Odisha,BALANGIR,Small millets,7
Odisha,BALANGIR,Sugarcane,23
Odisha,BALANGIR,Sunflower,7
Odisha,BALANGIR,Sweet potato,9
Odisha,BALANGIR,Tobacco,6
Odisha,BALANGIR,Turmeric,5
Odisha,BALANGIR,Urad,59
Odisha,BALANGIR,Wheat,18
Odisha,BALESHWAR,Arhar/Tur,7
Odisha,BALESHWAR,Castor seed,13
Odisha,BALESHWAR,Coriander,7
Odisha,BALESHWAR,Cowpea(Lobia),1
Odisha,BALESHWAR,Dry chillies,9
Odisha,BALESHWAR,Garlic,7
Odisha,BALESHWAR,Ginger,7
Odisha,BALESHWAR,Gram,7
Odisha,BALESHWAR,Groundnut,26
Odisha,BALESHWAR,Horse-gram,16
Odisha,BALESHWAR,Jute,23
Odisha,BALESHWAR,Maize,19
Odisha,BALESHWAR,Mesta,2
Odisha,BALESHWAR,Moong(Green Gram),31
Odisha,BALESHWAR,Onion,7
Odisha,BALESHWAR,Other  Rabi pulses,5
Odisha,BALESHWAR,Peas & beans (Pulses),1
Odisha,BALESHWAR,Potato,23
Odisha,BALESHWAR,Ragi,1
Odisha,BALESHWAR,Rapeseed &Mustard,22
Odisha,BALESHWAR,Rice,52
Odisha,BALESHWAR,Safflower,1
Odisha,BALESHWAR,Sannhamp,2
Odisha,BALESHWAR,Sesamum,29
Odisha,BALESHWAR,Small millets,1
Odisha,BALESHWAR,Sugarcane,22
Odisha,BALESHWAR,Sunflower,7
Odisha,BALESHWAR,Sweet potato,9
Odisha,BALESHWAR,Turmeric,7
Odisha,BALESHWAR,Urad,56
Odisha,BALESHWAR,Wheat,19
Odisha,BARGARH,Arhar/Tur,9
Odisha,BARGARH,Bajra,1
Odisha,BARGARH,Castor seed,5
Odisha,BARGARH,Coriander,7
Odisha,BARGARH,Cotton(lint),1
Odisha,BARGARH,Cowpea(Lobia),2
Odisha,BARGARH,Dry chillies,9
Odisha,BARGARH,Garlic,7
Odisha,BARGARH,Ginger,7
Odisha,BARGARH,Gram,7
Odisha,BARGARH,Groundnut,44
Odisha,BARGARH,Horse-gram,22
Odisha,BARGARH,Jowar,6
Odisha,BARGARH,Maize,47
Odisha,BARGARH,Mesta,3
Odisha,BARGARH,Moong(Green Gram),56
Odisha,BARGARH,Niger seed,1
Odisha,BARGARH,Onion,7
Odisha,BARGARH,Other  Rabi pulses,6
Odisha,BARGARH,Other Kharif pulses,1
Odisha,BARGARH,Peas & beans (Pulses),1
Odisha,BARGARH,Potato,23
Odisha,BARGARH,Ragi,20
Odisha,BARGARH,Rapeseed &Mustard,22
Odisha,BARGARH,Rice,60
Odisha,BARGARH,Safflower,1
Odisha,BARGARH,Sannhamp,3
Odisha,BARGARH,Sesamum,58
Odisha,BARGARH,Small millets,2
Odisha,BARGARH,Sugarcane,23
Odisha,BARGARH,Sunflower,10
Odisha,BARGARH,Sweet potato,8
Odisha,BARGARH,Turmeric,7
Odisha,BARGARH,Urad,54
Odisha,BARGARH,Wheat,23
Odisha,BHADRAK,Arhar/Tur,6
Odisha,BHADRAK,Castor seed,9
Odisha,BHADRAK,Coriander,7
Odisha,BHADRAK,Cowpea(Lobia),1
Odisha,BHADRAK,Dry chillies,9
Odisha,BHADRAK,Garlic,7
Odisha,BHADRAK,Ginger,7
Odisha,BHADRAK,Gram,6
Odisha,BHADRAK,Groundnut,23
Odisha,BHADRAK,Horse-gram,16
Odisha,BHADRAK,Jute,23
Odisha,BHADRAK,Maize,14
Odisha,BHADRAK,Moong(Green Gram),31
Odisha,BHADRAK,Onion,7
Odisha,BHADRAK,Other  Rabi pulses,6
Odisha,BHADRAK,Peas & beans (Pulses),1
Odisha,BHADRAK,Potato,23
Odisha,BHADRAK,Rapeseed &Mustard,22
Odisha,BHADRAK,Rice,44
Odisha,BHADRAK,Sannhamp,2
Odisha,BHADRAK,Sesamum,25
Odisha,BHADRAK,Sugarcane,23
Odisha,BHADRAK,Sunflower,7
Odisha,BHADRAK,Sweet potato,8
Odisha,BHADRAK,Turmeric,7
Odisha,BHADRAK,Urad,47
Odisha,BHADRAK,Wheat,18
Odisha,BOUDH,Arhar/Tur,9
Odisha,BOUDH,Castor seed,13
Odisha,BOUDH,Coriander,7
Odisha,BOUDH,Cotton(lint),3
Odisha,BOUDH,Dry chillies,9
Odisha,BOUDH,Garlic,7
Odisha,BOUDH,Ginger,6
Odisha,BOUDH,Gram,7
Odisha,BOUDH,Groundnut,54
Odisha,BOUDH,Horse-gram,25
Odisha,BOUDH,Linseed,3
Odisha,BOUDH,Maize,38
Odisha,BOUDH,Mesta,3
Odisha,BOUDH,Moong(Green Gram),57
Odisha,BOUDH,Niger seed,3
Odisha,BOUDH,Onion,7
Odisha,BOUDH,Other  Rabi pulses,6
Odisha,BOUDH,Other Kharif pulses,4
Odisha,BOUDH,Peas & beans (Pulses),1
Odisha,BOUDH,Potato,23
Odisha,BOUDH,Ragi,24
Odisha,BOUDH,Rapeseed &Mustard,22
Odisha,BOUDH,Rice,59
Odisha,BOUDH,Sesamum,47
Odisha,BOUDH,Small millets,7
Odisha,BOUDH,Sugarcane,21
Odisha,BOUDH,Sunflower,8
Odisha,BOUDH,Sweet potato,8
Odisha,BOUDH,Tobacco,1
Odisha,BOUDH,Turmeric,6
Odisha,BOUDH,Urad,54
Odisha,BOUDH,Wheat,20
Odisha,CUTTACK,Arhar/Tur,10
Odisha,CUTTACK,Castor seed,9
Odisha,CUTTACK,Coriander,7
Odisha,CUTTACK,Cowpea(Lobia),1
Odisha,CUTTACK,Dry chillies,9
Odisha,CUTTACK,Garlic,7
Odisha,CUTTACK,Ginger,7
Odisha,CUTTACK,Gram,7
Odisha,CUTTACK,Groundnut,49
Odisha,CUTTACK,Horse-gram,38
Odisha,CUTTACK,Jowar,4
Odisha,CUTTACK,Jute,23
Odisha,CUTTACK,Linseed,7
Odisha,CUTTACK,Maize,41
Odisha,CUTTACK,Mesta,3
Odisha,CUTTACK,Moong(Green Gram),41
Odisha,CUTTACK,Onion,7
Odisha,CUTTACK,Other  Rabi pulses,6
Odisha,CUTTACK,Other Kharif pulses,2
Odisha,CUTTACK,Peas & beans (Pulses),1
Odisha,CUTTACK,Potato,23
Odisha,CUTTACK,Ragi,20
Odisha,CUTTACK,Rapeseed &Mustard,22
Odisha,CUTTACK,Rice,60
Odisha,CUTTACK,Safflower,2
Odisha,CUTTACK,Sesamum,34
Odisha,CUTTACK,Sugarcane,23
Odisha,CUTTACK,Sunflower,7
Odisha,CUTTACK,Sweet potato,9
Odisha,CUTTACK,Turmeric,7
Odisha,CUTTACK,Urad,52
Odisha,CUTTACK,Wheat,15
Odisha,DEOGARH,Arhar/Tur,9
Odisha,DEOGARH,Castor seed,11
Odisha,DEOGARH,Coriander,7
Odisha,DEOGARH,Cowpea(Lobia),2
Odisha,DEOGARH,Dry chillies,9
Odisha,DEOGARH,Garlic,7
Odisha,DEOGARH,Ginger,7
Odisha,DEOGARH,Gram,7
Odisha,DEOGARH,Groundnut,47
Odisha,DEOGARH,Horse-gram,24
Odisha,DEOGARH,Jowar,7
Odisha,DEOGARH,Maize,53
Odisha,DEOGARH,Mesta,3
Odisha,DEOGARH,Moong(Green Gram),55
Odisha,DEOGARH,Niger seed,10
Odisha,DEOGARH,Onion,7
Odisha,DEOGARH,Other  Rabi pulses,5
Odisha,DEOGARH,Peas & beans (Pulses),1
Odisha,DEOGARH,Potato,23
Odisha,DEOGARH,Ragi,10
Odisha,DEOGARH,Rapeseed &Mustard,22
Odisha,DEOGARH,Rice,51
Odisha,DEOGARH,Safflower,1
Odisha,DEOGARH,Sannhamp,3
Odisha,DEOGARH,Sesamum,58
Odisha,DEOGARH,Sugarcane,23
Odisha,DEOGARH,Sunflower,7
Odisha,DEOGARH,Sweet potato,8
Odisha,DEOGARH,Turmeric,7
Odisha,DEOGARH,Urad,53
Odisha,DEOGARH,Wheat,19
Odisha,DHENKANAL,Arhar/Tur,8
Odisha,DHENKANAL,Castor seed,12
Odisha,DHENKANAL,Coriander,7
Odisha,DHENKANAL,Cotton(lint),2
Odisha,DHENKANAL,Dry chillies,9
Odisha,DHENKANAL,Garlic,7
Odisha,DHENKANAL,Ginger,7
Odisha,DHENKANAL,Gram,6
Odisha,DHENKANAL,Groundnut,58
Odisha,DHENKANAL,Horse-gram,28
Odisha,DHENKANAL,Maize,51
Odisha,DHENKANAL,Mesta,3
Odisha,DHENKANAL,Moong(Green Gram),54
Odisha,DHENKANAL,Onion,7
Odisha,DHENKANAL,Other  Rabi pulses,5
Odisha,DHENKANAL,Peas & beans (Pulses),1
Odisha,DHENKANAL,Potato,23
Odisha,DHENKANAL,Ragi,19
Odisha,DHENKANAL,Rapeseed &Mustard,22
Odisha,DHENKANAL,Rice,57
Odisha,DHENKANAL,Safflower,2
Odisha,DHENKANAL,Sannhamp,2
Odisha,DHENKANAL,Sesamum,56
Odisha,DHENKANAL,Small millets,6
Odisha,DHENKANAL,Sugarcane,23
Odisha,DHENKANAL,Sunflower,7
Odisha,DHENKANAL,Sweet potato,9
Odisha,DHENKANAL,Turmeric,7
Odisha,DHENKANAL,Urad,54
Odisha,DHENKANAL,Wheat,18
Odisha,GAJAPATI,Arhar/Tur,7
Odisha,GAJAPATI,Bajra,7
Odisha,GAJAPATI,Castor seed,13
Odisha,GAJAPATI,Coriander,7
Odisha,GAJAPATI,Cotton(lint),3
Odisha,GAJAPATI,Cowpea(Lobia),2
Odisha,GAJAPATI,Dry chillies,9
Odisha,GAJAPATI,Garlic,7
Odisha,GAJAPATI,Ginger,7
Odisha,GAJAPATI,Gram,6
Odisha,GAJAPATI,Groundnut,55
Odisha,GAJAPATI,Horse-gram,24
Odisha,GAJAPATI,Jowar,7
Odisha,GAJAPATI,Linseed,1
Odisha,GAJAPATI,Maize,38
Odisha,GAJAPATI,Mesta,3
Odisha,GAJAPATI,Moong(Green Gram),34
Odisha,GAJAPATI,Niger seed,15
Odisha,GAJAPATI,Onion,7
Odisha,GAJAPATI,Other  Rabi pulses,5
Odisha,GAJAPATI,Other Kharif pulses,3
Odisha,GAJAPATI,Peas & beans (Pulses),1
Odisha,GAJAPATI,Potato,13
Odisha,GAJAPATI,Ragi,60
Odisha,GAJAPATI,Rapeseed &Mustard,22
Odisha,GAJAPATI,Rice,46
Odisha,GAJAPATI,Sannhamp,3
Odisha,GAJAPATI,Sesamum,43
Odisha,GAJAPATI,Small millets,7
Odisha,GAJAPATI,Sugarcane,22
Odisha,GAJAPATI,Sunflower,9
Odisha,GAJAPATI,Sweet potato,8
Odisha,GAJAPATI,Tobacco,6
Odisha,GAJAPATI,Turmeric,7
Odisha,GAJAPATI,Urad,30
Odisha,GAJAPATI,Wheat,5
Odisha,GANJAM,Arhar/Tur,9
Odisha,GANJAM,Bajra,7
Odisha,GANJAM,Castor seed,14
Odisha,GANJAM,Coriander,7
Odisha,GANJAM,Cotton(lint),3
Odisha,GANJAM,Cowpea(Lobia),1
Odisha,GANJAM,Dry chillies,9
Odisha,GANJAM,Garlic,7
Odisha,GANJAM,Ginger,7
Odisha,GANJAM,Gram,7
Odisha,GANJAM,Groundnut,58
Odisha,GANJAM,Horse-gram,29
Odisha,GANJAM,Jowar,7
Odisha,GANJAM,Jute,1
Odisha,GANJAM,Linseed,6
Odisha,GANJAM,Maize,50
Odisha,GANJAM,Mesta,3
Odisha,GANJAM,Moong(Green Gram),49
Odisha,GANJAM,Niger seed,10
Odisha,GANJAM,Onion,7
Odisha,GANJAM,Other  Rabi pulses,6
Odisha,GANJAM,Other Kharif pulses,2
Odisha,GANJAM,Peas & beans (Pulses),1
Odisha,GANJAM,Potato,23
Odisha,GANJAM,Ragi,56
Odisha,GANJAM,Rapeseed &Mustard,22
Odisha,GANJAM,Rice,52
Odisha,GANJAM,Safflower,2
Odisha,GANJAM,Sannhamp,3
Odisha,GANJAM,Sesamum,52
Odisha,GANJAM,Small millets,7
Odisha,GANJAM,Sugarcane,23
Odisha,GANJAM,Sunflower,10
Odisha,GANJAM,Sweet potato,9
Odisha,GANJAM,Turmeric,7
Odisha,GANJAM,Urad,52
Odisha,GANJAM,Wheat,6
Odisha,JAGATSINGHAPUR,Arhar/Tur,8
Odisha,JAGATSINGHAPUR,Castor seed,8
Odisha,JAGATSINGHAPUR,Coriander,7
Odisha,JAGATSINGHAPUR,Cowpea(Lobia),1
Odisha,JAGATSINGHAPUR,Dry chillies,9
Odisha,JAGATSINGHAPUR,Garlic,7
Odisha,JAGATSINGHAPUR,Ginger,7
Odisha,JAGATSINGHAPUR,Gram,6
Odisha,JAGATSINGHAPUR,Groundnut,25
Odisha,JAGATSINGHAPUR,Horse-gram,39
Odisha,JAGATSINGHAPUR,Jute,18
Odisha,JAGATSINGHAPUR,Linseed,1
Odisha,JAGATSINGHAPUR,Maize,5
Odisha,JAGATSINGHAPUR,Moong(Green Gram),25
Odisha,JAGATSINGHAPUR,Onion,7
Odisha,JAGATSINGHAPUR,Other  Rabi pulses,4
Odisha,JAGATSINGHAPUR,Other Kharif pulses,2
Odisha,JAGATSINGHAPUR,Peas & beans (Pulses),1
Odisha,JAGATSINGHAPUR,Potato,23
Odisha,JAGATSINGHAPUR,Ragi,8
Odisha,JAGATSINGHAPUR,Rapeseed &Mustard,21
Odisha,JAGATSINGHAPUR,Rice,58
Odisha,JAGATSINGHAPUR,Safflower,1
Odisha,JAGATSINGHAPUR,Sesamum,23
Odisha,JAGATSINGHAPUR,Sugarcane,23
Odisha,JAGATSINGHAPUR,Sunflower,7
Odisha,JAGATSINGHAPUR,Sweet potato,8
Odisha,JAGATSINGHAPUR,Turmeric,7
Odisha,JAGATSINGHAPUR,Urad,42
Odisha,JAGATSINGHAPUR,Wheat,6
Odisha,JAJAPUR,Arhar/Tur,9
Odisha,JAJAPUR,Castor seed,13
Odisha,JAJAPUR,Coriander,7
Odisha,JAJAPUR,Cowpea(Lobia),1
Odisha,JAJAPUR,Dry chillies,9
Odisha,JAJAPUR,Garlic,6
Odisha,JAJAPUR,Ginger,6
Odisha,JAJAPUR,Gram,7
Odisha,JAJAPUR,Groundnut,40
Odisha,JAJAPUR,Horse-gram,25
Odisha,JAJAPUR,Jowar,5
Odisha,JAJAPUR,Jute,23
Odisha,JAJAPUR,Linseed,7
Odisha,JAJAPUR,Maize,29
Odisha,JAJAPUR,Mesta,2
Odisha,JAJAPUR,Moong(Green Gram),35
Odisha,JAJAPUR,Onion,6
Odisha,JAJAPUR,Other  Rabi pulses,6
Odisha,JAJAPUR,Other Kharif pulses,1
Odisha,JAJAPUR,Peas & beans (Pulses),1
Odisha,JAJAPUR,Potato,23
Odisha,JAJAPUR,Ragi,1
Odisha,JAJAPUR,Rapeseed &Mustard,22
Odisha,JAJAPUR,Rice,60
Odisha,JAJAPUR,Safflower,1
Odisha,JAJAPUR,Sesamum,23
Odisha,JAJAPUR,Sugarcane,23
Odisha,JAJAPUR,Sunflower,7
Odisha,JAJAPUR,Sweet potato,9
Odisha,JAJAPUR,Turmeric,6
Odisha,JAJAPUR,Urad,52
Odisha,JAJAPUR,Wheat,17
Odisha,JHARSUGUDA,Arhar/Tur,8
Odisha,JHARSUGUDA,Castor seed,7
Odisha,JHARSUGUDA,Coriander,7
Odisha,JHARSUGUDA,Cowpea(Lobia),2
Odisha,JHARSUGUDA,Dry chillies,9
Odisha,JHARSUGUDA,Garlic,7
Odisha,JHARSUGUDA,Ginger,7
Odisha,JHARSUGUDA,Gram,7
Odisha,JHARSUGUDA,Groundnut,47
Odisha,JHARSUGUDA,Horse-gram,22
Odisha,JHARSUGUDA,Maize,37
Odisha,JHARSUGUDA,Mesta,3
Odisha,JHARSUGUDA,Moong(Green Gram),37
Odisha,JHARSUGUDA,Niger seed,1
Odisha,JHARSUGUDA,Onion,7
Odisha,JHARSUGUDA,Other  Rabi pulses,6
Odisha,JHARSUGUDA,Other Kharif pulses,1
Odisha,JHARSUGUDA,Peas & beans (Pulses),1
Odisha,JHARSUGUDA,Potato,23
Odisha,JHARSUGUDA,Ragi,15
Odisha,JHARSUGUDA,Rapeseed &Mustard,22
Odisha,JHARSUGUDA,Rice,55
Odisha,JHARSUGUDA,Safflower,2
Odisha,JHARSUGUDA,Sesamum,40
Odisha,JHARSUGUDA,Sugarcane,21
Odisha,JHARSUGUDA,Sunflower,8
Odisha,JHARSUGUDA,Sweet potato,8
Odisha,JHARSUGUDA,Turmeric,7
Odisha,JHARSUGUDA,Urad,36
Odisha,JHARSUGUDA,Wheat,16
Odisha,KALAHANDI,Arhar/Tur,9
Odisha,KALAHANDI,Bajra,7
Odisha,KALAHANDI,Castor seed,14
Odisha,KALAHANDI,Coriander,7
Odisha,KALAHANDI,Cotton(lint),3
Odisha,KALAHANDI,Cowpea(Lobia),1
Odisha,KALAHANDI,Dry chillies,9
Odisha,KALAHANDI,Garlic,7
Odisha,KALAHANDI,Ginger,7
Odisha,KALAHANDI,Gram,7
Odisha,KALAHANDI,Groundnut,60
Odisha,KALAHANDI,Horse-gram,23
Odisha,KALAHANDI,Jowar,7
Odisha,KALAHANDI,Jute,1
Odisha,KALAHANDI,Linseed,7
Odisha,KALAHANDI,Maize,43
Odisha,KALAHANDI,Masoor,3
Odisha,KALAHANDI,Mesta,3
Odisha,KALAHANDI,Moong(Green Gram),52
Odisha,KALAHANDI,Niger seed,11
Odisha,KALAHANDI,Onion,7
Odisha,KALAHANDI,Other  Rabi pulses,3
Odisha,KALAHANDI,Other Kharif pulses,2
Odisha,KALAHANDI,Peas & beans (Pulses),1
Odisha,KALAHANDI,Potato,10
Odisha,KALAHANDI,Ragi,42
Odisha,KALAHANDI,Rapeseed &Mustard,22
Odisha,KALAHANDI,Rice,60
Odisha,KALAHANDI,Safflower,7
Odisha,KALAHANDI,Sannhamp,3
Odisha,KALAHANDI,Sesamum,38
Odisha,KALAHANDI,Small millets,7
Odisha,KALAHANDI,Sugarcane,23
Odisha,KALAHANDI,Sunflower,8
Odisha,KALAHANDI,Sweet potato,8
Odisha,KALAHANDI,Tobacco,6
Odisha,KALAHANDI,Turmeric,7
Odisha,KALAHANDI,Urad,48
Odisha,KALAHANDI,Wheat,21
Odisha,KANDHAMAL,Arhar/Tur,7
Odisha,KANDHAMAL,Bajra,5
Odisha,KANDHAMAL,Castor seed,7
Odisha,KANDHAMAL,Coriander,7
Odisha,KANDHAMAL,Cotton(lint),2
Odisha,KANDHAMAL,Cowpea(Lobia),2
Odisha,KANDHAMAL,Dry chillies,9
Odisha,KANDHAMAL,Garlic,6
Odisha,KANDHAMAL,Ginger,7
Odisha,KANDHAMAL,Gram,7
Odisha,KANDHAMAL,Groundnut,43
Odisha,KANDHAMAL,Horse-gram,23
Odisha,KANDHAMAL,Jowar,7
Odisha,KANDHAMAL,Maize,48
Odisha,KANDHAMAL,Mesta,3
Odisha,KANDHAMAL,Moong(Green Gram),39
Odisha,KANDHAMAL,Niger seed,11
Odisha,KANDHAMAL,Onion,7
Odisha,KANDHAMAL,Other  Rabi pulses,5
Odisha,KANDHAMAL,Other Kharif pulses,4
Odisha,KANDHAMAL,Peas & beans (Pulses),1
Odisha,KANDHAMAL,Potato,23
Odisha,KANDHAMAL,Ragi,40
Odisha,KANDHAMAL,Rapeseed &Mustard,22
Odisha,KANDHAMAL,Rice,56
Odisha,KANDHAMAL,Sannhamp,3
Odisha,KANDHAMAL,Sesamum,20
Odisha,KANDHAMAL,Small millets,7
Odisha,KANDHAMAL,Sugarcane,11
Odisha,KANDHAMAL,Sunflower,10
Odisha,KANDHAMAL,Sweet potato,7
Odisha,KANDHAMAL,Tobacco,6
Odisha,KANDHAMAL,Turmeric,7
Odisha,KANDHAMAL,Urad,39
Odisha,KANDHAMAL,Wheat,14
Odisha,KENDRAPARA,Arhar/Tur,10
Odisha,KENDRAPARA,Castor seed,6
Odisha,KENDRAPARA,Coriander,7
Odisha,KENDRAPARA,Cowpea(Lobia),1
Odisha,KENDRAPARA,Dry chillies,9
Odisha,KENDRAPARA,Garlic,7
Odisha,KENDRAPARA,Ginger,7
Odisha,KENDRAPARA,Gram,7
Odisha,KENDRAPARA,Groundnut,24
Odisha,KENDRAPARA,Horse-gram,25
Odisha,KENDRAPARA,Jute,23
Odisha,KENDRAPARA,Linseed,7
Odisha,KENDRAPARA,Maize,3
Odisha,KENDRAPARA,Moong(Green Gram),25
Odisha,KENDRAPARA,Onion,7
Odisha,KENDRAPARA,Other  Rabi pulses,5
Odisha,KENDRAPARA,Peas & beans (Pulses),1
Odisha,KENDRAPARA,Potato,23
Odisha,KENDRAPARA,Ragi,7
Odisha,KENDRAPARA,Rapeseed &Mustard,22
Odisha,KENDRAPARA,Rice,60
Odisha,KENDRAPARA,Sesamum,22
Odisha,KENDRAPARA,Sugarcane,23
Odisha,KENDRAPARA,Sunflower,7
Odisha,KENDRAPARA,Sweet potato,7
Odisha,KENDRAPARA,Turmeric,5
Odisha,KENDRAPARA,Urad,42
Odisha,KENDRAPARA,Wheat,15
Odisha,KENDUJHAR,Arhar/Tur,8
Odisha,KENDUJHAR,Bajra,7
Odisha,KENDUJHAR,Castor seed,11
Odisha,KENDUJHAR,Coriander,6
Odisha,KENDUJHAR,Cotton(lint),2
Odisha,KENDUJHAR,Cowpea(Lobia),2
Odisha,KENDUJHAR,Dry chillies,9
Odisha,KENDUJHAR,Garlic,7
Odisha,KENDUJHAR,Ginger,7
Odisha,KENDUJHAR,Gram,7
Odisha,KENDUJHAR,Groundnut,58
Odisha,KENDUJHAR,Horse-gram,25
Odisha,KENDUJHAR,Jowar,7
Odisha,KENDUJHAR,Jute,23
Odisha,KENDUJHAR,Linseed,7
Odisha,KENDUJHAR,Maize,45
Odisha,KENDUJHAR,Masoor,6
Odisha,KENDUJHAR,Mesta,3
Odisha,KENDUJHAR,Moong(Green Gram),45
Odisha,KENDUJHAR,Niger seed,13
Odisha,KENDUJHAR,Onion,7
Odisha,KENDUJHAR,Other  Rabi pulses,5
Odisha,KENDUJHAR,Other Kharif pulses,4
Odisha,KENDUJHAR,Peas & beans (Pulses),1
Odisha,KENDUJHAR,Potato,23
Odisha,KENDUJHAR,Ragi,13
Odisha,KENDUJHAR,Rapeseed &Mustard,22
Odisha,KENDUJHAR,Rice,60
Odisha,KENDUJHAR,Safflower,5
Odisha,KENDUJHAR,Sannhamp,1
Odisha,KENDUJHAR,Sesamum,55
Odisha,KENDUJHAR,Small millets,7
Odisha,KENDUJHAR,Sugarcane,23
Odisha,KENDUJHAR,Sunflower,7
Odisha,KENDUJHAR,Sweet potato,8
Odisha,KENDUJHAR,Tobacco,3
Odisha,KENDUJHAR,Turmeric,7
Odisha,KENDUJHAR,Urad,57
Odisha,KENDUJHAR,Wheat,20
Odisha,KHORDHA,Arhar/Tur,10
Odisha,KHORDHA,Castor seed,7
Odisha,KHORDHA,Coriander,7
Odisha,KHORDHA,Cowpea(Lobia),2
Odisha,KHORDHA,Dry chillies,9
Odisha,KHORDHA,Garlic,7
Odisha,KHORDHA,Ginger,7
Odisha,KHORDHA,Gram,7
Odisha,KHORDHA,Groundnut,32
Odisha,KHORDHA,Horse-gram,38
Odisha,KHORDHA,Jowar,3
Odisha,KHORDHA,Jute,5
Odisha,KHORDHA,Linseed,6
Odisha,KHORDHA,Maize,35
Odisha,KHORDHA,Mesta,2
Odisha,KHORDHA,Moong(Green Gram),38
Odisha,KHORDHA,Onion,7
Odisha,KHORDHA,Other  Rabi pulses,6
Odisha,KHORDHA,Other Kharif pulses,3
Odisha,KHORDHA,Peas & beans (Pulses),1
Odisha,KHORDHA,Potato,23
Odisha,KHORDHA,Ragi,42
Odisha,KHORDHA,Rapeseed &Mustard,20
Odisha,KHORDHA,Rice,47
Odisha,KHORDHA,Safflower,2
Odisha,KHORDHA,Sesamum,40
Odisha,KHORDHA,Sugarcane,21
Odisha,KHORDHA,Sunflower,6
Odisha,KHORDHA,Sweet potato,8
Odisha,KHORDHA,Turmeric,6
Odisha,KHORDHA,Urad,43
Odisha,KHORDHA,Wheat,10
Odisha,KORAPUT,Arhar/Tur,9
Odisha,KORAPUT,Bajra,7
Odisha,KORAPUT,Castor seed,14
Odisha,KORAPUT,Coriander,7
Odisha,KORAPUT,Cotton(lint),3
Odisha,KORAPUT,Cowpea(Lobia),1
Odisha,KORAPUT,Dry chillies,9
Odisha,KORAPUT,Garlic,7
Odisha,KORAPUT,Ginger,7
Odisha,KORAPUT,Gram,7
Odisha,KORAPUT,Groundnut,57
Odisha,KORAPUT,Horse-gram,23
Odisha,KORAPUT,Jowar,7
Odisha,KORAPUT,Jute,2
Odisha,KORAPUT,Linseed,7
Odisha,KORAPUT,Maize,52
Odisha,KORAPUT,Mesta,3
Odisha,KORAPUT,Moong(Green Gram),40
Odisha,KORAPUT,Niger seed,15
Odisha,KORAPUT,Onion,7
Odisha,KORAPUT,Other  Rabi pulses,6
Odisha,KORAPUT,Other Kharif pulses,4
Odisha,KORAPUT,Peas & beans (Pulses),1
Odisha,KORAPUT,Potato,23
Odisha,KORAPUT,Ragi,60
Odisha,KORAPUT,Rapeseed &Mustard,22
Odisha,KORAPUT,Rice,60
Odisha,KORAPUT,Safflower,6
Odisha,KORAPUT,Sannhamp,3
Odisha,KORAPUT,Sesamum,26
Odisha,KORAPUT,Small millets,7
Odisha,KORAPUT,Sugarcane,23
Odisha,KORAPUT,Sunflower,11
Odisha,KORAPUT,Sweet potato,8
Odisha,KORAPUT,Tobacco,6
Odisha,KORAPUT,Turmeric,7
Odisha,KORAPUT,Urad,45
Odisha,KORAPUT,Wheat,17
Odisha,MALKANGIRI,Arhar/Tur,8
Odisha,MALKANGIRI,Bajra,7
Odisha,MALKANGIRI,Castor seed,12
Odisha,MALKANGIRI,Coriander,5
Odisha,MALKANGIRI,Cowpea(Lobia),1
Odisha,MALKANGIRI,Dry chillies,9
Odisha,MALKANGIRI,Garlic,7
Odisha,MALKANGIRI,Ginger,7
Odisha,MALKANGIRI,Gram,6
Odisha,MALKANGIRI,Groundnut,45
Odisha,MALKANGIRI,Horse-gram,22
Odisha,MALKANGIRI,Jowar,7
Odisha,MALKANGIRI,Jute,1
Odisha,MALKANGIRI,Maize,56
Odisha,MALKANGIRI,Mesta,2
Odisha,MALKANGIRI,Moong(Green Gram),41
Odisha,MALKANGIRI,Niger seed,11
Odisha,MALKANGIRI,Onion,7
Odisha,MALKANGIRI,Other  Rabi pulses,5
Odisha,MALKANGIRI,Other Kharif pulses,2
Odisha,MALKANGIRI,Peas & beans (Pulses),1
Odisha,MALKANGIRI,Potato,4
Odisha,MALKANGIRI,Ragi,42
Odisha,MALKANGIRI,Rapeseed &Mustard,8
Odisha,MALKANGIRI,Rice,54
Odisha,MALKANGIRI,Sesamum,25
Odisha,MALKANGIRI,Small millets,7
Odisha,MALKANGIRI,Sugarcane,5
Odisha,MALKANGIRI,Sunflower,2
Odisha,MALKANGIRI,Sweet potato,7
Odisha,MALKANGIRI,Tobacco,6
Odisha,MALKANGIRI,Turmeric,7
Odisha,MALKANGIRI,Urad,30
Odisha,MALKANGIRI,Wheat,3
Odisha,MAYURBHANJ,Arhar/Tur,9
Odisha,MAYURBHANJ,Bajra,6
Odisha,MAYURBHANJ,Castor seed,13
Odisha,MAYURBHANJ,Coriander,7
Odisha,MAYURBHANJ,Cowpea(Lobia),2
Odisha,MAYURBHANJ,Dry chillies,9
Odisha,MAYURBHANJ,Garlic,7
Odisha,MAYURBHANJ,Ginger,7
Odisha,MAYURBHANJ,Gram,7
Odisha,MAYURBHANJ,Groundnut,57
Odisha,MAYURBHANJ,Horse-gram,24
Odisha,MAYURBHANJ,Jowar,6
Odisha,MAYURBHANJ,Jute,7
Odisha,MAYURBHANJ,Linseed,7
Odisha,MAYURBHANJ,Maize,59
Odisha,MAYURBHANJ,Masoor,6
Odisha,MAYURBHANJ,Mesta,3
Odisha,MAYURBHANJ,Moong(Green Gram),50
Odisha,MAYURBHANJ,Niger seed,13
Odisha,MAYURBHANJ,Onion,7
Odisha,MAYURBHANJ,Other  Rabi pulses,6
Odisha,MAYURBHANJ,Other Kharif pulses,5
Odisha,MAYURBHANJ,Peas & beans (Pulses),1
Odisha,MAYURBHANJ,Potato,23
Odisha,MAYURBHANJ,Ragi,14
Odisha,MAYURBHANJ,Rapeseed &Mustard,22
Odisha,MAYURBHANJ,Rice,60
Odisha,MAYURBHANJ,Safflower,2
Odisha,MAYURBHANJ,Sannhamp,3
Odisha,MAYURBHANJ,Sesamum,55
Odisha,MAYURBHANJ,Small millets,7
Odisha,MAYURBHANJ,Sugarcane,19
Odisha,MAYURBHANJ,Sunflower,10
Odisha,MAYURBHANJ,Sweet potato,8
Odisha,MAYURBHANJ,Turmeric,7
Odisha,MAYURBHANJ,Urad,59
Odisha,MAYURBHANJ,Wheat,23
Odisha,NABARANGPUR,Arhar/Tur,9
Odisha,NABARANGPUR,Bajra,6
Odisha,NABARANGPUR,Castor seed,14
Odisha,NABARANGPUR,Coriander,7
Odisha,NABARANGPUR,Cotton(lint),2
Odisha,NABARANGPUR,Cowpea(Lobia),1
Odisha,NABARANGPUR,Dry chillies,9
Odisha,NABARANGPUR,Garlic,7
Odisha,NABARANGPUR,Ginger,7
Odisha,NABARANGPUR,Gram,7
Odisha,NABARANGPUR,Groundnut,42
Odisha,NABARANGPUR,Horse-gram,25
Odisha,NABARANGPUR,Jowar,7
Odisha,NABARANGPUR,Jute,2
Odisha,NABARANGPUR,Linseed,7
Odisha,NABARANGPUR,Maize,49
Odisha,NABARANGPUR,Masoor,1
Odisha,NABARANGPUR,Mesta,3
Odisha,NABARANGPUR,Moong(Green Gram),27
Odisha,NABARANGPUR,Niger seed,15
Odisha,NABARANGPUR,Onion,7
Odisha,NABARANGPUR,Other  Rabi pulses,6
Odisha,NABARANGPUR,Other Kharif pulses,1
Odisha,NABARANGPUR,Peas & beans (Pulses),1
Odisha,NABARANGPUR,Potato,23
Odisha,NABARANGPUR,Ragi,57
Odisha,NABARANGPUR,Rapeseed &Mustard,10
Odisha,NABARANGPUR,Rice,58
Odisha,NABARANGPUR,Safflower,7
Odisha,NABARANGPUR,Sannhamp,3
Odisha,NABARANGPUR,Sesamum,11
Odisha,NABARANGPUR,Small millets,7
Odisha,NABARANGPUR,Sugarcane,23
Odisha,NABARANGPUR,Sunflower,8
Odisha,NABARANGPUR,Sweet potato,7
Odisha,NABARANGPUR,Tobacco,6
Odisha,NABARANGPUR,Turmeric,7
Odisha,NABARANGPUR,Urad,34
Odisha,NABARANGPUR,Wheat,19
Odisha,NAYAGARH,Arhar/Tur,8
Odisha,NAYAGARH,Bajra,2
Odisha,NAYAGARH,Castor seed,13
Odisha,NAYAGARH,Coriander,7
Odisha,NAYAGARH,Cotton(lint),2
Odisha,NAYAGARH,Cowpea(Lobia),2
Odisha,NAYAGARH,Dry chillies,9
Odisha,NAYAGARH,Garlic,7
Odisha,NAYAGARH,Ginger,7
Odisha,NAYAGARH,Gram,7
Odisha,NAYAGARH,Groundnut,50
Odisha,NAYAGARH,Horse-gram,30
Odisha,NAYAGARH,Jowar,7
Odisha,NAYAGARH,Jute,2
Odisha,NAYAGARH,Linseed,7
Odisha,NAYAGARH,Maize,45
Odisha,NAYAGARH,Mesta,3
Odisha,NAYAGARH,Moong(Green Gram),30
Odisha,NAYAGARH,Onion,7
Odisha,NAYAGARH,Other  Rabi pulses,6
Odisha,NAYAGARH,Other Kharif pulses,4
Odisha,NAYAGARH,Peas & beans (Pulses),1
Odisha,NAYAGARH,Potato,18
Odisha,NAYAGARH,Ragi,30
Odisha,NAYAGARH,Rapeseed &Mustard,22
Odisha,NAYAGARH,Rice,43
Odisha,NAYAGARH,Safflower,4
Odisha,NAYAGARH,Sannhamp,3
Odisha,NAYAGARH,Sesamum,43
Odisha,NAYAGARH,Small millets,6
Odisha,NAYAGARH,Sugarcane,23
Odisha,NAYAGARH,Sunflower,7
Odisha,NAYAGARH,Sweet potato,7
Odisha,NAYAGARH,Turmeric,7
Odisha,NAYAGARH,Urad,40
Odisha,NAYAGARH,Wheat,15
Odisha,NUAPADA,Arhar/Tur,9
Odisha,NUAPADA,Bajra,3
Odisha,NUAPADA,Castor seed,14
Odisha,NUAPADA,Coriander,7
Odisha,NUAPADA,Cotton(lint),3
Odisha,NUAPADA,Dry chillies,9
Odisha,NUAPADA,Garlic,7
Odisha,NUAPADA,Ginger,7
Odisha,NUAPADA,Gram,7
Odisha,NUAPADA,Groundnut,53
Odisha,NUAPADA,Horse-gram,24
Odisha,NUAPADA,Jowar,7
Odisha,NUAPADA,Jute,1
Odisha,NUAPADA,Linseed,7
Odisha,NUAPADA,Maize,35
Odisha,NUAPADA,Masoor,4
Odisha,NUAPADA,Mesta,3
Odisha,NUAPADA,Moong(Green Gram),57
Odisha,NUAPADA,Niger seed,2
Odisha,NUAPADA,Onion,7
Odisha,NUAPADA,Other  Rabi pulses,2
Odisha,NUAPADA,Other Kharif pulses,1
Odisha,NUAPADA,Peas & beans (Pulses),1
Odisha,NUAPADA,Potato,22
Odisha,NUAPADA,Ragi,25
Odisha,NUAPADA,Rapeseed &Mustard,21
Odisha,NUAPADA,Rice,60
Odisha,NUAPADA,Safflower,5
Odisha,NUAPADA,Sannhamp,3
Odisha,NUAPADA,Sesamum,46
Odisha,NUAPADA,Small millets,7
Odisha,NUAPADA,Soyabean,1
Odisha,NUAPADA,Sugarcane,20
Odisha,NUAPADA,Sunflower,12
Odisha,NUAPADA,Sweet potato,8
Odisha,NUAPADA,Tobacco,5
Odisha,NUAPADA,Turmeric,7
Odisha,NUAPADA,Urad,40
Odisha,NUAPADA,Wheat,19
Odisha,PURI,Arhar/Tur,4
Odisha,PURI,Castor seed,1
Odisha,PURI,Coriander,7
Odisha,PURI,Cowpea(Lobia),1
Odisha,PURI,Dry chillies,9
Odisha,PURI,Garlic,7
Odisha,PURI,Ginger,6
Odisha,PURI,Gram,4
Odisha,PURI,Groundnut,27
Odisha,PURI,Horse-gram,27
Odisha,PURI,Jute,7
Odisha,PURI,Linseed,6
Odisha,PURI,Maize,5
Odisha,PURI,Mesta,1
Odisha,PURI,Moong(Green Gram),33
Odisha,PURI,Onion,7
Odisha,PURI,Other  Rabi pulses,3
Odisha,PURI,Other Kharif pulses,1
Odisha,PURI,Peas & beans (Pulses),1
Odisha,PURI,Potato,23
Odisha,PURI,Ragi,25
Odisha,PURI,Rapeseed &Mustard,21
Odisha,PURI,Rice,52
Odisha,PURI,Sesamum,24
Odisha,PURI,Sugarcane,21
Odisha,PURI,Sunflower,5
Odisha,PURI,Sweet potato,8
Odisha,PURI,Turmeric,6
Odisha,PURI,Urad,42
Odisha,PURI,Wheat,11
Odisha,RAYAGADA,Arhar/Tur,9
Odisha,RAYAGADA,Bajra,7
Odisha,RAYAGADA,Castor seed,14
Odisha,RAYAGADA,Coriander,6
Odisha,RAYAGADA,Cotton(lint),3
Odisha,RAYAGADA,Cowpea(Lobia),2
Odisha,RAYAGADA,Dry chillies,9
Odisha,RAYAGADA,Garlic,7
Odisha,RAYAGADA,Ginger,7
Odisha,RAYAGADA,Gram,7
Odisha,RAYAGADA,Groundnut,60
Odisha,RAYAGADA,Horse-gram,23
Odisha,RAYAGADA,Jowar,7
Odisha,RAYAGADA,Maize,60
Odisha,RAYAGADA,Mesta,3
Odisha,RAYAGADA,Moong(Green Gram),44
Odisha,RAYAGADA,Niger seed,15
Odisha,RAYAGADA,Onion,7
Odisha,RAYAGADA,Other  Rabi pulses,6
Odisha,RAYAGADA,Other Kharif pulses,1
Odisha,RAYAGADA,Peas & beans (Pulses),1
Odisha,RAYAGADA,Potato,22
Odisha,RAYAGADA,Ragi,60
Odisha,RAYAGADA,Rapeseed &Mustard,22
Odisha,RAYAGADA,Rice,60
Odisha,RAYAGADA,Sannhamp,3
Odisha,RAYAGADA,Sesamum,43
Odisha,RAYAGADA,Small millets,7
Odisha,RAYAGADA,Sugarcane,20
Odisha,RAYAGADA,Sunflower,8
Odisha,RAYAGADA,Sweet potato,8
Odisha,RAYAGADA,Tobacco,7
Odisha,RAYAGADA,Turmeric,7
Odisha,RAYAGADA,Urad,50
Odisha,RAYAGADA,Wheat,12
Odisha,SAMBALPUR,Arhar/Tur,9
Odisha,SAMBALPUR,Castor seed,13
Odisha,SAMBALPUR,Coriander,7
Odisha,SAMBALPUR,Cowpea(Lobia),2
Odisha,SAMBALPUR,Dry chillies,9
Odisha,SAMBALPUR,Garlic,7
Odisha,SAMBALPUR,Ginger,7
Odisha,SAMBALPUR,Gram,7
Odisha,SAMBALPUR,Groundnut,45
Odisha,SAMBALPUR,Horse-gram,22
Odisha,SAMBALPUR,Jowar,7
Odisha,SAMBALPUR,Maize,38
Odisha,SAMBALPUR,Mesta,3
Odisha,SAMBALPUR,Moong(Green Gram),55
Odisha,SAMBALPUR,Niger seed,11
Odisha,SAMBALPUR,Onion,7
Odisha,SAMBALPUR,Other  Rabi pulses,6
Odisha,SAMBALPUR,Other Kharif pulses,1
Odisha,SAMBALPUR,Peas & beans (Pulses),1
Odisha,SAMBALPUR,Potato,23
Odisha,SAMBALPUR,Ragi,30
Odisha,SAMBALPUR,Rapeseed &Mustard,22
Odisha,SAMBALPUR,Rice,60
Odisha,SAMBALPUR,Safflower,1
Odisha,SAMBALPUR,Sannhamp,2
Odisha,SAMBALPUR,Sesamum,47
Odisha,SAMBALPUR,Sugarcane,20
Odisha,SAMBALPUR,Sunflower,8
Odisha,SAMBALPUR,Sweet potato,8
Odisha,SAMBALPUR,Turmeric,7
Odisha,SAMBALPUR,Urad,56
Odisha,SAMBALPUR,Wheat,21
Odisha,SONEPUR,Arhar/Tur,9
Odisha,SONEPUR,Castor seed,10
Odisha,SONEPUR,Coriander,7
Odisha,SONEPUR,Cotton(lint),3
Odisha,SONEPUR,Cowpea(Lobia),2
Odisha,SONEPUR,Dry chillies,9
Odisha,SONEPUR,Garlic,7
Odisha,SONEPUR,Ginger,5
Odisha,SONEPUR,Gram,7
Odisha,SONEPUR,Groundnut,48
Odisha,SONEPUR,Horse-gram,23
Odisha,SONEPUR,Jowar,5
Odisha,SONEPUR,Maize,27
Odisha,SONEPUR,Mesta,3
Odisha,SONEPUR,Moong(Green Gram),54
Odisha,SONEPUR,Onion,7
Odisha,SONEPUR,Other  Rabi pulses,6
Odisha,SONEPUR,Other Kharif pulses,4
Odisha,SONEPUR,Peas & beans (Pulses),1
Odisha,SONEPUR,Potato,22
Odisha,SONEPUR,Ragi,9
Odisha,SONEPUR,Rapeseed &Mustard,22
Odisha,SONEPUR,Rice,60
Odisha,SONEPUR,Safflower,1
Odisha,SONEPUR,Sannhamp,2
Odisha,SONEPUR,Sesamum,50
Odisha,SONEPUR,Small millets,6
Odisha,SONEPUR,Sugarcane,20
Odisha,SONEPUR,Sunflower,7
Odisha,SONEPUR,Sweet potato,9
Odisha,SONEPUR,Turmeric,4
Odisha,SONEPUR,Urad,37
Odisha,SONEPUR,Wheat,17
Odisha,SUNDARGARH,Arhar/Tur,9
Odisha,SUNDARGARH,Bajra,6
Odisha,SUNDARGARH,Castor seed,14
Odisha,SUNDARGARH,Coriander,7
Odisha,SUNDARGARH,Cowpea(Lobia),2
Odisha,SUNDARGARH,Dry chillies,9
Odisha,SUNDARGARH,Garlic,7
Odisha,SUNDARGARH,Ginger,7
Odisha,SUNDARGARH,Gram,7
Odisha,SUNDARGARH,Groundnut,53
Odisha,SUNDARGARH,Horse-gram,24
Odisha,SUNDARGARH,Jowar,7
Odisha,SUNDARGARH,Jute,1
Odisha,SUNDARGARH,Linseed,7
Odisha,SUNDARGARH,Maize,49
Odisha,SUNDARGARH,Masoor,5
Odisha,SUNDARGARH,Mesta,3
Odisha,SUNDARGARH,Moong(Green Gram),56
Odisha,SUNDARGARH,Niger seed,11
Odisha,SUNDARGARH,Onion,7
Odisha,SUNDARGARH,Other  Rabi pulses,5
Odisha,SUNDARGARH,Other Kharif pulses,4
Odisha,SUNDARGARH,Peas & beans (Pulses),1
Odisha,SUNDARGARH,Potato,23
Odisha,SUNDARGARH,Ragi,40
Odisha,SUNDARGARH,Rapeseed &Mustard,22
Odisha,SUNDARGARH,Rice,58
Odisha,SUNDARGARH,Safflower,3
Odisha,SUNDARGARH,Sannhamp,3
Odisha,SUNDARGARH,Sesamum,55
Odisha,SUNDARGARH,Small millets,7
Odisha,SUNDARGARH,Sugarcane,22
Odisha,SUNDARGARH,Sunflower,8
Odisha,SUNDARGARH,Sweet potato,8
Odisha,SUNDARGARH,Turmeric,7
Odisha,SUNDARGARH,Urad,47
Odisha,SUNDARGARH,Wheat,23
Puducherry,KARAIKAL,Bajra,1
Puducherry,KARAIKAL,Banana,21
Puducherry,KARAIKAL,Cashewnut,18
Puducherry,KARAIKAL,Coconut,20
Puducherry,KARAIKAL,Cotton(lint),22
Puducherry,KARAIKAL,Dry chillies,8
Puducherry,KARAIKAL,Ginger,4
Puducherry,KARAIKAL,Groundnut,19
Puducherry,KARAIKAL,Jowar,2
Puducherry,KARAIKAL,Moong(Green Gram),21
Puducherry,KARAIKAL,Other  Rabi pulses,1
Puducherry,KARAIKAL,Ragi,9
Puducherry,KARAIKAL,Rapeseed &Mustard,3
Puducherry,KARAIKAL,Rice,52
Puducherry,KARAIKAL,Sesamum,14
Puducherry,KARAIKAL,Sugarcane,13
Puducherry,KARAIKAL,Sunflower,1
Puducherry,KARAIKAL,Tapioca,1
Puducherry,KARAIKAL,Urad,21
Puducherry,MAHE,Arecanut,17
Puducherry,MAHE,Banana,18
Puducherry,MAHE,Black pepper,18
Puducherry,MAHE,Cashewnut,15
Puducherry,MAHE,Coconut,17
Puducherry,MAHE,Dry chillies,1
Puducherry,MAHE,Ginger,1
Puducherry,MAHE,Groundnut,1
Puducherry,MAHE,Moong(Green Gram),2
Puducherry,MAHE,Rapeseed &Mustard,1
Puducherry,MAHE,Rice,4
Puducherry,MAHE,Tapioca,18
Puducherry,MAHE,Tobacco,1
Puducherry,MAHE,Urad,1
Puducherry,PONDICHERRY,Bajra,31
Puducherry,PONDICHERRY,Banana,21
Puducherry,PONDICHERRY,Cashewnut,18
Puducherry,PONDICHERRY,Coconut,20
Puducherry,PONDICHERRY,Cotton(lint),21
Puducherry,PONDICHERRY,Dry chillies,44
Puducherry,PONDICHERRY,Ginger,4
Puducherry,PONDICHERRY,Groundnut,45
Puducherry,PONDICHERRY,Jowar,16
Puducherry,PONDICHERRY,Moong(Green Gram),28
Puducherry,PONDICHERRY,Onion,27
Puducherry,PONDICHERRY,Other  Rabi pulses,22
Puducherry,PONDICHERRY,Other Cereals,3
Puducherry,PONDICHERRY,Other Kharif pulses,14
Puducherry,PONDICHERRY,Other Summer Pulses,4
Puducherry,PONDICHERRY,Ragi,41
Puducherry,PONDICHERRY,Rapeseed &Mustard,3
Puducherry,PONDICHERRY,Rice,56
Puducherry,PONDICHERRY,Sesamum,43
Puducherry,PONDICHERRY,Small millets,11
Puducherry,PONDICHERRY,Sugarcane,22
Puducherry,PONDICHERRY,Sunflower,4
Puducherry,PONDICHERRY,Sweet potato,17
Puducherry,PONDICHERRY,Tapioca,32
Puducherry,PONDICHERRY,Tobacco,1
Puducherry,PONDICHERRY,Turmeric,14
Puducherry,PONDICHERRY,Urad,46
Puducherry,YANAM,Banana,4
Puducherry,YANAM,Coconut,20
Puducherry,YANAM,Coriander,11
Puducherry,YANAM,Dry chillies,3
Puducherry,YANAM,Ginger,1
Puducherry,YANAM,Moong(Green Gram),30
Puducherry,YANAM,Onion,2
Puducherry,YANAM,Other  Rabi pulses,5
Puducherry,YANAM,Other Kharif pulses,1
Puducherry,YANAM,Ragi,3
Puducherry,YANAM,Rice,39
Puducherry,YANAM,Sesamum,1
Puducherry,YANAM,Urad,29
Punjab,AMRITSAR,Arhar/Tur,23
Punjab,AMRITSAR,Bajra,3
Punjab,AMRITSAR,Cotton(lint),9
Punjab,AMRITSAR,Gram,10
Punjab,AMRITSAR,Maize,21
Punjab,AMRITSAR,Masoor,16
Punjab,AMRITSAR,Moong(Green Gram),21
Punjab,AMRITSAR,Other  Rabi pulses,1
Punjab,AMRITSAR,Peas & beans (Pulses),12
Punjab,AMRITSAR,Rapeseed &Mustard,22
Punjab,AMRITSAR,Rice,23
Punjab,AMRITSAR,Sesamum,23
Punjab,AMRITSAR,Sugarcane,19
Punjab,AMRITSAR,Sunflower,1
Punjab,AMRITSAR,Urad,21
Punjab,AMRITSAR,Wheat,23
Punjab,BARNALA,Arhar/Tur,11
Punjab,BARNALA,Barley,12
Punjab,BARNALA,Cotton(lint),13
Punjab,BARNALA,Gram,8
Punjab,BARNALA,Guar seed,5
Punjab,BARNALA,Maize,1
Punjab,BARNALA,Moong(Green Gram),16
Punjab,BARNALA,Rapeseed &Mustard,9
Punjab,BARNALA,Rice,13
Punjab,BARNALA,Sugarcane,7
Punjab,BARNALA,Wheat,13
Punjab,BATHINDA,Arhar/Tur,3
Punjab,BATHINDA,Bajra,14
Punjab,BATHINDA,Barley,23
Punjab,BATHINDA,Cotton(lint),23
Punjab,BATHINDA,Gram,23
Punjab,BATHINDA,Groundnut,13
Punjab,BATHINDA,Guar seed,18
Punjab,BATHINDA,Maize,4
Punjab,BATHINDA,Moong(Green Gram),26
Punjab,BATHINDA,Moth,6
Punjab,BATHINDA,Rapeseed &Mustard,22
Punjab,BATHINDA,Rice,23
Punjab,BATHINDA,Sesamum,6
Punjab,BATHINDA,Sugarcane,3
Punjab,BATHINDA,Wheat,23
Punjab,FARIDKOT,Arhar/Tur,9
Punjab,FARIDKOT,Bajra,1
Punjab,FARIDKOT,Barley,7
Punjab,FARIDKOT,Cotton(lint),23
Punjab,FARIDKOT,Gram,12
Punjab,FARIDKOT,Groundnut,7
Punjab,FARIDKOT,Guar seed,16
Punjab,FARIDKOT,Moong(Green Gram),23
Punjab,FARIDKOT,Rapeseed &Mustard,13
Punjab,FARIDKOT,Rice,23
Punjab,FARIDKOT,Sesamum,6
Punjab,FARIDKOT,Sugarcane,9
Punjab,FARIDKOT,Wheat,23
Punjab,FATEHGARH SAHIB,Arhar/Tur,12
Punjab,FATEHGARH SAHIB,Bajra,2
Punjab,FATEHGARH SAHIB,Barley,12
Punjab,FATEHGARH SAHIB,Gram,3
Punjab,FATEHGARH SAHIB,Maize,18
Punjab,FATEHGARH SAHIB,Masoor,6
Punjab,FATEHGARH SAHIB,Moong(Green Gram),3
Punjab,FATEHGARH SAHIB,Other  Rabi pulses,1
Punjab,FATEHGARH SAHIB,Rapeseed &Mustard,18
Punjab,FATEHGARH SAHIB,Rice,23
Punjab,FATEHGARH SAHIB,Sugarcane,19
Punjab,FATEHGARH SAHIB,Sunflower,5
Punjab,FATEHGARH SAHIB,Wheat,23
Punjab,FAZILKA,Arhar/Tur,2
Punjab,FAZILKA,Bajra,3
Punjab,FAZILKA,Barley,8
Punjab,FAZILKA,Cotton(lint),8
Punjab,FAZILKA,Gram,8
Punjab,FAZILKA,Groundnut,1
Punjab,FAZILKA,Guar seed,8
Punjab,FAZILKA,Maize,3
Punjab,FAZILKA,Moong(Green Gram),10
Punjab,FAZILKA,Rapeseed &Mustard,8
Punjab,FAZILKA,Rice,8
Punjab,FAZILKA,Sesamum,1
Punjab,FAZILKA,Sugarcane,7
Punjab,FAZILKA,Wheat,8
Punjab,FAZILKA,other oilseeds,1
Punjab,FIROZEPUR,Arhar/Tur,15
Punjab,FIROZEPUR,Bajra,1
Punjab,FIROZEPUR,Barley,14
Punjab,FIROZEPUR,Cotton(lint),18
Punjab,FIROZEPUR,Gram,15
Punjab,FIROZEPUR,Groundnut,5
Punjab,FIROZEPUR,Guar seed,14
Punjab,FIROZEPUR,Jowar,4
Punjab,FIROZEPUR,Maize,1
Punjab,FIROZEPUR,Masoor,1
Punjab,FIROZEPUR,Moong(Green Gram),26
Punjab,FIROZEPUR,Moth,4
Punjab,FIROZEPUR,Other  Rabi pulses,1
Punjab,FIROZEPUR,Peas & beans (Pulses),8
Punjab,FIROZEPUR,Rapeseed &Mustard,19
Punjab,FIROZEPUR,Rice,23
Punjab,FIROZEPUR,Sesamum,23
Punjab,FIROZEPUR,Sugarcane,13
Punjab,FIROZEPUR,Wheat,23
Punjab,GURDASPUR,Arhar/Tur,3
Punjab,GURDASPUR,Bajra,1
Punjab,GURDASPUR,Gram,14
Punjab,GURDASPUR,Linseed,4
Punjab,GURDASPUR,Maize,23
Punjab,GURDASPUR,Masoor,22
Punjab,GURDASPUR,Moong(Green Gram),4
Punjab,GURDASPUR,Moth,1
Punjab,GURDASPUR,Other  Rabi pulses,1
Punjab,GURDASPUR,Peas & beans (Pulses),8
Punjab,GURDASPUR,Rapeseed &Mustard,22
Punjab,GURDASPUR,Rice,23
Punjab,GURDASPUR,Sesamum,17
Punjab,GURDASPUR,Sugarcane,19
Punjab,GURDASPUR,Urad,21
Punjab,GURDASPUR,Wheat,23
Punjab,HOSHIARPUR,Arhar/Tur,14
Punjab,HOSHIARPUR,Bajra,1
Punjab,HOSHIARPUR,Gram,19
Punjab,HOSHIARPUR,Groundnut,23
Punjab,HOSHIARPUR,Linseed,1
Punjab,HOSHIARPUR,Maize,23
Punjab,HOSHIARPUR,Masoor,22
Punjab,HOSHIARPUR,Moong(Green Gram),6
Punjab,HOSHIARPUR,Other  Rabi pulses,1
Punjab,HOSHIARPUR,Peas & beans (Pulses),13
Punjab,HOSHIARPUR,Rapeseed &Mustard,22
Punjab,HOSHIARPUR,Rice,23
Punjab,HOSHIARPUR,Sesamum,21
Punjab,HOSHIARPUR,Sugarcane,19
Punjab,HOSHIARPUR,Sunflower,3
Punjab,HOSHIARPUR,Urad,19
Punjab,HOSHIARPUR,Wheat,23
Punjab,HOSHIARPUR,other oilseeds,1
Punjab,JALANDHAR,Arhar/Tur,23
Punjab,JALANDHAR,Barley,1
Punjab,JALANDHAR,Cotton(lint),2
Punjab,JALANDHAR,Gram,3
Punjab,JALANDHAR,Groundnut,1
Punjab,JALANDHAR,Linseed,6
Punjab,JALANDHAR,Maize,23
Punjab,JALANDHAR,Masoor,5
Punjab,JALANDHAR,Moong(Green Gram),18
Punjab,JALANDHAR,Other  Rabi pulses,1
Punjab,JALANDHAR,Peas & beans (Pulses),13
Punjab,JALANDHAR,Rapeseed &Mustard,22
Punjab,JALANDHAR,Rice,23
Punjab,JALANDHAR,Sesamum,22
Punjab,JALANDHAR,Sugarcane,19
Punjab,JALANDHAR,Sunflower,4
Punjab,JALANDHAR,Urad,6
Punjab,JALANDHAR,Wheat,23
Punjab,KAPURTHALA,Arhar/Tur,4
Punjab,KAPURTHALA,Bajra,1
Punjab,KAPURTHALA,Barley,1
Punjab,KAPURTHALA,Gram,3
Punjab,KAPURTHALA,Maize,23
Punjab,KAPURTHALA,Masoor,3
Punjab,KAPURTHALA,Moong(Green Gram),10
Punjab,KAPURTHALA,Other  Rabi pulses,1
Punjab,KAPURTHALA,Peas & beans (Pulses),8
Punjab,KAPURTHALA,Rapeseed &Mustard,21
Punjab,KAPURTHALA,Rice,23
Punjab,KAPURTHALA,Sesamum,9
Punjab,KAPURTHALA,Sugarcane,19
Punjab,KAPURTHALA,Sunflower,4
Punjab,KAPURTHALA,Wheat,23
Punjab,LUDHIANA,Arhar/Tur,23
Punjab,LUDHIANA,Bajra,1
Punjab,LUDHIANA,Barley,23
Punjab,LUDHIANA,Cotton(lint),15
Punjab,LUDHIANA,Gram,6
Punjab,LUDHIANA,Groundnut,5
Punjab,LUDHIANA,Maize,23
Punjab,LUDHIANA,Moong(Green Gram),25
Punjab,LUDHIANA,Moth,1
Punjab,LUDHIANA,Other  Rabi pulses,1
Punjab,LUDHIANA,Peas & beans (Pulses),15
Punjab,LUDHIANA,Rapeseed &Mustard,22
Punjab,LUDHIANA,Rice,23
Punjab,LUDHIANA,Sesamum,3
Punjab,LUDHIANA,Sugarcane,19
Punjab,LUDHIANA,Sunflower,6
Punjab,LUDHIANA,Wheat,23
Punjab,MANSA,Arhar/Tur,1
Punjab,MANSA,Bajra,19
Punjab,MANSA,Barley,23
Punjab,MANSA,Cotton(lint),23
Punjab,MANSA,Gram,22
Punjab,MANSA,Groundnut,10
Punjab,MANSA,Guar seed,18
Punjab,MANSA,Maize,2
Punjab,MANSA,Masoor,1
Punjab,MANSA,Moong(Green Gram),25
Punjab,MANSA,Peas & beans (Pulses),1
Punjab,MANSA,Rapeseed &Mustard,22
Punjab,MANSA,Rice,23
Punjab,MANSA,Sesamum,11
Punjab,MANSA,Sugarcane,6
Punjab,MANSA,Wheat,23
Punjab,MOGA,Arhar/Tur,23
Punjab,MOGA,Bajra,2
Punjab,MOGA,Barley,15
Punjab,MOGA,Cotton(lint),21
Punjab,MOGA,Gram,15
Punjab,MOGA,Guar seed,3
Punjab,MOGA,Maize,5
Punjab,MOGA,Moong(Green Gram),26
Punjab,MOGA,Peas & beans (Pulses),1
Punjab,MOGA,Rapeseed &Mustard,21
Punjab,MOGA,Rice,23
Punjab,MOGA,Sesamum,3
Punjab,MOGA,Sugarcane,6
Punjab,MOGA,Wheat,23
Punjab,MUKTSAR,Arhar/Tur,6
Punjab,MUKTSAR,Bajra,3
Punjab,MUKTSAR,Barley,23
Punjab,MUKTSAR,Cotton(lint),23
Punjab,MUKTSAR,Gram,21
Punjab,MUKTSAR,Groundnut,3
Punjab,MUKTSAR,Guar seed,17
Punjab,MUKTSAR,Maize,3
Punjab,MUKTSAR,Moong(Green Gram),24
Punjab,MUKTSAR,Moth,1
Punjab,MUKTSAR,Other  Rabi pulses,1
Punjab,MUKTSAR,Peas & beans (Pulses),3
Punjab,MUKTSAR,Rapeseed &Mustard,22
Punjab,MUKTSAR,Rice,23
Punjab,MUKTSAR,Sesamum,17
Punjab,MUKTSAR,Sugarcane,10
Punjab,MUKTSAR,Wheat,23
Punjab,PATHANKOT,Barley,1
Punjab,PATHANKOT,Gram,5
Punjab,PATHANKOT,Maize,8
Punjab,PATHANKOT,Masoor,2
Punjab,PATHANKOT,Moong(Green Gram),2
Punjab,PATHANKOT,Rapeseed &Mustard,8
Punjab,PATHANKOT,Rice,8
Punjab,PATHANKOT,Sesamum,8
Punjab,PATHANKOT,Sugarcane,9
Punjab,PATHANKOT,Urad,7
Punjab,PATHANKOT,Wheat,8
Punjab,PATIALA,Arhar/Tur,14
Punjab,PATIALA,Barley,22
Punjab,PATIALA,Cotton(lint),21
Punjab,PATIALA,Gram,11
Punjab,PATIALA,Guar seed,1
Punjab,PATIALA,Maize,23
Punjab,PATIALA,Masoor,11
Punjab,PATIALA,Moong(Green Gram),16
Punjab,PATIALA,Other  Rabi pulses,1
Punjab,PATIALA,Peas & beans (Pulses),12
Punjab,PATIALA,Rapeseed &Mustard,20
Punjab,PATIALA,Rice,23
Punjab,PATIALA,Sugarcane,19
Punjab,PATIALA,Sunflower,6
Punjab,PATIALA,Urad,8
Punjab,PATIALA,Wheat,23
Punjab,RUPNAGAR,Arhar/Tur,18
Punjab,RUPNAGAR,Bajra,4
Punjab,RUPNAGAR,Barley,6
Punjab,RUPNAGAR,Gram,17
Punjab,RUPNAGAR,Groundnut,2
Punjab,RUPNAGAR,Linseed,1
Punjab,RUPNAGAR,Maize,23
Punjab,RUPNAGAR,Masoor,13
Punjab,RUPNAGAR,Moong(Green Gram),4
Punjab,RUPNAGAR,Peas & beans (Pulses),1
Punjab,RUPNAGAR,Rapeseed &Mustard,22
Punjab,RUPNAGAR,Rice,23
Punjab,RUPNAGAR,Sesamum,16
Punjab,RUPNAGAR,Sugarcane,19
Punjab,RUPNAGAR,Sunflower,1
Punjab,RUPNAGAR,Urad,11
Punjab,RUPNAGAR,Wheat,23
Punjab,RUPNAGAR,other oilseeds,1
Punjab,S NAGAR,Arhar/Tur,14
Punjab,S NAGAR,Bajra,3
Punjab,S NAGAR,Barley,3
Punjab,S NAGAR,Gram,10
Punjab,S NAGAR,Maize,14
Punjab,S NAGAR,Masoor,14
Punjab,S NAGAR,Moong(Green Gram),3
Punjab,S NAGAR,Rapeseed &Mustard,7
Punjab,S NAGAR,Rice,14
Punjab,S NAGAR,Sesamum,1
Punjab,S NAGAR,Sugarcane,10
Punjab,S NAGAR,Sunflower,5
Punjab,S NAGAR,Urad,14
Punjab,S NAGAR,Wheat,14
Punjab,S NAGAR,other oilseeds,1
Punjab,SANGRUR,Arhar/Tur,23
Punjab,SANGRUR,Bajra,16
Punjab,SANGRUR,Barley,23
Punjab,SANGRUR,Cotton(lint),23
Punjab,SANGRUR,Gram,18
Punjab,SANGRUR,Groundnut,11
Punjab,SANGRUR,Guar seed,9
Punjab,SANGRUR,Maize,16
Punjab,SANGRUR,Masoor,1
Punjab,SANGRUR,Moong(Green Gram),25
Punjab,SANGRUR,Moth,3
Punjab,SANGRUR,Other  Rabi pulses,1
Punjab,SANGRUR,Peas & beans (Pulses),14
Punjab,SANGRUR,Rapeseed &Mustard,22
Punjab,SANGRUR,Rice,23
Punjab,SANGRUR,Sesamum,1
Punjab,SANGRUR,Sugarcane,19
Punjab,SANGRUR,Sunflower,1
Punjab,SANGRUR,Wheat,23
Punjab,SHAHID BHAGAT SINGH NAGAR,Arhar/Tur,8
Punjab,SHAHID BHAGAT SINGH NAGAR,Barley,1
Punjab,SHAHID BHAGAT SINGH NAGAR,Gram,1
Punjab,SHAHID BHAGAT SINGH NAGAR,Guar seed,2
Punjab,SHAHID BHAGAT SINGH NAGAR,Linseed,4
Punjab,SHAHID BHAGAT SINGH NAGAR,Maize,23
Punjab,SHAHID BHAGAT SINGH NAGAR,Masoor,9
Punjab,SHAHID BHAGAT SINGH NAGAR,Moong(Green Gram),4
Punjab,SHAHID BHAGAT SINGH NAGAR,Peas & beans (Pulses),6
Punjab,SHAHID BHAGAT SINGH NAGAR,Rapeseed &Mustard,22
Punjab,SHAHID BHAGAT SINGH NAGAR,Rice,23
Punjab,SHAHID BHAGAT SINGH NAGAR,Sesamum,7
Punjab,SHAHID BHAGAT SINGH NAGAR,Sugarcane,19
Punjab,SHAHID BHAGAT SINGH NAGAR,Sunflower,5
Punjab,SHAHID BHAGAT SINGH NAGAR,Urad,1
Punjab,SHAHID BHAGAT SINGH NAGAR,Wheat,23
Punjab,SHAHID BHAGAT SINGH NAGAR,other oilseeds,1
Punjab,TARN TARAN,Arhar/Tur,14
Punjab,TARN TARAN,Bajra,1
Punjab,TARN TARAN,Cotton(lint),7
Punjab,TARN TARAN,Gram,1
Punjab,TARN TARAN,Maize,11
Punjab,TARN TARAN,Masoor,6
Punjab,TARN TARAN,Moong(Green Gram),17
Punjab,TARN TARAN,Peas & beans (Pulses),10
Punjab,TARN TARAN,Rapeseed &Mustard,6
Punjab,TARN TARAN,Rice,14
Punjab,TARN TARAN,Sesamum,14
Punjab,TARN TARAN,Sugarcane,5
Punjab,TARN TARAN,Sunflower,1
Punjab,TARN TARAN,Wheat,14
Rajasthan,AJMER,Arhar/Tur,8
Rajasthan,AJMER,Bajra,23
Rajasthan,AJMER,Barley,23
Rajasthan,AJMER,Castor seed,20
Rajasthan,AJMER,Coriander,22
Rajasthan,AJMER,Cotton(lint),23
Rajasthan,AJMER,Dry chillies,22
Rajasthan,AJMER,Garlic,19
Rajasthan,AJMER,Gram,23
Rajasthan,AJMER,Groundnut,23
Rajasthan,AJMER,Guar seed,20
Rajasthan,AJMER,Jowar,23
Rajasthan,AJMER,Linseed,23
Rajasthan,AJMER,Maize,23
Rajasthan,AJMER,Masoor,20
Rajasthan,AJMER,Moong(Green Gram),22
Rajasthan,AJMER,Moth,19
Rajasthan,AJMER,Onion,23
Rajasthan,AJMER,Other  Rabi pulses,12
Rajasthan,AJMER,Other Kharif pulses,21
Rajasthan,AJMER,Peas & beans (Pulses),15
Rajasthan,AJMER,Potato,12
Rajasthan,AJMER,Rapeseed &Mustard,23
Rajasthan,AJMER,Rice,23
Rajasthan,AJMER,Sannhamp,4
Rajasthan,AJMER,Sesamum,23
Rajasthan,AJMER,Small millets,6
Rajasthan,AJMER,Soyabean,20
Rajasthan,AJMER,Sugarcane,23
Rajasthan,AJMER,Sunflower,4
Rajasthan,AJMER,Sweet potato,20
Rajasthan,AJMER,Tapioca,1
Rajasthan,AJMER,Urad,22
Rajasthan,AJMER,Wheat,23
Rajasthan,AJMER,other oilseeds,14
Rajasthan,ALWAR,Arhar/Tur,23
Rajasthan,ALWAR,Bajra,23
Rajasthan,ALWAR,Banana,2
Rajasthan,ALWAR,Barley,23
Rajasthan,ALWAR,Castor seed,7
Rajasthan,ALWAR,Coriander,21
Rajasthan,ALWAR,Cotton(lint),23
Rajasthan,ALWAR,Dry chillies,22
Rajasthan,ALWAR,Garlic,16
Rajasthan,ALWAR,Ginger,1
Rajasthan,ALWAR,Gram,23
Rajasthan,ALWAR,Groundnut,23
Rajasthan,ALWAR,Guar seed,20
Rajasthan,ALWAR,Jowar,23
Rajasthan,ALWAR,Linseed,3
Rajasthan,ALWAR,Maize,23
Rajasthan,ALWAR,Masoor,22
Rajasthan,ALWAR,Moong(Green Gram),21
Rajasthan,ALWAR,Moth,15
Rajasthan,ALWAR,Onion,23
Rajasthan,ALWAR,Other  Rabi pulses,7
Rajasthan,ALWAR,Other Kharif pulses,20
Rajasthan,ALWAR,Peas & beans (Pulses),21
Rajasthan,ALWAR,Potato,23
Rajasthan,ALWAR,Rapeseed &Mustard,23
Rajasthan,ALWAR,Rice,23
Rajasthan,ALWAR,Sannhamp,19
Rajasthan,ALWAR,Sesamum,23
Rajasthan,ALWAR,Small millets,4
Rajasthan,ALWAR,Soyabean,8
Rajasthan,ALWAR,Sugarcane,23
Rajasthan,ALWAR,Sunflower,1
Rajasthan,ALWAR,Sweet potato,17
Rajasthan,ALWAR,Tapioca,1
Rajasthan,ALWAR,Tobacco,21
Rajasthan,ALWAR,Urad,19
Rajasthan,ALWAR,Wheat,23
Rajasthan,ALWAR,other oilseeds,14
Rajasthan,BANSWARA,Arhar/Tur,23
Rajasthan,BANSWARA,Bajra,22
Rajasthan,BANSWARA,Banana,3
Rajasthan,BANSWARA,Barley,23
Rajasthan,BANSWARA,Castor seed,17
Rajasthan,BANSWARA,Coriander,4
Rajasthan,BANSWARA,Cotton(lint),23
Rajasthan,BANSWARA,Dry chillies,22
Rajasthan,BANSWARA,Garlic,12
Rajasthan,BANSWARA,Ginger,4
Rajasthan,BANSWARA,Gram,23
Rajasthan,BANSWARA,Groundnut,23
Rajasthan,BANSWARA,Guar seed,19
Rajasthan,BANSWARA,Jowar,23
Rajasthan,BANSWARA,Linseed,16
Rajasthan,BANSWARA,Maize,23
Rajasthan,BANSWARA,Masoor,17
Rajasthan,BANSWARA,Moong(Green Gram),22
Rajasthan,BANSWARA,Moth,13
Rajasthan,BANSWARA,Onion,23
Rajasthan,BANSWARA,Other  Rabi pulses,22
Rajasthan,BANSWARA,Other Kharif pulses,22
Rajasthan,BANSWARA,Peas & beans (Pulses),20
Rajasthan,BANSWARA,Potato,15
Rajasthan,BANSWARA,Rapeseed &Mustard,23
Rajasthan,BANSWARA,Rice,23
Rajasthan,BANSWARA,Sannhamp,21
Rajasthan,BANSWARA,Sesamum,22
Rajasthan,BANSWARA,Small millets,21
Rajasthan,BANSWARA,Soyabean,23
Rajasthan,BANSWARA,Sugarcane,23
Rajasthan,BANSWARA,Sunflower,2
Rajasthan,BANSWARA,Sweet potato,3
Rajasthan,BANSWARA,Urad,22
Rajasthan,BANSWARA,Wheat,23
Rajasthan,BANSWARA,other oilseeds,13
Rajasthan,BARAN,Arhar/Tur,20
Rajasthan,BARAN,Bajra,23
Rajasthan,BARAN,Banana,2
Rajasthan,BARAN,Barley,23
Rajasthan,BARAN,Castor seed,9
Rajasthan,BARAN,Coriander,22
Rajasthan,BARAN,Cotton(lint),7
Rajasthan,BARAN,Dry chillies,21
Rajasthan,BARAN,Garlic,21
Rajasthan,BARAN,Ginger,14
Rajasthan,BARAN,Gram,23
Rajasthan,BARAN,Groundnut,23
Rajasthan,BARAN,Guar seed,8
Rajasthan,BARAN,Jowar,23
Rajasthan,BARAN,Linseed,23
Rajasthan,BARAN,Maize,23
Rajasthan,BARAN,Masoor,22
Rajasthan,BARAN,Moong(Green Gram),22
Rajasthan,BARAN,Moth,1
Rajasthan,BARAN,Onion,22
Rajasthan,BARAN,Other  Rabi pulses,18
Rajasthan,BARAN,Other Kharif pulses,12
Rajasthan,BARAN,Peas & beans (Pulses),21
Rajasthan,BARAN,Potato,23
Rajasthan,BARAN,Rapeseed &Mustard,23
Rajasthan,BARAN,Rice,23
Rajasthan,BARAN,Sannhamp,13
Rajasthan,BARAN,Sesamum,23
Rajasthan,BARAN,Small millets,2
Rajasthan,BARAN,Soyabean,23
Rajasthan,BARAN,Sugarcane,23
Rajasthan,BARAN,Sunflower,3
Rajasthan,BARAN,Sweet potato,12
Rajasthan,BARAN,Tapioca,1
Rajasthan,BARAN,Turmeric,7
Rajasthan,BARAN,Urad,21
Rajasthan,BARAN,Wheat,23
Rajasthan,BARAN,other oilseeds,14
Rajasthan,BARMER,Bajra,23
Rajasthan,BARMER,Barley,22
Rajasthan,BARMER,Castor seed,23
Rajasthan,BARMER,Coriander,16
Rajasthan,BARMER,Cotton(lint),17
Rajasthan,BARMER,Dry chillies,17
Rajasthan,BARMER,Garlic,1
Rajasthan,BARMER,Gram,22
Rajasthan,BARMER,Groundnut,19
Rajasthan,BARMER,Guar seed,20
Rajasthan,BARMER,Jowar,22
Rajasthan,BARMER,Linseed,15
Rajasthan,BARMER,Maize,22
Rajasthan,BARMER,Moong(Green Gram),22
Rajasthan,BARMER,Moth,20
Rajasthan,BARMER,Onion,23
Rajasthan,BARMER,Other Kharif pulses,11
Rajasthan,BARMER,Peas & beans (Pulses),3
Rajasthan,BARMER,Potato,3
Rajasthan,BARMER,Rapeseed &Mustard,23
Rajasthan,BARMER,Sesamum,22
Rajasthan,BARMER,Small millets,5
Rajasthan,BARMER,Soyabean,1
Rajasthan,BARMER,Sunflower,2
Rajasthan,BARMER,Sweet potato,17
Rajasthan,BARMER,Urad,3
Rajasthan,BARMER,Wheat,23
Rajasthan,BARMER,other oilseeds,14
Rajasthan,BHARATPUR,Arhar/Tur,23
Rajasthan,BHARATPUR,Bajra,23
Rajasthan,BHARATPUR,Barley,23
Rajasthan,BHARATPUR,Castor seed,22
Rajasthan,BHARATPUR,Coriander,19
Rajasthan,BHARATPUR,Cotton(lint),23
Rajasthan,BHARATPUR,Dry chillies,22
Rajasthan,BHARATPUR,Garlic,16
Rajasthan,BHARATPUR,Gram,23
Rajasthan,BHARATPUR,Groundnut,23
Rajasthan,BHARATPUR,Guar seed,20
Rajasthan,BHARATPUR,Jowar,23
Rajasthan,BHARATPUR,Linseed,8
Rajasthan,BHARATPUR,Maize,22
Rajasthan,BHARATPUR,Masoor,22
Rajasthan,BHARATPUR,Moong(Green Gram),22
Rajasthan,BHARATPUR,Moth,17
Rajasthan,BHARATPUR,Onion,23
Rajasthan,BHARATPUR,Other  Rabi pulses,12
Rajasthan,BHARATPUR,Other Kharif pulses,21
Rajasthan,BHARATPUR,Peas & beans (Pulses),21
Rajasthan,BHARATPUR,Potato,23
Rajasthan,BHARATPUR,Rapeseed &Mustard,23
Rajasthan,BHARATPUR,Rice,23
Rajasthan,BHARATPUR,Sannhamp,19
Rajasthan,BHARATPUR,Sesamum,23
Rajasthan,BHARATPUR,Small millets,7
Rajasthan,BHARATPUR,Soyabean,13
Rajasthan,BHARATPUR,Sugarcane,23
Rajasthan,BHARATPUR,Sunflower,2
Rajasthan,BHARATPUR,Sweet potato,20
Rajasthan,BHARATPUR,Tapioca,1
Rajasthan,BHARATPUR,Tobacco,8
Rajasthan,BHARATPUR,Turmeric,1
Rajasthan,BHARATPUR,Urad,22
Rajasthan,BHARATPUR,Wheat,23
Rajasthan,BHARATPUR,other oilseeds,14
Rajasthan,BHILWARA,Arhar/Tur,15
Rajasthan,BHILWARA,Bajra,23
Rajasthan,BHILWARA,Banana,1
Rajasthan,BHILWARA,Barley,23
Rajasthan,BHILWARA,Castor seed,21
Rajasthan,BHILWARA,Coriander,22
Rajasthan,BHILWARA,Cotton(lint),23
Rajasthan,BHILWARA,Dry chillies,22
Rajasthan,BHILWARA,Garlic,21
Rajasthan,BHILWARA,Gram,23
Rajasthan,BHILWARA,Groundnut,23
Rajasthan,BHILWARA,Guar seed,20
Rajasthan,BHILWARA,Jowar,23
Rajasthan,BHILWARA,Linseed,23
Rajasthan,BHILWARA,Maize,23
Rajasthan,BHILWARA,Masoor,22
Rajasthan,BHILWARA,Moong(Green Gram),22
Rajasthan,BHILWARA,Moth,11
Rajasthan,BHILWARA,Onion,22
Rajasthan,BHILWARA,Other  Rabi pulses,16
Rajasthan,BHILWARA,Other Kharif pulses,21
Rajasthan,BHILWARA,Peas & beans (Pulses),21
Rajasthan,BHILWARA,Potato,22
Rajasthan,BHILWARA,Rapeseed &Mustard,23
Rajasthan,BHILWARA,Rice,23
Rajasthan,BHILWARA,Sannhamp,21
Rajasthan,BHILWARA,Sesamum,23
Rajasthan,BHILWARA,Small millets,1
Rajasthan,BHILWARA,Soyabean,23
Rajasthan,BHILWARA,Sugarcane,23
Rajasthan,BHILWARA,Sunflower,2
Rajasthan,BHILWARA,Sweet potato,16
Rajasthan,BHILWARA,Tapioca,1
Rajasthan,BHILWARA,Tobacco,13
Rajasthan,BHILWARA,Turmeric,16
Rajasthan,BHILWARA,Urad,22
Rajasthan,BHILWARA,Wheat,23
Rajasthan,BHILWARA,other oilseeds,14
Rajasthan,BIKANER,Arhar/Tur,6
Rajasthan,BIKANER,Bajra,23
Rajasthan,BIKANER,Barley,23
Rajasthan,BIKANER,Castor seed,22
Rajasthan,BIKANER,Coriander,21
Rajasthan,BIKANER,Cotton(lint),23
Rajasthan,BIKANER,Dry chillies,10
Rajasthan,BIKANER,Garlic,15
Rajasthan,BIKANER,Gram,23
Rajasthan,BIKANER,Groundnut,23
Rajasthan,BIKANER,Guar seed,20
Rajasthan,BIKANER,Jowar,23
Rajasthan,BIKANER,Linseed,14
Rajasthan,BIKANER,Maize,11
Rajasthan,BIKANER,Masoor,12
Rajasthan,BIKANER,Moong(Green Gram),22
Rajasthan,BIKANER,Moth,23
Rajasthan,BIKANER,Onion,19
Rajasthan,BIKANER,Other  Rabi pulses,2
Rajasthan,BIKANER,Other Kharif pulses,16
Rajasthan,BIKANER,Peas & beans (Pulses),17
Rajasthan,BIKANER,Potato,20
Rajasthan,BIKANER,Rapeseed &Mustard,23
Rajasthan,BIKANER,Rice,18
Rajasthan,BIKANER,Sannhamp,1
Rajasthan,BIKANER,Sesamum,21
Rajasthan,BIKANER,Small millets,1
Rajasthan,BIKANER,Soyabean,1
Rajasthan,BIKANER,Sugarcane,20
Rajasthan,BIKANER,Sunflower,3
Rajasthan,BIKANER,Sweet potato,5
Rajasthan,BIKANER,Urad,6
Rajasthan,BIKANER,Wheat,23
Rajasthan,BIKANER,other oilseeds,14
Rajasthan,BUNDI,Arhar/Tur,22
Rajasthan,BUNDI,Bajra,23
Rajasthan,BUNDI,Barley,23
Rajasthan,BUNDI,Castor seed,9
Rajasthan,BUNDI,Coriander,22
Rajasthan,BUNDI,Cotton(lint),21
Rajasthan,BUNDI,Dry chillies,21
Rajasthan,BUNDI,Garlic,21
Rajasthan,BUNDI,Gram,23
Rajasthan,BUNDI,Groundnut,23
Rajasthan,BUNDI,Guar seed,19
Rajasthan,BUNDI,Jowar,23
Rajasthan,BUNDI,Linseed,23
Rajasthan,BUNDI,Maize,23
Rajasthan,BUNDI,Masoor,22
Rajasthan,BUNDI,Moong(Green Gram),22
Rajasthan,BUNDI,Moth,3
Rajasthan,BUNDI,Onion,18
Rajasthan,BUNDI,Other  Rabi pulses,13
Rajasthan,BUNDI,Other Kharif pulses,16
Rajasthan,BUNDI,Peas & beans (Pulses),21
Rajasthan,BUNDI,Potato,23
Rajasthan,BUNDI,Rapeseed &Mustard,23
Rajasthan,BUNDI,Rice,23
Rajasthan,BUNDI,Sannhamp,13
Rajasthan,BUNDI,Sesamum,23
Rajasthan,BUNDI,Soyabean,23
Rajasthan,BUNDI,Sugarcane,23
Rajasthan,BUNDI,Sunflower,2
Rajasthan,BUNDI,Sweet potato,19
Rajasthan,BUNDI,Tapioca,1
Rajasthan,BUNDI,Tobacco,3
Rajasthan,BUNDI,Turmeric,22
Rajasthan,BUNDI,Urad,22
Rajasthan,BUNDI,Wheat,23
Rajasthan,BUNDI,other oilseeds,14
Rajasthan,CHITTORGARH,Arhar/Tur,21
Rajasthan,CHITTORGARH,Bajra,22
Rajasthan,CHITTORGARH,Banana,2
Rajasthan,CHITTORGARH,Barley,23
Rajasthan,CHITTORGARH,Castor seed,16
Rajasthan,CHITTORGARH,Coriander,22
Rajasthan,CHITTORGARH,Cotton(lint),23
Rajasthan,CHITTORGARH,Dry chillies,22
Rajasthan,CHITTORGARH,Garlic,20
Rajasthan,CHITTORGARH,Ginger,3
Rajasthan,CHITTORGARH,Gram,23
Rajasthan,CHITTORGARH,Groundnut,23
Rajasthan,CHITTORGARH,Guar seed,20
Rajasthan,CHITTORGARH,Jowar,23
Rajasthan,CHITTORGARH,Linseed,23
Rajasthan,CHITTORGARH,Maize,23
Rajasthan,CHITTORGARH,Masoor,22
Rajasthan,CHITTORGARH,Mesta,1
Rajasthan,CHITTORGARH,Moong(Green Gram),22
Rajasthan,CHITTORGARH,Moth,3
Rajasthan,CHITTORGARH,Onion,23
Rajasthan,CHITTORGARH,Other  Rabi pulses,16
Rajasthan,CHITTORGARH,Other Kharif pulses,21
Rajasthan,CHITTORGARH,Peas & beans (Pulses),21
Rajasthan,CHITTORGARH,Potato,22
Rajasthan,CHITTORGARH,Rapeseed &Mustard,23
Rajasthan,CHITTORGARH,Rice,23
Rajasthan,CHITTORGARH,Sannhamp,20
Rajasthan,CHITTORGARH,Sesamum,23
Rajasthan,CHITTORGARH,Small millets,6
Rajasthan,CHITTORGARH,Soyabean,23
Rajasthan,CHITTORGARH,Sugarcane,23
Rajasthan,CHITTORGARH,Sunflower,2
Rajasthan,CHITTORGARH,Sweet potato,20
Rajasthan,CHITTORGARH,Tapioca,1
Rajasthan,CHITTORGARH,Tobacco,13
Rajasthan,CHITTORGARH,Turmeric,19
Rajasthan,CHITTORGARH,Urad,22
Rajasthan,CHITTORGARH,Wheat,23
Rajasthan,CHITTORGARH,other oilseeds,14
Rajasthan,CHURU,Bajra,23
Rajasthan,CHURU,Barley,23
Rajasthan,CHURU,Castor seed,12
Rajasthan,CHURU,Coriander,22
Rajasthan,CHURU,Cotton(lint),23
Rajasthan,CHURU,Dry chillies,8
Rajasthan,CHURU,Garlic,6
Rajasthan,CHURU,Gram,23
Rajasthan,CHURU,Groundnut,23
Rajasthan,CHURU,Guar seed,20
Rajasthan,CHURU,Jowar,17
Rajasthan,CHURU,Linseed,8
Rajasthan,CHURU,Maize,5
Rajasthan,CHURU,Masoor,3
Rajasthan,CHURU,Moong(Green Gram),21
Rajasthan,CHURU,Moth,22
Rajasthan,CHURU,Onion,23
Rajasthan,CHURU,Other Kharif pulses,22
Rajasthan,CHURU,Peas & beans (Pulses),8
Rajasthan,CHURU,Potato,8
Rajasthan,CHURU,Rapeseed &Mustard,23
Rajasthan,CHURU,Sesamum,23
Rajasthan,CHURU,Sweet potato,7
Rajasthan,CHURU,Tobacco,7
Rajasthan,CHURU,Urad,6
Rajasthan,CHURU,Wheat,23
Rajasthan,CHURU,other oilseeds,14
Rajasthan,DAUSA,Arhar/Tur,21
Rajasthan,DAUSA,Bajra,23
Rajasthan,DAUSA,Barley,23
Rajasthan,DAUSA,Castor seed,5
Rajasthan,DAUSA,Coriander,16
Rajasthan,DAUSA,Cotton(lint),22
Rajasthan,DAUSA,Dry chillies,18
Rajasthan,DAUSA,Garlic,12
Rajasthan,DAUSA,Gram,23
Rajasthan,DAUSA,Groundnut,23
Rajasthan,DAUSA,Guar seed,20
Rajasthan,DAUSA,Jowar,23
Rajasthan,DAUSA,Linseed,8
Rajasthan,DAUSA,Maize,23
Rajasthan,DAUSA,Masoor,4
Rajasthan,DAUSA,Moong(Green Gram),22
Rajasthan,DAUSA,Moth,23
Rajasthan,DAUSA,Onion,22
Rajasthan,DAUSA,Other  Rabi pulses,8
Rajasthan,DAUSA,Other Kharif pulses,22
Rajasthan,DAUSA,Peas & beans (Pulses),21
Rajasthan,DAUSA,Potato,19
Rajasthan,DAUSA,Rapeseed &Mustard,23
Rajasthan,DAUSA,Rice,5
Rajasthan,DAUSA,Sannhamp,15
Rajasthan,DAUSA,Sesamum,23
Rajasthan,DAUSA,Small millets,4
Rajasthan,DAUSA,Soyabean,3
Rajasthan,DAUSA,Sugarcane,19
Rajasthan,DAUSA,Sweet potato,12
Rajasthan,DAUSA,Tapioca,1
Rajasthan,DAUSA,Tobacco,21
Rajasthan,DAUSA,Urad,22
Rajasthan,DAUSA,Wheat,23
Rajasthan,DAUSA,other oilseeds,14
Rajasthan,DHOLPUR,Arhar/Tur,23
Rajasthan,DHOLPUR,Bajra,23
Rajasthan,DHOLPUR,Barley,23
Rajasthan,DHOLPUR,Castor seed,13
Rajasthan,DHOLPUR,Coriander,15
Rajasthan,DHOLPUR,Cotton(lint),17
Rajasthan,DHOLPUR,Dry chillies,22
Rajasthan,DHOLPUR,Garlic,16
Rajasthan,DHOLPUR,Gram,23
Rajasthan,DHOLPUR,Groundnut,23
Rajasthan,DHOLPUR,Guar seed,20
Rajasthan,DHOLPUR,Jowar,23
Rajasthan,DHOLPUR,Linseed,6
Rajasthan,DHOLPUR,Maize,17
Rajasthan,DHOLPUR,Masoor,20
Rajasthan,DHOLPUR,Mesta,1
Rajasthan,DHOLPUR,Moong(Green Gram),22
Rajasthan,DHOLPUR,Moth,15
Rajasthan,DHOLPUR,Onion,16
Rajasthan,DHOLPUR,Other  Rabi pulses,5
Rajasthan,DHOLPUR,Other Kharif pulses,20
Rajasthan,DHOLPUR,Peas & beans (Pulses),21
Rajasthan,DHOLPUR,Potato,23
Rajasthan,DHOLPUR,Rapeseed &Mustard,23
Rajasthan,DHOLPUR,Rice,23
Rajasthan,DHOLPUR,Sannhamp,16
Rajasthan,DHOLPUR,Sesamum,23
Rajasthan,DHOLPUR,Soyabean,11
Rajasthan,DHOLPUR,Sugarcane,23
Rajasthan,DHOLPUR,Sweet potato,19
Rajasthan,DHOLPUR,Tobacco,2
Rajasthan,DHOLPUR,Turmeric,1
Rajasthan,DHOLPUR,Urad,22
Rajasthan,DHOLPUR,Wheat,23
Rajasthan,DHOLPUR,other oilseeds,9
Rajasthan,DUNGARPUR,Arhar/Tur,23
Rajasthan,DUNGARPUR,Bajra,22
Rajasthan,DUNGARPUR,Banana,2
Rajasthan,DUNGARPUR,Barley,23
Rajasthan,DUNGARPUR,Castor seed,21
Rajasthan,DUNGARPUR,Coriander,13
Rajasthan,DUNGARPUR,Cotton(lint),22
Rajasthan,DUNGARPUR,Dry chillies,22
Rajasthan,DUNGARPUR,Garlic,20
Rajasthan,DUNGARPUR,Ginger,19
Rajasthan,DUNGARPUR,Gram,23
Rajasthan,DUNGARPUR,Groundnut,22
Rajasthan,DUNGARPUR,Guar seed,19
Rajasthan,DUNGARPUR,Jowar,23
Rajasthan,DUNGARPUR,Linseed,2
Rajasthan,DUNGARPUR,Maize,23
Rajasthan,DUNGARPUR,Masoor,1
Rajasthan,DUNGARPUR,Mesta,5
Rajasthan,DUNGARPUR,Moong(Green Gram),22
Rajasthan,DUNGARPUR,Moth,9
Rajasthan,DUNGARPUR,Onion,22
Rajasthan,DUNGARPUR,Other  Rabi pulses,22
Rajasthan,DUNGARPUR,Other Kharif pulses,21
Rajasthan,DUNGARPUR,Peas & beans (Pulses),1
Rajasthan,DUNGARPUR,Potato,9
Rajasthan,DUNGARPUR,Rapeseed &Mustard,23
Rajasthan,DUNGARPUR,Rice,23
Rajasthan,DUNGARPUR,Sannhamp,20
Rajasthan,DUNGARPUR,Sesamum,23
Rajasthan,DUNGARPUR,Small millets,21
Rajasthan,DUNGARPUR,Soyabean,22
Rajasthan,DUNGARPUR,Sugarcane,23
Rajasthan,DUNGARPUR,Sunflower,1
Rajasthan,DUNGARPUR,Turmeric,4
Rajasthan,DUNGARPUR,Urad,22
Rajasthan,DUNGARPUR,Wheat,23
Rajasthan,DUNGARPUR,other oilseeds,9
Rajasthan,GANGANAGAR,Arhar/Tur,20
Rajasthan,GANGANAGAR,Bajra,23
Rajasthan,GANGANAGAR,Barley,23
Rajasthan,GANGANAGAR,Castor seed,21
Rajasthan,GANGANAGAR,Coriander,19
Rajasthan,GANGANAGAR,Cotton(lint),23
Rajasthan,GANGANAGAR,Dry chillies,20
Rajasthan,GANGANAGAR,Garlic,21
Rajasthan,GANGANAGAR,Gram,23
Rajasthan,GANGANAGAR,Groundnut,23
Rajasthan,GANGANAGAR,Guar seed,20
Rajasthan,GANGANAGAR,Jowar,22
Rajasthan,GANGANAGAR,Linseed,12
Rajasthan,GANGANAGAR,Maize,23
Rajasthan,GANGANAGAR,Masoor,20
Rajasthan,GANGANAGAR,Moong(Green Gram),22
Rajasthan,GANGANAGAR,Moth,23
Rajasthan,GANGANAGAR,Onion,21
Rajasthan,GANGANAGAR,Other  Rabi pulses,4
Rajasthan,GANGANAGAR,Other Kharif pulses,16
Rajasthan,GANGANAGAR,Peas & beans (Pulses),19
Rajasthan,GANGANAGAR,Potato,23
Rajasthan,GANGANAGAR,Rapeseed &Mustard,23
Rajasthan,GANGANAGAR,Rice,23
Rajasthan,GANGANAGAR,Sannhamp,8
Rajasthan,GANGANAGAR,Sesamum,23
Rajasthan,GANGANAGAR,Small millets,2
Rajasthan,GANGANAGAR,Soyabean,4
Rajasthan,GANGANAGAR,Sugarcane,23
Rajasthan,GANGANAGAR,Sunflower,3
Rajasthan,GANGANAGAR,Sweet potato,3
Rajasthan,GANGANAGAR,Turmeric,2
Rajasthan,GANGANAGAR,Urad,22
Rajasthan,GANGANAGAR,Wheat,23
Rajasthan,GANGANAGAR,other oilseeds,14
Rajasthan,HANUMANGARH,Arhar/Tur,19
Rajasthan,HANUMANGARH,Bajra,23
Rajasthan,HANUMANGARH,Barley,23
Rajasthan,HANUMANGARH,Castor seed,23
Rajasthan,HANUMANGARH,Coriander,5
Rajasthan,HANUMANGARH,Cotton(lint),23
Rajasthan,HANUMANGARH,Dry chillies,21
Rajasthan,HANUMANGARH,Garlic,21
Rajasthan,HANUMANGARH,Gram,23
Rajasthan,HANUMANGARH,Groundnut,23
Rajasthan,HANUMANGARH,Guar seed,20
Rajasthan,HANUMANGARH,Jowar,19
Rajasthan,HANUMANGARH,Linseed,6
Rajasthan,HANUMANGARH,Maize,18
Rajasthan,HANUMANGARH,Masoor,11
Rajasthan,HANUMANGARH,Moong(Green Gram),22
Rajasthan,HANUMANGARH,Moth,23
Rajasthan,HANUMANGARH,Onion,21
Rajasthan,HANUMANGARH,Other  Rabi pulses,2
Rajasthan,HANUMANGARH,Other Kharif pulses,15
Rajasthan,HANUMANGARH,Peas & beans (Pulses),17
Rajasthan,HANUMANGARH,Potato,23
Rajasthan,HANUMANGARH,Rapeseed &Mustard,23
Rajasthan,HANUMANGARH,Rice,23
Rajasthan,HANUMANGARH,Sannhamp,6
Rajasthan,HANUMANGARH,Sesamum,23
Rajasthan,HANUMANGARH,Soyabean,6
Rajasthan,HANUMANGARH,Sugarcane,23
Rajasthan,HANUMANGARH,Sunflower,2
Rajasthan,HANUMANGARH,Sweet potato,2
Rajasthan,HANUMANGARH,Tapioca,1
Rajasthan,HANUMANGARH,Urad,22
Rajasthan,HANUMANGARH,Wheat,23
Rajasthan,HANUMANGARH,other oilseeds,14
Rajasthan,JAIPUR,Arhar/Tur,23
Rajasthan,JAIPUR,Bajra,23
Rajasthan,JAIPUR,Barley,23
Rajasthan,JAIPUR,Castor seed,18
Rajasthan,JAIPUR,Coriander,22
Rajasthan,JAIPUR,Cotton(lint),21
Rajasthan,JAIPUR,Dry chillies,22
Rajasthan,JAIPUR,Garlic,21
Rajasthan,JAIPUR,Gram,23
Rajasthan,JAIPUR,Groundnut,23
Rajasthan,JAIPUR,Guar seed,20
Rajasthan,JAIPUR,Jowar,23
Rajasthan,JAIPUR,Linseed,20
Rajasthan,JAIPUR,Maize,23
Rajasthan,JAIPUR,Masoor,18
Rajasthan,JAIPUR,Moong(Green Gram),22
Rajasthan,JAIPUR,Moth,22
Rajasthan,JAIPUR,Onion,23
Rajasthan,JAIPUR,Other  Rabi pulses,7
Rajasthan,JAIPUR,Other Kharif pulses,21
Rajasthan,JAIPUR,Peas & beans (Pulses),15
Rajasthan,JAIPUR,Potato,22
Rajasthan,JAIPUR,Rapeseed &Mustard,23
Rajasthan,JAIPUR,Rice,3
Rajasthan,JAIPUR,Sannhamp,8
Rajasthan,JAIPUR,Sesamum,23
Rajasthan,JAIPUR,Small millets,6
Rajasthan,JAIPUR,Soyabean,10
Rajasthan,JAIPUR,Sugarcane,23
Rajasthan,JAIPUR,Sunflower,1
Rajasthan,JAIPUR,Sweet potato,17
Rajasthan,JAIPUR,Tapioca,1
Rajasthan,JAIPUR,Tobacco,14
Rajasthan,JAIPUR,Urad,22
Rajasthan,JAIPUR,Wheat,23
Rajasthan,JAIPUR,other oilseeds,14
Rajasthan,JAISALMER,Arhar/Tur,5
Rajasthan,JAISALMER,Bajra,22
Rajasthan,JAISALMER,Barley,23
Rajasthan,JAISALMER,Castor seed,20
Rajasthan,JAISALMER,Coriander,19
Rajasthan,JAISALMER,Cotton(lint),23
Rajasthan,JAISALMER,Dry chillies,21
Rajasthan,JAISALMER,Garlic,3
Rajasthan,JAISALMER,Gram,23
Rajasthan,JAISALMER,Groundnut,23
Rajasthan,JAISALMER,Guar seed,19
Rajasthan,JAISALMER,Jowar,22
Rajasthan,JAISALMER,Linseed,7
Rajasthan,JAISALMER,Maize,2
Rajasthan,JAISALMER,Masoor,3
Rajasthan,JAISALMER,Moong(Green Gram),22
Rajasthan,JAISALMER,Moth,22
Rajasthan,JAISALMER,Onion,21
Rajasthan,JAISALMER,Other  Rabi pulses,2
Rajasthan,JAISALMER,Other Kharif pulses,7
Rajasthan,JAISALMER,Peas & beans (Pulses),5
Rajasthan,JAISALMER,Potato,5
Rajasthan,JAISALMER,Rapeseed &Mustard,23
Rajasthan,JAISALMER,Sesamum,23
Rajasthan,JAISALMER,Sugarcane,7
Rajasthan,JAISALMER,Tobacco,1
Rajasthan,JAISALMER,Urad,4
Rajasthan,JAISALMER,Wheat,23
Rajasthan,JAISALMER,other oilseeds,14
Rajasthan,JALORE,Arhar/Tur,4
Rajasthan,JALORE,Bajra,23
Rajasthan,JALORE,Barley,23
Rajasthan,JALORE,Castor seed,23
Rajasthan,JALORE,Coriander,19
Rajasthan,JALORE,Cotton(lint),23
Rajasthan,JALORE,Dry chillies,22
Rajasthan,JALORE,Garlic,19
Rajasthan,JALORE,Gram,23
Rajasthan,JALORE,Groundnut,23
Rajasthan,JALORE,Guar seed,20
Rajasthan,JALORE,Jowar,23
Rajasthan,JALORE,Linseed,14
Rajasthan,JALORE,Maize,23
Rajasthan,JALORE,Masoor,4
Rajasthan,JALORE,Moong(Green Gram),20
Rajasthan,JALORE,Moth,21
Rajasthan,JALORE,Onion,23
Rajasthan,JALORE,Other  Rabi pulses,6
Rajasthan,JALORE,Other Kharif pulses,22
Rajasthan,JALORE,Peas & beans (Pulses),7
Rajasthan,JALORE,Potato,21
Rajasthan,JALORE,Rapeseed &Mustard,23
Rajasthan,JALORE,Sannhamp,7
Rajasthan,JALORE,Sesamum,21
Rajasthan,JALORE,Small millets,35
Rajasthan,JALORE,Soyabean,3
Rajasthan,JALORE,Sunflower,1
Rajasthan,JALORE,Sweet potato,20
Rajasthan,JALORE,Tobacco,21
Rajasthan,JALORE,Urad,9
Rajasthan,JALORE,Wheat,23
Rajasthan,JALORE,other oilseeds,14
Rajasthan,JHALAWAR,Arhar/Tur,23
Rajasthan,JHALAWAR,Bajra,23
Rajasthan,JHALAWAR,Barley,23
Rajasthan,JHALAWAR,Castor seed,4
Rajasthan,JHALAWAR,Coriander,22
Rajasthan,JHALAWAR,Cotton(lint),19
Rajasthan,JHALAWAR,Dry chillies,22
Rajasthan,JHALAWAR,Garlic,21
Rajasthan,JHALAWAR,Ginger,4
Rajasthan,JHALAWAR,Gram,23
Rajasthan,JHALAWAR,Groundnut,23
Rajasthan,JHALAWAR,Guar seed,8
Rajasthan,JHALAWAR,Jowar,23
Rajasthan,JHALAWAR,Linseed,23
Rajasthan,JHALAWAR,Maize,23
Rajasthan,JHALAWAR,Masoor,22
Rajasthan,JHALAWAR,Moong(Green Gram),22
Rajasthan,JHALAWAR,Moth,1
Rajasthan,JHALAWAR,Onion,23
Rajasthan,JHALAWAR,Other  Rabi pulses,22
Rajasthan,JHALAWAR,Other Kharif pulses,22
Rajasthan,JHALAWAR,Peas & beans (Pulses),22
Rajasthan,JHALAWAR,Potato,23
Rajasthan,JHALAWAR,Rapeseed &Mustard,23
Rajasthan,JHALAWAR,Rice,23
Rajasthan,JHALAWAR,Sannhamp,11
Rajasthan,JHALAWAR,Sesamum,23
Rajasthan,JHALAWAR,Soyabean,23
Rajasthan,JHALAWAR,Sugarcane,23
Rajasthan,JHALAWAR,Sunflower,6
Rajasthan,JHALAWAR,Sweet potato,20
Rajasthan,JHALAWAR,Tapioca,1
Rajasthan,JHALAWAR,Tobacco,3
Rajasthan,JHALAWAR,Turmeric,1
Rajasthan,JHALAWAR,Urad,22
Rajasthan,JHALAWAR,Wheat,23
Rajasthan,JHALAWAR,other oilseeds,14
Rajasthan,JHUNJHUNU,Arhar/Tur,5
Rajasthan,JHUNJHUNU,Bajra,23
Rajasthan,JHUNJHUNU,Barley,23
Rajasthan,JHUNJHUNU,Castor seed,18
Rajasthan,JHUNJHUNU,Coriander,20
Rajasthan,JHUNJHUNU,Cotton(lint),23
Rajasthan,JHUNJHUNU,Dry chillies,22
Rajasthan,JHUNJHUNU,Garlic,21
Rajasthan,JHUNJHUNU,Gram,23
Rajasthan,JHUNJHUNU,Groundnut,23
Rajasthan,JHUNJHUNU,Guar seed,20
Rajasthan,JHUNJHUNU,Jowar,17
Rajasthan,JHUNJHUNU,Linseed,2
Rajasthan,JHUNJHUNU,Maize,10
Rajasthan,JHUNJHUNU,Masoor,7
Rajasthan,JHUNJHUNU,Moong(Green Gram),22
Rajasthan,JHUNJHUNU,Moth,22
Rajasthan,JHUNJHUNU,Onion,23
Rajasthan,JHUNJHUNU,Other  Rabi pulses,1
Rajasthan,JHUNJHUNU,Other Kharif pulses,22
Rajasthan,JHUNJHUNU,Peas & beans (Pulses),16
Rajasthan,JHUNJHUNU,Potato,20
Rajasthan,JHUNJHUNU,Rapeseed &Mustard,23
Rajasthan,JHUNJHUNU,Sannhamp,9
Rajasthan,JHUNJHUNU,Sesamum,22
Rajasthan,JHUNJHUNU,Small millets,1
Rajasthan,JHUNJHUNU,Soyabean,3
Rajasthan,JHUNJHUNU,Sugarcane,3
Rajasthan,JHUNJHUNU,Sunflower,3
Rajasthan,JHUNJHUNU,Sweet potato,16
Rajasthan,JHUNJHUNU,Tobacco,20
Rajasthan,JHUNJHUNU,Urad,4
Rajasthan,JHUNJHUNU,Wheat,23
Rajasthan,JHUNJHUNU,other oilseeds,13
Rajasthan,JODHPUR,Arhar/Tur,2
Rajasthan,JODHPUR,Bajra,23
Rajasthan,JODHPUR,Barley,23
Rajasthan,JODHPUR,Castor seed,23
Rajasthan,JODHPUR,Coriander,22
Rajasthan,JODHPUR,Cotton(lint),23
Rajasthan,JODHPUR,Dry chillies,22
Rajasthan,JODHPUR,Garlic,21
Rajasthan,JODHPUR,Gram,23
Rajasthan,JODHPUR,Groundnut,23
Rajasthan,JODHPUR,Guar seed,20
Rajasthan,JODHPUR,Jowar,23
Rajasthan,JODHPUR,Linseed,9
Rajasthan,JODHPUR,Maize,22
Rajasthan,JODHPUR,Masoor,1
Rajasthan,JODHPUR,Moong(Green Gram),22
Rajasthan,JODHPUR,Moth,22
Rajasthan,JODHPUR,Onion,23
Rajasthan,JODHPUR,Other  Rabi pulses,3
Rajasthan,JODHPUR,Other Kharif pulses,21
Rajasthan,JODHPUR,Peas & beans (Pulses),11
Rajasthan,JODHPUR,Potato,6
Rajasthan,JODHPUR,Rapeseed &Mustard,23
Rajasthan,JODHPUR,Rice,1
Rajasthan,JODHPUR,Sesamum,23
Rajasthan,JODHPUR,Small millets,5
Rajasthan,JODHPUR,Soyabean,2
Rajasthan,JODHPUR,Sugarcane,4
Rajasthan,JODHPUR,Sunflower,7
Rajasthan,JODHPUR,Sweet potato,19
Rajasthan,JODHPUR,Tobacco,6
Rajasthan,JODHPUR,Urad,3
Rajasthan,JODHPUR,Wheat,23
Rajasthan,JODHPUR,other oilseeds,14
Rajasthan,KARAULI,Arhar/Tur,23
Rajasthan,KARAULI,Bajra,22
Rajasthan,KARAULI,Banana,2
Rajasthan,KARAULI,Barley,23
Rajasthan,KARAULI,Castor seed,6
Rajasthan,KARAULI,Coriander,21
Rajasthan,KARAULI,Cotton(lint),16
Rajasthan,KARAULI,Dry chillies,22
Rajasthan,KARAULI,Garlic,14
Rajasthan,KARAULI,Gram,23
Rajasthan,KARAULI,Groundnut,22
Rajasthan,KARAULI,Guar seed,20
Rajasthan,KARAULI,Jowar,22
Rajasthan,KARAULI,Linseed,10
Rajasthan,KARAULI,Maize,22
Rajasthan,KARAULI,Masoor,10
Rajasthan,KARAULI,Moong(Green Gram),22
Rajasthan,KARAULI,Moth,20
Rajasthan,KARAULI,Onion,20
Rajasthan,KARAULI,Other  Rabi pulses,9
Rajasthan,KARAULI,Other Kharif pulses,13
Rajasthan,KARAULI,Peas & beans (Pulses),19
Rajasthan,KARAULI,Potato,22
Rajasthan,KARAULI,Rapeseed &Mustard,23
Rajasthan,KARAULI,Rice,22
Rajasthan,KARAULI,Sannhamp,14
Rajasthan,KARAULI,Sesamum,22
Rajasthan,KARAULI,Small millets,1
Rajasthan,KARAULI,Soyabean,17
Rajasthan,KARAULI,Sugarcane,22
Rajasthan,KARAULI,Sunflower,1
Rajasthan,KARAULI,Sweet potato,20
Rajasthan,KARAULI,Tapioca,1
Rajasthan,KARAULI,Tobacco,21
Rajasthan,KARAULI,Turmeric,5
Rajasthan,KARAULI,Urad,22
Rajasthan,KARAULI,Wheat,23
Rajasthan,KARAULI,other oilseeds,14
Rajasthan,KOTA,Arhar/Tur,23
Rajasthan,KOTA,Bajra,21
Rajasthan,KOTA,Banana,1
Rajasthan,KOTA,Barley,23
Rajasthan,KOTA,Castor seed,9
Rajasthan,KOTA,Coriander,22
Rajasthan,KOTA,Cotton(lint),12
Rajasthan,KOTA,Dry chillies,22
Rajasthan,KOTA,Garlic,21
Rajasthan,KOTA,Ginger,2
Rajasthan,KOTA,Gram,23
Rajasthan,KOTA,Groundnut,23
Rajasthan,KOTA,Guar seed,10
Rajasthan,KOTA,Jowar,23
Rajasthan,KOTA,Linseed,23
Rajasthan,KOTA,Maize,23
Rajasthan,KOTA,Masoor,22
Rajasthan,KOTA,Moong(Green Gram),22
Rajasthan,KOTA,Moth,2
Rajasthan,KOTA,Onion,22
Rajasthan,KOTA,Other  Rabi pulses,16
Rajasthan,KOTA,Other Kharif pulses,13
Rajasthan,KOTA,Peas & beans (Pulses),21
Rajasthan,KOTA,Potato,23
Rajasthan,KOTA,Rapeseed &Mustard,23
Rajasthan,KOTA,Rice,23
Rajasthan,KOTA,Sannhamp,8
Rajasthan,KOTA,Sesamum,23
Rajasthan,KOTA,Small millets,1
Rajasthan,KOTA,Soyabean,23
Rajasthan,KOTA,Sugarcane,23
Rajasthan,KOTA,Sunflower,3
Rajasthan,KOTA,Sweet potato,4
Rajasthan,KOTA,Tapioca,1
Rajasthan,KOTA,Turmeric,9
Rajasthan,KOTA,Urad,22
Rajasthan,KOTA,Wheat,23
Rajasthan,KOTA,other oilseeds,14
Rajasthan,NAGAUR,Arhar/Tur,3
Rajasthan,NAGAUR,Bajra,23
Rajasthan,NAGAUR,Barley,23
Rajasthan,NAGAUR,Castor seed,23
Rajasthan,NAGAUR,Coriander,22
Rajasthan,NAGAUR,Cotton(lint),23
Rajasthan,NAGAUR,Dry chillies,22
Rajasthan,NAGAUR,Garlic,21
Rajasthan,NAGAUR,Gram,23
Rajasthan,NAGAUR,Groundnut,23
Rajasthan,NAGAUR,Guar seed,20
Rajasthan,NAGAUR,Jowar,23
Rajasthan,NAGAUR,Linseed,21
Rajasthan,NAGAUR,Maize,23
Rajasthan,NAGAUR,Masoor,7
Rajasthan,NAGAUR,Moong(Green Gram),22
Rajasthan,NAGAUR,Moth,23
Rajasthan,NAGAUR,Onion,23
Rajasthan,NAGAUR,Other  Rabi pulses,2
Rajasthan,NAGAUR,Other Kharif pulses,22
Rajasthan,NAGAUR,Peas & beans (Pulses),21
Rajasthan,NAGAUR,Potato,17
Rajasthan,NAGAUR,Rapeseed &Mustard,23
Rajasthan,NAGAUR,Sannhamp,1
Rajasthan,NAGAUR,Sesamum,23
Rajasthan,NAGAUR,Soyabean,9
Rajasthan,NAGAUR,Sugarcane,8
Rajasthan,NAGAUR,Sunflower,4
Rajasthan,NAGAUR,Sweet potato,20
Rajasthan,NAGAUR,Tobacco,4
Rajasthan,NAGAUR,Urad,8
Rajasthan,NAGAUR,Wheat,23
Rajasthan,NAGAUR,other oilseeds,14
Rajasthan,PALI,Arhar/Tur,18
Rajasthan,PALI,Bajra,22
Rajasthan,PALI,Banana,2
Rajasthan,PALI,Barley,23
Rajasthan,PALI,Castor seed,23
Rajasthan,PALI,Coriander,22
Rajasthan,PALI,Cotton(lint),23
Rajasthan,PALI,Dry chillies,22
Rajasthan,PALI,Garlic,21
Rajasthan,PALI,Gram,23
Rajasthan,PALI,Groundnut,22
Rajasthan,PALI,Guar seed,20
Rajasthan,PALI,Jowar,23
Rajasthan,PALI,Linseed,16
Rajasthan,PALI,Maize,23
Rajasthan,PALI,Masoor,6
Rajasthan,PALI,Moong(Green Gram),21
Rajasthan,PALI,Moth,22
Rajasthan,PALI,Onion,23
Rajasthan,PALI,Other  Rabi pulses,15
Rajasthan,PALI,Other Kharif pulses,22
Rajasthan,PALI,Peas & beans (Pulses),13
Rajasthan,PALI,Potato,17
Rajasthan,PALI,Rapeseed &Mustard,23
Rajasthan,PALI,Rice,2
Rajasthan,PALI,Sannhamp,17
Rajasthan,PALI,Sesamum,23
Rajasthan,PALI,Small millets,17
Rajasthan,PALI,Soyabean,16
Rajasthan,PALI,Sugarcane,5
Rajasthan,PALI,Sunflower,2
Rajasthan,PALI,Sweet potato,19
Rajasthan,PALI,Urad,22
Rajasthan,PALI,Wheat,23
Rajasthan,PALI,other oilseeds,14
Rajasthan,PRATAPGARH,Arhar/Tur,12
Rajasthan,PRATAPGARH,Bajra,12
Rajasthan,PRATAPGARH,Banana,1
Rajasthan,PRATAPGARH,Barley,12
Rajasthan,PRATAPGARH,Castor seed,5
Rajasthan,PRATAPGARH,Coriander,12
Rajasthan,PRATAPGARH,Cotton(lint),12
Rajasthan,PRATAPGARH,Dry chillies,12
Rajasthan,PRATAPGARH,Garlic,11
Rajasthan,PRATAPGARH,Ginger,4
Rajasthan,PRATAPGARH,Gram,12
Rajasthan,PRATAPGARH,Groundnut,12
Rajasthan,PRATAPGARH,Guar seed,11
Rajasthan,PRATAPGARH,Jowar,12
Rajasthan,PRATAPGARH,Linseed,12
Rajasthan,PRATAPGARH,Maize,12
Rajasthan,PRATAPGARH,Masoor,12
Rajasthan,PRATAPGARH,Moong(Green Gram),12
Rajasthan,PRATAPGARH,Moth,1
Rajasthan,PRATAPGARH,Onion,12
Rajasthan,PRATAPGARH,Other  Rabi pulses,9
Rajasthan,PRATAPGARH,Other Kharif pulses,12
Rajasthan,PRATAPGARH,Peas & beans (Pulses),10
Rajasthan,PRATAPGARH,Potato,10
Rajasthan,PRATAPGARH,Rapeseed &Mustard,12
Rajasthan,PRATAPGARH,Rice,12
Rajasthan,PRATAPGARH,Sannhamp,7
Rajasthan,PRATAPGARH,Sesamum,12
Rajasthan,PRATAPGARH,Small millets,5
Rajasthan,PRATAPGARH,Soyabean,12
Rajasthan,PRATAPGARH,Sugarcane,10
Rajasthan,PRATAPGARH,Sweet potato,1
Rajasthan,PRATAPGARH,Urad,12
Rajasthan,PRATAPGARH,Wheat,12
Rajasthan,PRATAPGARH,other oilseeds,12
Rajasthan,RAJSAMAND,Arhar/Tur,11
Rajasthan,RAJSAMAND,Bajra,23
Rajasthan,RAJSAMAND,Banana,3
Rajasthan,RAJSAMAND,Barley,23
Rajasthan,RAJSAMAND,Castor seed,6
Rajasthan,RAJSAMAND,Coriander,21
Rajasthan,RAJSAMAND,Cotton(lint),23
Rajasthan,RAJSAMAND,Dry chillies,22
Rajasthan,RAJSAMAND,Garlic,21
Rajasthan,RAJSAMAND,Ginger,1
Rajasthan,RAJSAMAND,Gram,23
Rajasthan,RAJSAMAND,Groundnut,23
Rajasthan,RAJSAMAND,Guar seed,20
Rajasthan,RAJSAMAND,Jowar,22
Rajasthan,RAJSAMAND,Linseed,15
Rajasthan,RAJSAMAND,Maize,23
Rajasthan,RAJSAMAND,Masoor,1
Rajasthan,RAJSAMAND,Moong(Green Gram),22
Rajasthan,RAJSAMAND,Moth,19
Rajasthan,RAJSAMAND,Onion,21
Rajasthan,RAJSAMAND,Other  Rabi pulses,9
Rajasthan,RAJSAMAND,Other Kharif pulses,22
Rajasthan,RAJSAMAND,Peas & beans (Pulses),15
Rajasthan,RAJSAMAND,Potato,21
Rajasthan,RAJSAMAND,Rapeseed &Mustard,23
Rajasthan,RAJSAMAND,Rice,23
Rajasthan,RAJSAMAND,Sannhamp,20
Rajasthan,RAJSAMAND,Sesamum,23
Rajasthan,RAJSAMAND,Small millets,15
Rajasthan,RAJSAMAND,Soyabean,17
Rajasthan,RAJSAMAND,Sugarcane,23
Rajasthan,RAJSAMAND,Sunflower,1
Rajasthan,RAJSAMAND,Sweet potato,4
Rajasthan,RAJSAMAND,Tapioca,1
Rajasthan,RAJSAMAND,Tobacco,20
Rajasthan,RAJSAMAND,Turmeric,2
Rajasthan,RAJSAMAND,Urad,22
Rajasthan,RAJSAMAND,Wheat,23
Rajasthan,RAJSAMAND,other oilseeds,14
Rajasthan,SAWAI MADHOPUR,Arhar/Tur,23
Rajasthan,SAWAI MADHOPUR,Bajra,23
Rajasthan,SAWAI MADHOPUR,Barley,23
Rajasthan,SAWAI MADHOPUR,Castor seed,6
Rajasthan,SAWAI MADHOPUR,Coriander,22
Rajasthan,SAWAI MADHOPUR,Cotton(lint),9
Rajasthan,SAWAI MADHOPUR,Dry chillies,22
Rajasthan,SAWAI MADHOPUR,Garlic,21
Rajasthan,SAWAI MADHOPUR,Gram,23
Rajasthan,SAWAI MADHOPUR,Groundnut,23
Rajasthan,SAWAI MADHOPUR,Guar seed,20
Rajasthan,SAWAI MADHOPUR,Jowar,23
Rajasthan,SAWAI MADHOPUR,Linseed,15
Rajasthan,SAWAI MADHOPUR,Maize,23
Rajasthan,SAWAI MADHOPUR,Masoor,21
Rajasthan,SAWAI MADHOPUR,Moong(Green Gram),22
Rajasthan,SAWAI MADHOPUR,Moth,21
Rajasthan,SAWAI MADHOPUR,Onion,23
Rajasthan,SAWAI MADHOPUR,Other  Rabi pulses,8
Rajasthan,SAWAI MADHOPUR,Other Kharif pulses,18
Rajasthan,SAWAI MADHOPUR,Peas & beans (Pulses),21
Rajasthan,SAWAI MADHOPUR,Potato,22
Rajasthan,SAWAI MADHOPUR,Rapeseed &Mustard,23
Rajasthan,SAWAI MADHOPUR,Rice,23
Rajasthan,SAWAI MADHOPUR,Sannhamp,21
Rajasthan,SAWAI MADHOPUR,Sesamum,23
Rajasthan,SAWAI MADHOPUR,Soyabean,23
Rajasthan,SAWAI MADHOPUR,Sugarcane,23
Rajasthan,SAWAI MADHOPUR,Sweet potato,19
Rajasthan,SAWAI MADHOPUR,Tapioca,1
Rajasthan,SAWAI MADHOPUR,Tobacco,10
Rajasthan,SAWAI MADHOPUR,Turmeric,4
Rajasthan,SAWAI MADHOPUR,Urad,22
Rajasthan,SAWAI MADHOPUR,Wheat,23
Rajasthan,SAWAI MADHOPUR,other oilseeds,14
Rajasthan,SIKAR,Arhar/Tur,15
Rajasthan,SIKAR,Bajra,23
Rajasthan,SIKAR,Barley,23
Rajasthan,SIKAR,Castor seed,13
Rajasthan,SIKAR,Coriander,20
Rajasthan,SIKAR,Cotton(lint),23
Rajasthan,SIKAR,Dry chillies,21
Rajasthan,SIKAR,Garlic,21
Rajasthan,SIKAR,Gram,23
Rajasthan,SIKAR,Groundnut,23
Rajasthan,SIKAR,Guar seed,20
Rajasthan,SIKAR,Jowar,20
Rajasthan,SIKAR,Linseed,3
Rajasthan,SIKAR,Maize,23
Rajasthan,SIKAR,Masoor,8
Rajasthan,SIKAR,Moong(Green Gram),22
Rajasthan,SIKAR,Moth,22
Rajasthan,SIKAR,Onion,23
Rajasthan,SIKAR,Other  Rabi pulses,2
Rajasthan,SIKAR,Other Kharif pulses,22
Rajasthan,SIKAR,Peas & beans (Pulses),13
Rajasthan,SIKAR,Potato,19
Rajasthan,SIKAR,Rapeseed &Mustard,23
Rajasthan,SIKAR,Sannhamp,12
Rajasthan,SIKAR,Sesamum,23
Rajasthan,SIKAR,Soyabean,6
Rajasthan,SIKAR,Sugarcane,22
Rajasthan,SIKAR,Sunflower,1
Rajasthan,SIKAR,Sweet potato,20
Rajasthan,SIKAR,Tobacco,15
Rajasthan,SIKAR,Urad,4
Rajasthan,SIKAR,Wheat,23
Rajasthan,SIKAR,other oilseeds,14
Rajasthan,SIROHI,Arhar/Tur,20
Rajasthan,SIROHI,Bajra,23
Rajasthan,SIROHI,Banana,2
Rajasthan,SIROHI,Barley,23
Rajasthan,SIROHI,Castor seed,23
Rajasthan,SIROHI,Coriander,22
Rajasthan,SIROHI,Cotton(lint),23
Rajasthan,SIROHI,Dry chillies,22
Rajasthan,SIROHI,Garlic,20
Rajasthan,SIROHI,Gram,23
Rajasthan,SIROHI,Groundnut,22
Rajasthan,SIROHI,Guar seed,20
Rajasthan,SIROHI,Jowar,21
Rajasthan,SIROHI,Linseed,5
Rajasthan,SIROHI,Maize,23
Rajasthan,SIROHI,Masoor,1
Rajasthan,SIROHI,Mesta,1
Rajasthan,SIROHI,Moong(Green Gram),22
Rajasthan,SIROHI,Moth,11
Rajasthan,SIROHI,Onion,22
Rajasthan,SIROHI,Other  Rabi pulses,18
Rajasthan,SIROHI,Other Kharif pulses,22
Rajasthan,SIROHI,Peas & beans (Pulses),15
Rajasthan,SIROHI,Potato,23
Rajasthan,SIROHI,Rapeseed &Mustard,23
Rajasthan,SIROHI,Rice,14
Rajasthan,SIROHI,Sannhamp,10
Rajasthan,SIROHI,Sesamum,23
Rajasthan,SIROHI,Small millets,34
Rajasthan,SIROHI,Soyabean,4
Rajasthan,SIROHI,Sugarcane,4
Rajasthan,SIROHI,Sweet potato,15
Rajasthan,SIROHI,Tobacco,17
Rajasthan,SIROHI,Turmeric,1
Rajasthan,SIROHI,Urad,22
Rajasthan,SIROHI,Wheat,23
Rajasthan,SIROHI,other oilseeds,14
Rajasthan,TONK,Arhar/Tur,12
Rajasthan,TONK,Bajra,23
Rajasthan,TONK,Banana,1
Rajasthan,TONK,Barley,23
Rajasthan,TONK,Castor seed,19
Rajasthan,TONK,Coriander,22
Rajasthan,TONK,Cotton(lint),22
Rajasthan,TONK,Dry chillies,22
Rajasthan,TONK,Garlic,19
Rajasthan,TONK,Gram,23
Rajasthan,TONK,Groundnut,23
Rajasthan,TONK,Guar seed,20
Rajasthan,TONK,Jowar,23
Rajasthan,TONK,Linseed,23
Rajasthan,TONK,Maize,23
Rajasthan,TONK,Masoor,22
Rajasthan,TONK,Moong(Green Gram),22
Rajasthan,TONK,Moth,21
Rajasthan,TONK,Onion,23
Rajasthan,TONK,Other  Rabi pulses,21
Rajasthan,TONK,Other Kharif pulses,22
Rajasthan,TONK,Peas & beans (Pulses),21
Rajasthan,TONK,Potato,22
Rajasthan,TONK,Rapeseed &Mustard,23
Rajasthan,TONK,Rice,15
Rajasthan,TONK,Sannhamp,9
Rajasthan,TONK,Sesamum,23
Rajasthan,TONK,Small millets,1
Rajasthan,TONK,Soyabean,22
Rajasthan,TONK,Sugarcane,23
Rajasthan,TONK,Sweet potato,16
Rajasthan,TONK,Tapioca,1
Rajasthan,TONK,Tobacco,1
Rajasthan,TONK,Turmeric,5
Rajasthan,TONK,Urad,22
Rajasthan,TONK,Wheat,23
Rajasthan,TONK,other oilseeds,14
Rajasthan,UDAIPUR,Arhar/Tur,23
Rajasthan,UDAIPUR,Bajra,22
Rajasthan,UDAIPUR,Banana,2
Rajasthan,UDAIPUR,Barley,23
Rajasthan,UDAIPUR,Castor seed,22
Rajasthan,UDAIPUR,Coriander,22
Rajasthan,UDAIPUR,Cotton(lint),22
Rajasthan,UDAIPUR,Dry chillies,22
Rajasthan,UDAIPUR,Garlic,21
Rajasthan,UDAIPUR,Ginger,21
Rajasthan,UDAIPUR,Gram,23
Rajasthan,UDAIPUR,Groundnut,23
Rajasthan,UDAIPUR,Guar seed,20
Rajasthan,UDAIPUR,Jowar,23
Rajasthan,UDAIPUR,Linseed,21
Rajasthan,UDAIPUR,Maize,23
Rajasthan,UDAIPUR,Masoor,2
Rajasthan,UDAIPUR,Moong(Green Gram),22
Rajasthan,UDAIPUR,Moth,10
Rajasthan,UDAIPUR,Onion,21
Rajasthan,UDAIPUR,Other  Rabi pulses,21
Rajasthan,UDAIPUR,Other Kharif pulses,22
Rajasthan,UDAIPUR,Peas & beans (Pulses),18
Rajasthan,UDAIPUR,Potato,20
Rajasthan,UDAIPUR,Rapeseed &Mustard,23
Rajasthan,UDAIPUR,Rice,23
Rajasthan,UDAIPUR,Sannhamp,21
Rajasthan,UDAIPUR,Sesamum,23
Rajasthan,UDAIPUR,Small millets,26
Rajasthan,UDAIPUR,Soyabean,23
Rajasthan,UDAIPUR,Sugarcane,23
Rajasthan,UDAIPUR,Sweet potato,6
Rajasthan,UDAIPUR,Tobacco,6
Rajasthan,UDAIPUR,Turmeric,22
Rajasthan,UDAIPUR,Urad,22
Rajasthan,UDAIPUR,Wheat,23
Rajasthan,UDAIPUR,other oilseeds,14
Sikkim,EAST DISTRICT,Barley,23
Sikkim,EAST DISTRICT,Maize,26
Sikkim,EAST DISTRICT,Other  Rabi pulses,2
Sikkim,EAST DISTRICT,Other Cereals,12
Sikkim,EAST DISTRICT,Other Kharif pulses,19
Sikkim,EAST DISTRICT,Potato,2
Sikkim,EAST DISTRICT,Rapeseed &Mustard,23
Sikkim,EAST DISTRICT,Rice,23
Sikkim,EAST DISTRICT,Small millets,22
Sikkim,EAST DISTRICT,Soyabean,23
Sikkim,EAST DISTRICT,Urad,23
Sikkim,EAST DISTRICT,Wheat,23
Sikkim,EAST DISTRICT,other oilseeds,1
Sikkim,NORTH DISTRICT,Barley,23
Sikkim,NORTH DISTRICT,Maize,24
Sikkim,NORTH DISTRICT,Other  Rabi pulses,2
Sikkim,NORTH DISTRICT,Other Cereals,12
Sikkim,NORTH DISTRICT,Other Kharif pulses,19
Sikkim,NORTH DISTRICT,Potato,2
Sikkim,NORTH DISTRICT,Rapeseed &Mustard,23
Sikkim,NORTH DISTRICT,Rice,23
Sikkim,NORTH DISTRICT,Small millets,22
Sikkim,NORTH DISTRICT,Soyabean,23
Sikkim,NORTH DISTRICT,Urad,15
Sikkim,NORTH DISTRICT,Wheat,23
Sikkim,SOUTH DISTRICT,Barley,23
Sikkim,SOUTH DISTRICT,Maize,27
Sikkim,SOUTH DISTRICT,Other  Rabi pulses,2
Sikkim,SOUTH DISTRICT,Other Cereals,12
Sikkim,SOUTH DISTRICT,Other Kharif pulses,19
Sikkim,SOUTH DISTRICT,Potato,2
Sikkim,SOUTH DISTRICT,Rapeseed &Mustard,23
Sikkim,SOUTH DISTRICT,Rice,23
Sikkim,SOUTH DISTRICT,Small millets,22
Sikkim,SOUTH DISTRICT,Soyabean,23
Sikkim,SOUTH DISTRICT,Urad,23
Sikkim,SOUTH DISTRICT,Wheat,20
Sikkim,SOUTH DISTRICT,other oilseeds,5
Sikkim,WEST DISTRICT,Barley,20
Sikkim,WEST DISTRICT,Maize,27
Sikkim,WEST DISTRICT,Other  Rabi pulses,2
Sikkim,WEST DISTRICT,Other Cereals,12
Sikkim,WEST DISTRICT,Other Kharif pulses,19
Sikkim,WEST DISTRICT,Potato,2
Sikkim,WEST DISTRICT,Rapeseed &Mustard,23
Sikkim,WEST DISTRICT,Rice,23
Sikkim,WEST DISTRICT,Small millets,22
Sikkim,WEST DISTRICT,Soyabean,23
Sikkim,WEST DISTRICT,Urad,23
Sikkim,WEST DISTRICT,Wheat,18
Sikkim,WEST DISTRICT,other oilseeds,5
Tamil Nadu,ARIYALUR,Arecanut,2
Tamil Nadu,ARIYALUR,Arhar/Tur,10
Tamil Nadu,ARIYALUR,Bajra,17
Tamil Nadu,ARIYALUR,Banana,9
Tamil Nadu,ARIYALUR,Cashewnut,8
Tamil Nadu,ARIYALUR,Castor seed,11
Tamil Nadu,ARIYALUR,Coconut,9
Tamil Nadu,ARIYALUR,Coriander,9
Tamil Nadu,ARIYALUR,Cotton(lint),19
Tamil Nadu,ARIYALUR,Cowpea(Lobia),2
Tamil Nadu,ARIYALUR,Dry chillies,9
Tamil Nadu,ARIYALUR,Groundnut,19
Tamil Nadu,ARIYALUR,Horse-gram,11
Tamil Nadu,ARIYALUR,Jowar,17
Tamil Nadu,ARIYALUR,Maize,19
Tamil Nadu,ARIYALUR,Masoor,2
Tamil Nadu,ARIYALUR,Moong(Green Gram),12
Tamil Nadu,ARIYALUR,Onion,16
Tamil Nadu,ARIYALUR,Other Kharif pulses,2
Tamil Nadu,ARIYALUR,Ragi,19
Tamil Nadu,ARIYALUR,Rice,17
Tamil Nadu,ARIYALUR,Sesamum,18
Tamil Nadu,ARIYALUR,Small millets,13
Tamil Nadu,ARIYALUR,Sugarcane,11
Tamil Nadu,ARIYALUR,Sunflower,16
Tamil Nadu,ARIYALUR,Sweet potato,3
Tamil Nadu,ARIYALUR,Tapioca,9
Tamil Nadu,ARIYALUR,Tobacco,1
Tamil Nadu,ARIYALUR,Turmeric,9
Tamil Nadu,ARIYALUR,Urad,18
Tamil Nadu,CHENGALPATTU,Coconut,1
Tamil Nadu,CHENGALPATTU,Maize,1
Tamil Nadu,CHENGALPATTU,Other Cereals,1
Tamil Nadu,CHENGALPATTU,Other Kharif pulses,1
Tamil Nadu,CHENGALPATTU,Small millets,1
Tamil Nadu,CHENNAI,Banana,1
Tamil Nadu,COIMBATORE,Arecanut,14
Tamil Nadu,COIMBATORE,Arhar/Tur,21
Tamil Nadu,COIMBATORE,Bajra,28
Tamil Nadu,COIMBATORE,Banana,19
Tamil Nadu,COIMBATORE,Black pepper,15
Tamil Nadu,COIMBATORE,Cardamom,16
Tamil Nadu,COIMBATORE,Cashewnut,17
Tamil Nadu,COIMBATORE,Castor seed,21
Tamil Nadu,COIMBATORE,Coconut,16
Tamil Nadu,COIMBATORE,Coriander,19
Tamil Nadu,COIMBATORE,Cotton(lint),29
Tamil Nadu,COIMBATORE,Cowpea(Lobia),6
Tamil Nadu,COIMBATORE,Dry chillies,19
Tamil Nadu,COIMBATORE,Garlic,2
Tamil Nadu,COIMBATORE,Ginger,10
Tamil Nadu,COIMBATORE,Gram,21
Tamil Nadu,COIMBATORE,Groundnut,30
Tamil Nadu,COIMBATORE,Guar seed,1
Tamil Nadu,COIMBATORE,Horse-gram,28
Tamil Nadu,COIMBATORE,Jowar,28
Tamil Nadu,COIMBATORE,Maize,28
Tamil Nadu,COIMBATORE,Masoor,2
Tamil Nadu,COIMBATORE,Moong(Green Gram),29
Tamil Nadu,COIMBATORE,Onion,26
Tamil Nadu,COIMBATORE,Other  Rabi pulses,3
Tamil Nadu,COIMBATORE,Other Cereals,5
Tamil Nadu,COIMBATORE,Other Kharif pulses,9
Tamil Nadu,COIMBATORE,Ragi,29
Tamil Nadu,COIMBATORE,Rapeseed &Mustard,4
Tamil Nadu,COIMBATORE,Rice,27
Tamil Nadu,COIMBATORE,Sannhamp,2
Tamil Nadu,COIMBATORE,Sesamum,29
Tamil Nadu,COIMBATORE,Small millets,16
Tamil Nadu,COIMBATORE,Sugarcane,22
Tamil Nadu,COIMBATORE,Sunflower,21
Tamil Nadu,COIMBATORE,Sweet potato,9
Tamil Nadu,COIMBATORE,Tapioca,19
Tamil Nadu,COIMBATORE,Tobacco,15
Tamil Nadu,COIMBATORE,Turmeric,19
Tamil Nadu,COIMBATORE,Urad,29
Tamil Nadu,CUDDALORE,Arecanut,9
Tamil Nadu,CUDDALORE,Arhar/Tur,21
Tamil Nadu,CUDDALORE,Bajra,28
Tamil Nadu,CUDDALORE,Banana,19
Tamil Nadu,CUDDALORE,Cashewnut,18
Tamil Nadu,CUDDALORE,Castor seed,20
Tamil Nadu,CUDDALORE,Coconut,16
Tamil Nadu,CUDDALORE,Coriander,16
Tamil Nadu,CUDDALORE,Cotton(lint),29
Tamil Nadu,CUDDALORE,Cowpea(Lobia),6
Tamil Nadu,CUDDALORE,Dry chillies,17
Tamil Nadu,CUDDALORE,Garlic,1
Tamil Nadu,CUDDALORE,Gram,1
Tamil Nadu,CUDDALORE,Groundnut,30
Tamil Nadu,CUDDALORE,Guar seed,1
Tamil Nadu,CUDDALORE,Horse-gram,22
Tamil Nadu,CUDDALORE,Jowar,26
Tamil Nadu,CUDDALORE,Maize,28
Tamil Nadu,CUDDALORE,Masoor,2
Tamil Nadu,CUDDALORE,Moong(Green Gram),28
Tamil Nadu,CUDDALORE,Onion,26
Tamil Nadu,CUDDALORE,Other  Rabi pulses,1
Tamil Nadu,CUDDALORE,Other Cereals,1
Tamil Nadu,CUDDALORE,Other Kharif pulses,6
Tamil Nadu,CUDDALORE,Potato,1
Tamil Nadu,CUDDALORE,Ragi,30
Tamil Nadu,CUDDALORE,Rice,28
Tamil Nadu,CUDDALORE,Sannhamp,2
Tamil Nadu,CUDDALORE,Sesamum,29
Tamil Nadu,CUDDALORE,Small millets,18
Tamil Nadu,CUDDALORE,Sugarcane,22
Tamil Nadu,CUDDALORE,Sunflower,24
Tamil Nadu,CUDDALORE,Sweet potato,17
Tamil Nadu,CUDDALORE,Tapioca,19
Tamil Nadu,CUDDALORE,Tobacco,4
Tamil Nadu,CUDDALORE,Turmeric,19
Tamil Nadu,CUDDALORE,Urad,29
Tamil Nadu,DHARMAPURI,Arecanut,14
Tamil Nadu,DHARMAPURI,Arhar/Tur,20
Tamil Nadu,DHARMAPURI,Bajra,27
Tamil Nadu,DHARMAPURI,Banana,19
Tamil Nadu,DHARMAPURI,Black pepper,4
Tamil Nadu,DHARMAPURI,Cardamom,1
Tamil Nadu,DHARMAPURI,Cashewnut,6
Tamil Nadu,DHARMAPURI,Castor seed,21
Tamil Nadu,DHARMAPURI,Coconut,16
Tamil Nadu,DHARMAPURI,Coriander,19
Tamil Nadu,DHARMAPURI,Cotton(lint),30
Tamil Nadu,DHARMAPURI,Cowpea(Lobia),6
Tamil Nadu,DHARMAPURI,Dry chillies,19
Tamil Nadu,DHARMAPURI,Garlic,4
Tamil Nadu,DHARMAPURI,Ginger,3
Tamil Nadu,DHARMAPURI,Gram,21
Tamil Nadu,DHARMAPURI,Groundnut,30
Tamil Nadu,DHARMAPURI,Guar seed,1
Tamil Nadu,DHARMAPURI,Horse-gram,26
Tamil Nadu,DHARMAPURI,Jowar,28
Tamil Nadu,DHARMAPURI,Maize,28
Tamil Nadu,DHARMAPURI,Masoor,2
Tamil Nadu,DHARMAPURI,Moong(Green Gram),29
Tamil Nadu,DHARMAPURI,Onion,26
Tamil Nadu,DHARMAPURI,Other  Rabi pulses,3
Tamil Nadu,DHARMAPURI,Other Cereals,4
Tamil Nadu,DHARMAPURI,Other Kharif pulses,9
Tamil Nadu,DHARMAPURI,Potato,7
Tamil Nadu,DHARMAPURI,Ragi,30
Tamil Nadu,DHARMAPURI,Rapeseed &Mustard,12
Tamil Nadu,DHARMAPURI,Rice,28
Tamil Nadu,DHARMAPURI,Sannhamp,3
Tamil Nadu,DHARMAPURI,Sesamum,28
Tamil Nadu,DHARMAPURI,Small millets,17
Tamil Nadu,DHARMAPURI,Sugarcane,22
Tamil Nadu,DHARMAPURI,Sunflower,23
Tamil Nadu,DHARMAPURI,Sweet potato,19
Tamil Nadu,DHARMAPURI,Tapioca,19
Tamil Nadu,DHARMAPURI,Tobacco,13
Tamil Nadu,DHARMAPURI,Turmeric,19
Tamil Nadu,DHARMAPURI,Urad,29
Tamil Nadu,DINDIGUL,Arecanut,14
Tamil Nadu,DINDIGUL,Arhar/Tur,21
Tamil Nadu,DINDIGUL,Bajra,28
Tamil Nadu,DINDIGUL,Banana,19
Tamil Nadu,DINDIGUL,Black pepper,17
Tamil Nadu,DINDIGUL,Cardamom,16
Tamil Nadu,DINDIGUL,Cashewnut,18
Tamil Nadu,DINDIGUL,Castor seed,21
Tamil Nadu,DINDIGUL,Coconut,16
Tamil Nadu,DINDIGUL,Coriander,19
Tamil Nadu,DINDIGUL,Cotton(lint),30
Tamil Nadu,DINDIGUL,Cowpea(Lobia),6
Tamil Nadu,DINDIGUL,Dry chillies,19
Tamil Nadu,DINDIGUL,Garlic,18
Tamil Nadu,DINDIGUL,Ginger,15
Tamil Nadu,DINDIGUL,Gram,21
Tamil Nadu,DINDIGUL,Groundnut,30
Tamil Nadu,DINDIGUL,Guar seed,1
Tamil Nadu,DINDIGUL,Horse-gram,28
Tamil Nadu,DINDIGUL,Jowar,28
Tamil Nadu,DINDIGUL,Maize,28
Tamil Nadu,DINDIGUL,Masoor,2
Tamil Nadu,DINDIGUL,Mesta,1
Tamil Nadu,DINDIGUL,Moong(Green Gram),29
Tamil Nadu,DINDIGUL,Onion,26
Tamil Nadu,DINDIGUL,Other  Rabi pulses,3
Tamil Nadu,DINDIGUL,Other Cereals,7
Tamil Nadu,DINDIGUL,Other Kharif pulses,9
Tamil Nadu,DINDIGUL,Potato,26
Tamil Nadu,DINDIGUL,Ragi,29
Tamil Nadu,DINDIGUL,Rapeseed &Mustard,5
Tamil Nadu,DINDIGUL,Rice,28
Tamil Nadu,DINDIGUL,Sannhamp,1
Tamil Nadu,DINDIGUL,Sesamum,29
Tamil Nadu,DINDIGUL,Small millets,21
Tamil Nadu,DINDIGUL,Sugarcane,22
Tamil Nadu,DINDIGUL,Sunflower,28
Tamil Nadu,DINDIGUL,Sweet potato,19
Tamil Nadu,DINDIGUL,Tapioca,19
Tamil Nadu,DINDIGUL,Tobacco,17
Tamil Nadu,DINDIGUL,Turmeric,19
Tamil Nadu,DINDIGUL,Urad,29
Tamil Nadu,ERODE,Arecanut,14
Tamil Nadu,ERODE,Arhar/Tur,21
Tamil Nadu,ERODE,Bajra,27
Tamil Nadu,ERODE,Banana,19
Tamil Nadu,ERODE,Black pepper,9
Tamil Nadu,ERODE,Cardamom,3
Tamil Nadu,ERODE,Cashewnut,17
Tamil Nadu,ERODE,Castor seed,21
Tamil Nadu,ERODE,Coconut,16
Tamil Nadu,ERODE,Coriander,9
Tamil Nadu,ERODE,Cotton(lint),29
Tamil Nadu,ERODE,Cowpea(Lobia),6
Tamil Nadu,ERODE,Dry chillies,19
Tamil Nadu,ERODE,Garlic,19
Tamil Nadu,ERODE,Ginger,16
Tamil Nadu,ERODE,Gram,11
Tamil Nadu,ERODE,Groundnut,30
Tamil Nadu,ERODE,Guar seed,1
Tamil Nadu,ERODE,Horse-gram,28
Tamil Nadu,ERODE,Jowar,17
Tamil Nadu,ERODE,Maize,28
Tamil Nadu,ERODE,Masoor,2
Tamil Nadu,ERODE,Mesta,1
Tamil Nadu,ERODE,Moong(Green Gram),29
Tamil Nadu,ERODE,Onion,26
Tamil Nadu,ERODE,Other  Rabi pulses,3
Tamil Nadu,ERODE,Other Cereals,3
Tamil Nadu,ERODE,Other Kharif pulses,9
Tamil Nadu,ERODE,Potato,22
Tamil Nadu,ERODE,Ragi,28
Tamil Nadu,ERODE,Rapeseed &Mustard,16
Tamil Nadu,ERODE,Rice,28
Tamil Nadu,ERODE,Sannhamp,3
Tamil Nadu,ERODE,Sesamum,29
Tamil Nadu,ERODE,Small millets,17
Tamil Nadu,ERODE,Sugarcane,22
Tamil Nadu,ERODE,Sunflower,27
Tamil Nadu,ERODE,Sweet potato,12
Tamil Nadu,ERODE,Tapioca,19
Tamil Nadu,ERODE,Tobacco,17
Tamil Nadu,ERODE,Turmeric,19
Tamil Nadu,ERODE,Urad,29
Tamil Nadu,KALLAKURICHI,Castor seed,1
Tamil Nadu,KALLAKURICHI,Coconut,1
Tamil Nadu,KALLAKURICHI,Other Cereals,1
Tamil Nadu,KALLAKURICHI,Small millets,1
Tamil Nadu,KANCHIPURAM,Arhar/Tur,21
Tamil Nadu,KANCHIPURAM,Bajra,27
Tamil Nadu,KANCHIPURAM,Banana,19
Tamil Nadu,KANCHIPURAM,Cashewnut,18
Tamil Nadu,KANCHIPURAM,Castor seed,5
Tamil Nadu,KANCHIPURAM,Coconut,16
Tamil Nadu,KANCHIPURAM,Coriander,9
Tamil Nadu,KANCHIPURAM,Cotton(lint),18
Tamil Nadu,KANCHIPURAM,Cowpea(Lobia),5
Tamil Nadu,KANCHIPURAM,Dry chillies,19
Tamil Nadu,KANCHIPURAM,Garlic,4
Tamil Nadu,KANCHIPURAM,Gram,6
Tamil Nadu,KANCHIPURAM,Groundnut,30
Tamil Nadu,KANCHIPURAM,Guar seed,1
Tamil Nadu,KANCHIPURAM,Horse-gram,15
Tamil Nadu,KANCHIPURAM,Jowar,22
Tamil Nadu,KANCHIPURAM,Maize,18
Tamil Nadu,KANCHIPURAM,Masoor,2
Tamil Nadu,KANCHIPURAM,Moong(Green Gram),29
Tamil Nadu,KANCHIPURAM,Onion,13
Tamil Nadu,KANCHIPURAM,Other  Rabi pulses,2
Tamil Nadu,KANCHIPURAM,Other Cereals,1
Tamil Nadu,KANCHIPURAM,Other Kharif pulses,9
Tamil Nadu,KANCHIPURAM,Potato,2
Tamil Nadu,KANCHIPURAM,Ragi,30
Tamil Nadu,KANCHIPURAM,Rapeseed &Mustard,2
Tamil Nadu,KANCHIPURAM,Rice,28
Tamil Nadu,KANCHIPURAM,Sannhamp,2
Tamil Nadu,KANCHIPURAM,Sesamum,29
Tamil Nadu,KANCHIPURAM,Small millets,1
Tamil Nadu,KANCHIPURAM,Sugarcane,22
Tamil Nadu,KANCHIPURAM,Sunflower,20
Tamil Nadu,KANCHIPURAM,Sweet potato,17
Tamil Nadu,KANCHIPURAM,Tapioca,17
Tamil Nadu,KANCHIPURAM,Tobacco,1
Tamil Nadu,KANCHIPURAM,Turmeric,14
Tamil Nadu,KANCHIPURAM,Urad,29
Tamil Nadu,KANNIYAKUMARI,Arecanut,14
Tamil Nadu,KANNIYAKUMARI,Arhar/Tur,6
Tamil Nadu,KANNIYAKUMARI,Banana,19
Tamil Nadu,KANNIYAKUMARI,Black pepper,15
Tamil Nadu,KANNIYAKUMARI,Cardamom,15
Tamil Nadu,KANNIYAKUMARI,Cashewnut,18
Tamil Nadu,KANNIYAKUMARI,Castor seed,1
Tamil Nadu,KANNIYAKUMARI,Coconut,16
Tamil Nadu,KANNIYAKUMARI,Cotton(lint),6
Tamil Nadu,KANNIYAKUMARI,Cowpea(Lobia),5
Tamil Nadu,KANNIYAKUMARI,Dry chillies,11
Tamil Nadu,KANNIYAKUMARI,Ginger,19
Tamil Nadu,KANNIYAKUMARI,Groundnut,28
Tamil Nadu,KANNIYAKUMARI,Horse-gram,9
Tamil Nadu,KANNIYAKUMARI,Jowar,2
Tamil Nadu,KANNIYAKUMARI,Maize,11
Tamil Nadu,KANNIYAKUMARI,Masoor,1
Tamil Nadu,KANNIYAKUMARI,Moong(Green Gram),14
Tamil Nadu,KANNIYAKUMARI,Onion,1
Tamil Nadu,KANNIYAKUMARI,Other Kharif pulses,6
Tamil Nadu,KANNIYAKUMARI,Rice,28
Tamil Nadu,KANNIYAKUMARI,Sesamum,3
Tamil Nadu,KANNIYAKUMARI,Sugarcane,5
Tamil Nadu,KANNIYAKUMARI,Sweet potato,2
Tamil Nadu,KANNIYAKUMARI,Tapioca,19
Tamil Nadu,KANNIYAKUMARI,Turmeric,2
Tamil Nadu,KANNIYAKUMARI,Urad,29
Tamil Nadu,KARUR,Arecanut,11
Tamil Nadu,KARUR,Arhar/Tur,21
Tamil Nadu,KARUR,Bajra,28
Tamil Nadu,KARUR,Banana,19
Tamil Nadu,KARUR,Cashewnut,18
Tamil Nadu,KARUR,Castor seed,21
Tamil Nadu,KARUR,Coconut,16
Tamil Nadu,KARUR,Coriander,16
Tamil Nadu,KARUR,Cotton(lint),28
Tamil Nadu,KARUR,Cowpea(Lobia),6
Tamil Nadu,KARUR,Dry chillies,19
Tamil Nadu,KARUR,Garlic,4
Tamil Nadu,KARUR,Gram,4
Tamil Nadu,KARUR,Groundnut,30
Tamil Nadu,KARUR,Guar seed,1
Tamil Nadu,KARUR,Horse-gram,28
Tamil Nadu,KARUR,Jowar,28
Tamil Nadu,KARUR,Maize,27
Tamil Nadu,KARUR,Masoor,2
Tamil Nadu,KARUR,Mesta,1
Tamil Nadu,KARUR,Moong(Green Gram),29
Tamil Nadu,KARUR,Onion,26
Tamil Nadu,KARUR,Other  Rabi pulses,3
Tamil Nadu,KARUR,Other Cereals,2
Tamil Nadu,KARUR,Other Kharif pulses,9
Tamil Nadu,KARUR,Potato,2
Tamil Nadu,KARUR,Ragi,23
Tamil Nadu,KARUR,Rice,25
Tamil Nadu,KARUR,Sannhamp,1
Tamil Nadu,KARUR,Sesamum,29
Tamil Nadu,KARUR,Small millets,12
Tamil Nadu,KARUR,Sugarcane,22
Tamil Nadu,KARUR,Sunflower,28
Tamil Nadu,KARUR,Sweet potato,19
Tamil Nadu,KARUR,Tapioca,19
Tamil Nadu,KARUR,Tobacco,8
Tamil Nadu,KARUR,Turmeric,19
Tamil Nadu,KARUR,Urad,29
Tamil Nadu,KRISHNAGIRI,Arecanut,14
Tamil Nadu,KRISHNAGIRI,Arhar/Tur,15
Tamil Nadu,KRISHNAGIRI,Bajra,22
Tamil Nadu,KRISHNAGIRI,Banana,15
Tamil Nadu,KRISHNAGIRI,Black pepper,3
Tamil Nadu,KRISHNAGIRI,Cashewnut,13
Tamil Nadu,KRISHNAGIRI,Castor seed,16
Tamil Nadu,KRISHNAGIRI,Coconut,14
Tamil Nadu,KRISHNAGIRI,Coriander,15
Tamil Nadu,KRISHNAGIRI,Cotton(lint),24
Tamil Nadu,KRISHNAGIRI,Cowpea(Lobia),6
Tamil Nadu,KRISHNAGIRI,Dry chillies,14
Tamil Nadu,KRISHNAGIRI,Garlic,4
Tamil Nadu,KRISHNAGIRI,Ginger,8
Tamil Nadu,KRISHNAGIRI,Gram,10
Tamil Nadu,KRISHNAGIRI,Groundnut,24
Tamil Nadu,KRISHNAGIRI,Horse-gram,22
Tamil Nadu,KRISHNAGIRI,Jowar,22
Tamil Nadu,KRISHNAGIRI,Maize,23
Tamil Nadu,KRISHNAGIRI,Masoor,2
Tamil Nadu,KRISHNAGIRI,Moong(Green Gram),23
Tamil Nadu,KRISHNAGIRI,Onion,22
Tamil Nadu,KRISHNAGIRI,Other  Rabi pulses,3
Tamil Nadu,KRISHNAGIRI,Other Cereals,1
Tamil Nadu,KRISHNAGIRI,Other Kharif pulses,6
Tamil Nadu,KRISHNAGIRI,Potato,22
Tamil Nadu,KRISHNAGIRI,Ragi,24
Tamil Nadu,KRISHNAGIRI,Rapeseed &Mustard,14
Tamil Nadu,KRISHNAGIRI,Rice,22
Tamil Nadu,KRISHNAGIRI,Sesamum,18
Tamil Nadu,KRISHNAGIRI,Small millets,18
Tamil Nadu,KRISHNAGIRI,Sugarcane,16
Tamil Nadu,KRISHNAGIRI,Sunflower,12
Tamil Nadu,KRISHNAGIRI,Sweet potato,10
Tamil Nadu,KRISHNAGIRI,Tapioca,15
Tamil Nadu,KRISHNAGIRI,Tobacco,2
Tamil Nadu,KRISHNAGIRI,Turmeric,15
Tamil Nadu,KRISHNAGIRI,Urad,23
Tamil Nadu,MADURAI,Arecanut,6
Tamil Nadu,MADURAI,Arhar/Tur,21
Tamil Nadu,MADURAI,Bajra,28
Tamil Nadu,MADURAI,Banana,19
Tamil Nadu,MADURAI,Cardamom,1
Tamil Nadu,MADURAI,Cashewnut,18
Tamil Nadu,MADURAI,Castor seed,21
Tamil Nadu,MADURAI,Coconut,16
Tamil Nadu,MADURAI,Coriander,19
Tamil Nadu,MADURAI,Cotton(lint),30
Tamil Nadu,MADURAI,Cowpea(Lobia),6
Tamil Nadu,MADURAI,Dry chillies,19
Tamil Nadu,MADURAI,Garlic,1
Tamil Nadu,MADURAI,Gram,20
Tamil Nadu,MADURAI,Groundnut,30
Tamil Nadu,MADURAI,Guar seed,1
Tamil Nadu,MADURAI,Horse-gram,25
Tamil Nadu,MADURAI,Jowar,28
Tamil Nadu,MADURAI,Maize,28
Tamil Nadu,MADURAI,Masoor,2
Tamil Nadu,MADURAI,Moong(Green Gram),29
Tamil Nadu,MADURAI,Onion,26
Tamil Nadu,MADURAI,Other  Rabi pulses,3
Tamil Nadu,MADURAI,Other Cereals,9
Tamil Nadu,MADURAI,Other Kharif pulses,9
Tamil Nadu,MADURAI,Ragi,30
Tamil Nadu,MADURAI,Rapeseed &Mustard,2
Tamil Nadu,MADURAI,Rice,28
Tamil Nadu,MADURAI,Sesamum,29
Tamil Nadu,MADURAI,Small millets,22
Tamil Nadu,MADURAI,Sugarcane,22
Tamil Nadu,MADURAI,Sunflower,27
Tamil Nadu,MADURAI,Sweet potato,19
Tamil Nadu,MADURAI,Tapioca,19
Tamil Nadu,MADURAI,Tobacco,1
Tamil Nadu,MADURAI,Turmeric,19
Tamil Nadu,MADURAI,Urad,29
Tamil Nadu,NAGAPATTINAM,Arecanut,9
Tamil Nadu,NAGAPATTINAM,Arhar/Tur,1
Tamil Nadu,NAGAPATTINAM,Bajra,4
Tamil Nadu,NAGAPATTINAM,Banana,19
Tamil Nadu,NAGAPATTINAM,Cashewnut,18
Tamil Nadu,NAGAPATTINAM,Coconut,16
Tamil Nadu,NAGAPATTINAM,Cotton(lint),26
Tamil Nadu,NAGAPATTINAM,Dry chillies,19
Tamil Nadu,NAGAPATTINAM,Groundnut,27
Tamil Nadu,NAGAPATTINAM,Guar seed,1
Tamil Nadu,NAGAPATTINAM,Jowar,6
Tamil Nadu,NAGAPATTINAM,Maize,22
Tamil Nadu,NAGAPATTINAM,Masoor,1
Tamil Nadu,NAGAPATTINAM,Mesta,3
Tamil Nadu,NAGAPATTINAM,Moong(Green Gram),24
Tamil Nadu,NAGAPATTINAM,Onion,10
Tamil Nadu,NAGAPATTINAM,Other Kharif pulses,2
Tamil Nadu,NAGAPATTINAM,Ragi,4
Tamil Nadu,NAGAPATTINAM,Rice,28
Tamil Nadu,NAGAPATTINAM,Sesamum,25
Tamil Nadu,NAGAPATTINAM,Sugarcane,22
Tamil Nadu,NAGAPATTINAM,Sunflower,6
Tamil Nadu,NAGAPATTINAM,Sweet potato,5
Tamil Nadu,NAGAPATTINAM,Tapioca,19
Tamil Nadu,NAGAPATTINAM,Tobacco,16
Tamil Nadu,NAGAPATTINAM,Turmeric,11
Tamil Nadu,NAGAPATTINAM,Urad,27
Tamil Nadu,NAMAKKAL,Arecanut,14
Tamil Nadu,NAMAKKAL,Arhar/Tur,21
Tamil Nadu,NAMAKKAL,Bajra,28
Tamil Nadu,NAMAKKAL,Banana,19
Tamil Nadu,NAMAKKAL,Black pepper,17
Tamil Nadu,NAMAKKAL,Cardamom,14
Tamil Nadu,NAMAKKAL,Cashewnut,11
Tamil Nadu,NAMAKKAL,Castor seed,21
Tamil Nadu,NAMAKKAL,Coconut,16
Tamil Nadu,NAMAKKAL,Coriander,17
Tamil Nadu,NAMAKKAL,Cotton(lint),30
Tamil Nadu,NAMAKKAL,Cowpea(Lobia),6
Tamil Nadu,NAMAKKAL,Dry chillies,19
Tamil Nadu,NAMAKKAL,Garlic,5
Tamil Nadu,NAMAKKAL,Ginger,5
Tamil Nadu,NAMAKKAL,Gram,19
Tamil Nadu,NAMAKKAL,Groundnut,30
Tamil Nadu,NAMAKKAL,Guar seed,1
Tamil Nadu,NAMAKKAL,Horse-gram,28
Tamil Nadu,NAMAKKAL,Jowar,28
Tamil Nadu,NAMAKKAL,Maize,28
Tamil Nadu,NAMAKKAL,Masoor,2
Tamil Nadu,NAMAKKAL,Mesta,1
Tamil Nadu,NAMAKKAL,Moong(Green Gram),29
Tamil Nadu,NAMAKKAL,Onion,26
Tamil Nadu,NAMAKKAL,Other  Rabi pulses,3
Tamil Nadu,NAMAKKAL,Other Cereals,3
Tamil Nadu,NAMAKKAL,Other Kharif pulses,9
Tamil Nadu,NAMAKKAL,Potato,3
Tamil Nadu,NAMAKKAL,Ragi,30
Tamil Nadu,NAMAKKAL,Rapeseed &Mustard,8
Tamil Nadu,NAMAKKAL,Rice,28
Tamil Nadu,NAMAKKAL,Sannhamp,3
Tamil Nadu,NAMAKKAL,Sesamum,29
Tamil Nadu,NAMAKKAL,Small millets,22
Tamil Nadu,NAMAKKAL,Sugarcane,22
Tamil Nadu,NAMAKKAL,Sunflower,22
Tamil Nadu,NAMAKKAL,Sweet potato,15
Tamil Nadu,NAMAKKAL,Tapioca,19
Tamil Nadu,NAMAKKAL,Tobacco,4
Tamil Nadu,NAMAKKAL,Turmeric,19
Tamil Nadu,NAMAKKAL,Urad,29
Tamil Nadu,PERAMBALUR,Arecanut,14
Tamil Nadu,PERAMBALUR,Arhar/Tur,21
Tamil Nadu,PERAMBALUR,Bajra,28
Tamil Nadu,PERAMBALUR,Banana,19
Tamil Nadu,PERAMBALUR,Cashewnut,14
Tamil Nadu,PERAMBALUR,Castor seed,21
Tamil Nadu,PERAMBALUR,Coconut,16
Tamil Nadu,PERAMBALUR,Coriander,19
Tamil Nadu,PERAMBALUR,Cotton(lint),29
Tamil Nadu,PERAMBALUR,Cowpea(Lobia),4
Tamil Nadu,PERAMBALUR,Dry chillies,19
Tamil Nadu,PERAMBALUR,Gram,17
Tamil Nadu,PERAMBALUR,Groundnut,30
Tamil Nadu,PERAMBALUR,Guar seed,1
Tamil Nadu,PERAMBALUR,Horse-gram,20
Tamil Nadu,PERAMBALUR,Jowar,27
Tamil Nadu,PERAMBALUR,Maize,28
Tamil Nadu,PERAMBALUR,Masoor,2
Tamil Nadu,PERAMBALUR,Moong(Green Gram),23
Tamil Nadu,PERAMBALUR,Onion,26
Tamil Nadu,PERAMBALUR,Other  Rabi pulses,1
Tamil Nadu,PERAMBALUR,Other Cereals,1
Tamil Nadu,PERAMBALUR,Other Kharif pulses,9
Tamil Nadu,PERAMBALUR,Ragi,25
Tamil Nadu,PERAMBALUR,Rapeseed &Mustard,3
Tamil Nadu,PERAMBALUR,Rice,28
Tamil Nadu,PERAMBALUR,Sesamum,29
Tamil Nadu,PERAMBALUR,Small millets,18
Tamil Nadu,PERAMBALUR,Sugarcane,22
Tamil Nadu,PERAMBALUR,Sunflower,28
Tamil Nadu,PERAMBALUR,Sweet potato,17
Tamil Nadu,PERAMBALUR,Tapioca,19
Tamil Nadu,PERAMBALUR,Turmeric,19
Tamil Nadu,PERAMBALUR,Urad,29
Tamil Nadu,PUDUKKOTTAI,Arecanut,3
Tamil Nadu,PUDUKKOTTAI,Arhar/Tur,21
Tamil Nadu,PUDUKKOTTAI,Bajra,19
Tamil Nadu,PUDUKKOTTAI,Banana,19
Tamil Nadu,PUDUKKOTTAI,Black pepper,4
Tamil Nadu,PUDUKKOTTAI,Cashewnut,18
Tamil Nadu,PUDUKKOTTAI,Castor seed,6
Tamil Nadu,PUDUKKOTTAI,Coconut,16
Tamil Nadu,PUDUKKOTTAI,Coriander,13
Tamil Nadu,PUDUKKOTTAI,Cotton(lint),26
Tamil Nadu,PUDUKKOTTAI,Cowpea(Lobia),6
Tamil Nadu,PUDUKKOTTAI,Dry chillies,19
Tamil Nadu,PUDUKKOTTAI,Gram,5
Tamil Nadu,PUDUKKOTTAI,Groundnut,30
Tamil Nadu,PUDUKKOTTAI,Guar seed,1
Tamil Nadu,PUDUKKOTTAI,Horse-gram,26
Tamil Nadu,PUDUKKOTTAI,Jowar,28
Tamil Nadu,PUDUKKOTTAI,Maize,28
Tamil Nadu,PUDUKKOTTAI,Masoor,2
Tamil Nadu,PUDUKKOTTAI,Moong(Green Gram),24
Tamil Nadu,PUDUKKOTTAI,Onion,21
Tamil Nadu,PUDUKKOTTAI,Other  Rabi pulses,1
Tamil Nadu,PUDUKKOTTAI,Other Cereals,7
Tamil Nadu,PUDUKKOTTAI,Other Kharif pulses,9
Tamil Nadu,PUDUKKOTTAI,Potato,1
Tamil Nadu,PUDUKKOTTAI,Ragi,30
Tamil Nadu,PUDUKKOTTAI,Rice,28
Tamil Nadu,PUDUKKOTTAI,Sannhamp,1
Tamil Nadu,PUDUKKOTTAI,Sesamum,29
Tamil Nadu,PUDUKKOTTAI,Small millets,14
Tamil Nadu,PUDUKKOTTAI,Sugarcane,22
Tamil Nadu,PUDUKKOTTAI,Sunflower,20
Tamil Nadu,PUDUKKOTTAI,Sweet potato,14
Tamil Nadu,PUDUKKOTTAI,Tapioca,19
Tamil Nadu,PUDUKKOTTAI,Tobacco,1
Tamil Nadu,PUDUKKOTTAI,Turmeric,19
Tamil Nadu,PUDUKKOTTAI,Urad,29
Tamil Nadu,RAMANATHAPURAM,Arhar/Tur,11
Tamil Nadu,RAMANATHAPURAM,Bajra,19
Tamil Nadu,RAMANATHAPURAM,Banana,19
Tamil Nadu,RAMANATHAPURAM,Cashewnut,18
Tamil Nadu,RAMANATHAPURAM,Castor seed,7
Tamil Nadu,RAMANATHAPURAM,Coconut,16
Tamil Nadu,RAMANATHAPURAM,Coriander,18
Tamil Nadu,RAMANATHAPURAM,Cotton(lint),27
Tamil Nadu,RAMANATHAPURAM,Cowpea(Lobia),3
Tamil Nadu,RAMANATHAPURAM,Dry chillies,19
Tamil Nadu,RAMANATHAPURAM,Gram,8
Tamil Nadu,RAMANATHAPURAM,Groundnut,25
Tamil Nadu,RAMANATHAPURAM,Guar seed,1
Tamil Nadu,RAMANATHAPURAM,Horse-gram,19
Tamil Nadu,RAMANATHAPURAM,Jowar,20
Tamil Nadu,RAMANATHAPURAM,Maize,17
Tamil Nadu,RAMANATHAPURAM,Masoor,2
Tamil Nadu,RAMANATHAPURAM,Moong(Green Gram),22
Tamil Nadu,RAMANATHAPURAM,Onion,18
Tamil Nadu,RAMANATHAPURAM,Other  Rabi pulses,1
Tamil Nadu,RAMANATHAPURAM,Other Cereals,5
Tamil Nadu,RAMANATHAPURAM,Other Kharif pulses,6
Tamil Nadu,RAMANATHAPURAM,Potato,1
Tamil Nadu,RAMANATHAPURAM,Ragi,25
Tamil Nadu,RAMANATHAPURAM,Rice,22
Tamil Nadu,RAMANATHAPURAM,Sesamum,26
Tamil Nadu,RAMANATHAPURAM,Small millets,15
Tamil Nadu,RAMANATHAPURAM,Sugarcane,22
Tamil Nadu,RAMANATHAPURAM,Sunflower,23
Tamil Nadu,RAMANATHAPURAM,Tapioca,4
Tamil Nadu,RAMANATHAPURAM,Tobacco,1
Tamil Nadu,RAMANATHAPURAM,Turmeric,8
Tamil Nadu,RAMANATHAPURAM,Urad,28
Tamil Nadu,RANIPET,Coconut,1
Tamil Nadu,RANIPET,Other  Rabi pulses,1
Tamil Nadu,RANIPET,Other Kharif pulses,1
Tamil Nadu,SALEM,Arecanut,14
Tamil Nadu,SALEM,Arhar/Tur,21
Tamil Nadu,SALEM,Bajra,28
Tamil Nadu,SALEM,Banana,19
Tamil Nadu,SALEM,Black pepper,17
Tamil Nadu,SALEM,Cardamom,15
Tamil Nadu,SALEM,Cashewnut,14
Tamil Nadu,SALEM,Castor seed,21
Tamil Nadu,SALEM,Coconut,16
Tamil Nadu,SALEM,Coriander,19
Tamil Nadu,SALEM,Cotton(lint),29
Tamil Nadu,SALEM,Cowpea(Lobia),6
Tamil Nadu,SALEM,Dry chillies,19
Tamil Nadu,SALEM,Garlic,1
Tamil Nadu,SALEM,Ginger,8
Tamil Nadu,SALEM,Gram,21
Tamil Nadu,SALEM,Groundnut,30
Tamil Nadu,SALEM,Guar seed,1
Tamil Nadu,SALEM,Horse-gram,28
Tamil Nadu,SALEM,Jowar,28
Tamil Nadu,SALEM,Maize,28
Tamil Nadu,SALEM,Masoor,2
Tamil Nadu,SALEM,Mesta,1
Tamil Nadu,SALEM,Moong(Green Gram),29
Tamil Nadu,SALEM,Onion,26
Tamil Nadu,SALEM,Other  Rabi pulses,3
Tamil Nadu,SALEM,Other Cereals,6
Tamil Nadu,SALEM,Other Kharif pulses,9
Tamil Nadu,SALEM,Potato,4
Tamil Nadu,SALEM,Ragi,30
Tamil Nadu,SALEM,Rapeseed &Mustard,15
Tamil Nadu,SALEM,Rice,28
Tamil Nadu,SALEM,Sannhamp,3
Tamil Nadu,SALEM,Sesamum,29
Tamil Nadu,SALEM,Small millets,20
Tamil Nadu,SALEM,Sugarcane,22
Tamil Nadu,SALEM,Sunflower,26
Tamil Nadu,SALEM,Sweet potato,18
Tamil Nadu,SALEM,Tapioca,19
Tamil Nadu,SALEM,Tobacco,15
Tamil Nadu,SALEM,Turmeric,19
Tamil Nadu,SALEM,Urad,29
Tamil Nadu,SIVAGANGA,Arhar/Tur,21
Tamil Nadu,SIVAGANGA,Bajra,25
Tamil Nadu,SIVAGANGA,Banana,19
Tamil Nadu,SIVAGANGA,Cashewnut,18
Tamil Nadu,SIVAGANGA,Castor seed,11
Tamil Nadu,SIVAGANGA,Coconut,16
Tamil Nadu,SIVAGANGA,Coriander,14
Tamil Nadu,SIVAGANGA,Cotton(lint),30
Tamil Nadu,SIVAGANGA,Cowpea(Lobia),6
Tamil Nadu,SIVAGANGA,Dry chillies,19
Tamil Nadu,SIVAGANGA,Garlic,2
Tamil Nadu,SIVAGANGA,Gram,7
Tamil Nadu,SIVAGANGA,Groundnut,30
Tamil Nadu,SIVAGANGA,Guar seed,1
Tamil Nadu,SIVAGANGA,Horse-gram,28
Tamil Nadu,SIVAGANGA,Jowar,28
Tamil Nadu,SIVAGANGA,Maize,27
Tamil Nadu,SIVAGANGA,Masoor,2
Tamil Nadu,SIVAGANGA,Moong(Green Gram),27
Tamil Nadu,SIVAGANGA,Onion,24
Tamil Nadu,SIVAGANGA,Other  Rabi pulses,3
Tamil Nadu,SIVAGANGA,Other Cereals,6
Tamil Nadu,SIVAGANGA,Other Kharif pulses,9
Tamil Nadu,SIVAGANGA,Potato,1
Tamil Nadu,SIVAGANGA,Ragi,30
Tamil Nadu,SIVAGANGA,Rice,28
Tamil Nadu,SIVAGANGA,Sesamum,29
Tamil Nadu,SIVAGANGA,Small millets,16
Tamil Nadu,SIVAGANGA,Sugarcane,22
Tamil Nadu,SIVAGANGA,Sunflower,12
Tamil Nadu,SIVAGANGA,Sweet potato,13
Tamil Nadu,SIVAGANGA,Tapioca,13
Tamil Nadu,SIVAGANGA,Tobacco,2
Tamil Nadu,SIVAGANGA,Turmeric,13
Tamil Nadu,SIVAGANGA,Urad,29
Tamil Nadu,TENKASI,Castor seed,1
Tamil Nadu,TENKASI,Coconut,1
Tamil Nadu,TENKASI,Other Cereals,2
Tamil Nadu,TENKASI,Other Kharif pulses,1
Tamil Nadu,THANJAVUR,Arecanut,14
Tamil Nadu,THANJAVUR,Arhar/Tur,21
Tamil Nadu,THANJAVUR,Bajra,17
Tamil Nadu,THANJAVUR,Banana,19
Tamil Nadu,THANJAVUR,Black pepper,13
Tamil Nadu,THANJAVUR,Cashewnut,18
Tamil Nadu,THANJAVUR,Castor seed,9
Tamil Nadu,THANJAVUR,Coconut,16
Tamil Nadu,THANJAVUR,Coriander,2
Tamil Nadu,THANJAVUR,Cotton(lint),27
Tamil Nadu,THANJAVUR,Dry chillies,19
Tamil Nadu,THANJAVUR,Ginger,14
Tamil Nadu,THANJAVUR,Gram,4
Tamil Nadu,THANJAVUR,Groundnut,30
Tamil Nadu,THANJAVUR,Guar seed,1
Tamil Nadu,THANJAVUR,Horse-gram,1
Tamil Nadu,THANJAVUR,Jowar,13
Tamil Nadu,THANJAVUR,Maize,28
Tamil Nadu,THANJAVUR,Masoor,2
Tamil Nadu,THANJAVUR,Moong(Green Gram),28
Tamil Nadu,THANJAVUR,Onion,25
Tamil Nadu,THANJAVUR,Other Cereals,2
Tamil Nadu,THANJAVUR,Other Kharif pulses,6
Tamil Nadu,THANJAVUR,Ragi,24
Tamil Nadu,THANJAVUR,Rice,28
Tamil Nadu,THANJAVUR,Sannhamp,1
Tamil Nadu,THANJAVUR,Sesamum,29
Tamil Nadu,THANJAVUR,Small millets,9
Tamil Nadu,THANJAVUR,Sugarcane,22
Tamil Nadu,THANJAVUR,Sunflower,19
Tamil Nadu,THANJAVUR,Sweet potato,10
Tamil Nadu,THANJAVUR,Tapioca,19
Tamil Nadu,THANJAVUR,Turmeric,19
Tamil Nadu,THANJAVUR,Urad,29
Tamil Nadu,THE NILGIRIS,Arecanut,14
Tamil Nadu,THE NILGIRIS,Bajra,4
Tamil Nadu,THE NILGIRIS,Banana,19
Tamil Nadu,THE NILGIRIS,Black pepper,17
Tamil Nadu,THE NILGIRIS,Cardamom,17
Tamil Nadu,THE NILGIRIS,Cashewnut,1
Tamil Nadu,THE NILGIRIS,Coconut,14
Tamil Nadu,THE NILGIRIS,Coriander,4
Tamil Nadu,THE NILGIRIS,Cotton(lint),10
Tamil Nadu,THE NILGIRIS,Dry chillies,18
Tamil Nadu,THE NILGIRIS,Garlic,19
Tamil Nadu,THE NILGIRIS,Ginger,19
Tamil Nadu,THE NILGIRIS,Groundnut,13
Tamil Nadu,THE NILGIRIS,Guar seed,1
Tamil Nadu,THE NILGIRIS,Horse-gram,1
Tamil Nadu,THE NILGIRIS,Jowar,4
Tamil Nadu,THE NILGIRIS,Maize,2
Tamil Nadu,THE NILGIRIS,Moong(Green Gram),7
Tamil Nadu,THE NILGIRIS,Onion,4
Tamil Nadu,THE NILGIRIS,Other Cereals,2
Tamil Nadu,THE NILGIRIS,Other Kharif pulses,1
Tamil Nadu,THE NILGIRIS,Potato,26
Tamil Nadu,THE NILGIRIS,Ragi,11
Tamil Nadu,THE NILGIRIS,Rice,22
Tamil Nadu,THE NILGIRIS,Sesamum,4
Tamil Nadu,THE NILGIRIS,Small millets,7
Tamil Nadu,THE NILGIRIS,Sugarcane,18
Tamil Nadu,THE NILGIRIS,Sunflower,2
Tamil Nadu,THE NILGIRIS,Sweet potato,9
Tamil Nadu,THE NILGIRIS,Tapioca,19
Tamil Nadu,THE NILGIRIS,Tobacco,2
Tamil Nadu,THE NILGIRIS,Turmeric,19
Tamil Nadu,THENI,Arecanut,14
Tamil Nadu,THENI,Arhar/Tur,21
Tamil Nadu,THENI,Bajra,28
Tamil Nadu,THENI,Banana,19
Tamil Nadu,THENI,Black pepper,16
Tamil Nadu,THENI,Cardamom,18
Tamil Nadu,THENI,Cashewnut,18
Tamil Nadu,THENI,Castor seed,21
Tamil Nadu,THENI,Coconut,16
Tamil Nadu,THENI,Coriander,18
Tamil Nadu,THENI,Cotton(lint),30
Tamil Nadu,THENI,Cowpea(Lobia),6
Tamil Nadu,THENI,Dry chillies,18
Tamil Nadu,THENI,Garlic,3
Tamil Nadu,THENI,Ginger,4
Tamil Nadu,THENI,Gram,6
Tamil Nadu,THENI,Groundnut,30
Tamil Nadu,THENI,Guar seed,1
Tamil Nadu,THENI,Horse-gram,28
Tamil Nadu,THENI,Jowar,28
Tamil Nadu,THENI,Maize,28
Tamil Nadu,THENI,Masoor,2
Tamil Nadu,THENI,Moong(Green Gram),29
Tamil Nadu,THENI,Onion,26
Tamil Nadu,THENI,Other  Rabi pulses,3
Tamil Nadu,THENI,Other Cereals,6
Tamil Nadu,THENI,Other Kharif pulses,9
Tamil Nadu,THENI,Potato,3
Tamil Nadu,THENI,Ragi,29
Tamil Nadu,THENI,Rapeseed &Mustard,1
Tamil Nadu,THENI,Rice,28
Tamil Nadu,THENI,Sesamum,29
Tamil Nadu,THENI,Small millets,22
Tamil Nadu,THENI,Sugarcane,22
Tamil Nadu,THENI,Sunflower,24
Tamil Nadu,THENI,Sweet potato,8
Tamil Nadu,THENI,Tapioca,19
Tamil Nadu,THENI,Tobacco,16
Tamil Nadu,THENI,Turmeric,15
Tamil Nadu,THENI,Urad,29
Tamil Nadu,THIRUVALLUR,Arhar/Tur,21
Tamil Nadu,THIRUVALLUR,Bajra,27
Tamil Nadu,THIRUVALLUR,Banana,19
Tamil Nadu,THIRUVALLUR,Cashewnut,18
Tamil Nadu,THIRUVALLUR,Castor seed,15
Tamil Nadu,THIRUVALLUR,Coconut,16
Tamil Nadu,THIRUVALLUR,Coriander,9
Tamil Nadu,THIRUVALLUR,Cotton(lint),6
Tamil Nadu,THIRUVALLUR,Cowpea(Lobia),4
Tamil Nadu,THIRUVALLUR,Dry chillies,19
Tamil Nadu,THIRUVALLUR,Garlic,1
Tamil Nadu,THIRUVALLUR,Gram,8
Tamil Nadu,THIRUVALLUR,Groundnut,30
Tamil Nadu,THIRUVALLUR,Guar seed,1
Tamil Nadu,THIRUVALLUR,Horse-gram,27
Tamil Nadu,THIRUVALLUR,Jowar,27
Tamil Nadu,THIRUVALLUR,Maize,16
Tamil Nadu,THIRUVALLUR,Masoor,2
Tamil Nadu,THIRUVALLUR,Moong(Green Gram),29
Tamil Nadu,THIRUVALLUR,Onion,14
Tamil Nadu,THIRUVALLUR,Other  Rabi pulses,3
Tamil Nadu,THIRUVALLUR,Other Cereals,1
Tamil Nadu,THIRUVALLUR,Other Kharif pulses,8
Tamil Nadu,THIRUVALLUR,Potato,1
Tamil Nadu,THIRUVALLUR,Ragi,30
Tamil Nadu,THIRUVALLUR,Rice,28
Tamil Nadu,THIRUVALLUR,Sannhamp,2
Tamil Nadu,THIRUVALLUR,Sesamum,29
Tamil Nadu,THIRUVALLUR,Small millets,4
Tamil Nadu,THIRUVALLUR,Sugarcane,22
Tamil Nadu,THIRUVALLUR,Sunflower,21
Tamil Nadu,THIRUVALLUR,Sweet potato,18
Tamil Nadu,THIRUVALLUR,Tapioca,19
Tamil Nadu,THIRUVALLUR,Tobacco,1
Tamil Nadu,THIRUVALLUR,Turmeric,14
Tamil Nadu,THIRUVALLUR,Urad,29
Tamil Nadu,THIRUVARUR,Arecanut,14
Tamil Nadu,THIRUVARUR,Arhar/Tur,8
Tamil Nadu,THIRUVARUR,Banana,19
Tamil Nadu,THIRUVARUR,Black pepper,1
Tamil Nadu,THIRUVARUR,Cashewnut,15
Tamil Nadu,THIRUVARUR,Castor seed,1
Tamil Nadu,THIRUVARUR,Coconut,16
Tamil Nadu,THIRUVARUR,Coriander,1
Tamil Nadu,THIRUVARUR,Cotton(lint),24
Tamil Nadu,THIRUVARUR,Dry chillies,16
Tamil Nadu,THIRUVARUR,Groundnut,26
Tamil Nadu,THIRUVARUR,Guar seed,1
Tamil Nadu,THIRUVARUR,Jowar,2
Tamil Nadu,THIRUVARUR,Maize,10
Tamil Nadu,THIRUVARUR,Masoor,2
Tamil Nadu,THIRUVARUR,Moong(Green Gram),24
Tamil Nadu,THIRUVARUR,Onion,4
Tamil Nadu,THIRUVARUR,Other Cereals,1
Tamil Nadu,THIRUVARUR,Other Kharif pulses,3
Tamil Nadu,THIRUVARUR,Ragi,5
Tamil Nadu,THIRUVARUR,Rice,28
Tamil Nadu,THIRUVARUR,Sesamum,26
Tamil Nadu,THIRUVARUR,Small millets,1
Tamil Nadu,THIRUVARUR,Sugarcane,22
Tamil Nadu,THIRUVARUR,Sunflower,7
Tamil Nadu,THIRUVARUR,Sweet potato,7
Tamil Nadu,THIRUVARUR,Tapioca,19
Tamil Nadu,THIRUVARUR,Tobacco,1
Tamil Nadu,THIRUVARUR,Turmeric,13
Tamil Nadu,THIRUVARUR,Urad,27
Tamil Nadu,TIRUCHIRAPPALLI,Arecanut,14
Tamil Nadu,TIRUCHIRAPPALLI,Arhar/Tur,21
Tamil Nadu,TIRUCHIRAPPALLI,Bajra,28
Tamil Nadu,TIRUCHIRAPPALLI,Banana,19
Tamil Nadu,TIRUCHIRAPPALLI,Black pepper,2
Tamil Nadu,TIRUCHIRAPPALLI,Cashewnut,17
Tamil Nadu,TIRUCHIRAPPALLI,Castor seed,21
Tamil Nadu,TIRUCHIRAPPALLI,Coconut,16
Tamil Nadu,TIRUCHIRAPPALLI,Coriander,19
Tamil Nadu,TIRUCHIRAPPALLI,Cotton(lint),30
Tamil Nadu,TIRUCHIRAPPALLI,Cowpea(Lobia),6
Tamil Nadu,TIRUCHIRAPPALLI,Dry chillies,19
Tamil Nadu,TIRUCHIRAPPALLI,Gram,21
Tamil Nadu,TIRUCHIRAPPALLI,Groundnut,30
Tamil Nadu,TIRUCHIRAPPALLI,Guar seed,1
Tamil Nadu,TIRUCHIRAPPALLI,Horse-gram,28
Tamil Nadu,TIRUCHIRAPPALLI,Jowar,28
Tamil Nadu,TIRUCHIRAPPALLI,Maize,28
Tamil Nadu,TIRUCHIRAPPALLI,Masoor,2
Tamil Nadu,TIRUCHIRAPPALLI,Mesta,3
Tamil Nadu,TIRUCHIRAPPALLI,Moong(Green Gram),29
Tamil Nadu,TIRUCHIRAPPALLI,Onion,26
Tamil Nadu,TIRUCHIRAPPALLI,Other  Rabi pulses,3
Tamil Nadu,TIRUCHIRAPPALLI,Other Cereals,2
Tamil Nadu,TIRUCHIRAPPALLI,Other Kharif pulses,9
Tamil Nadu,TIRUCHIRAPPALLI,Ragi,27
Tamil Nadu,TIRUCHIRAPPALLI,Rapeseed &Mustard,1
Tamil Nadu,TIRUCHIRAPPALLI,Rice,28
Tamil Nadu,TIRUCHIRAPPALLI,Sannhamp,1
Tamil Nadu,TIRUCHIRAPPALLI,Sesamum,29
Tamil Nadu,TIRUCHIRAPPALLI,Small millets,15
Tamil Nadu,TIRUCHIRAPPALLI,Sugarcane,22
Tamil Nadu,TIRUCHIRAPPALLI,Sunflower,27
Tamil Nadu,TIRUCHIRAPPALLI,Sweet potato,19
Tamil Nadu,TIRUCHIRAPPALLI,Tapioca,19
Tamil Nadu,TIRUCHIRAPPALLI,Turmeric,19
Tamil Nadu,TIRUCHIRAPPALLI,Urad,29
Tamil Nadu,TIRUNELVELI,Arecanut,14
Tamil Nadu,TIRUNELVELI,Arhar/Tur,21
Tamil Nadu,TIRUNELVELI,Bajra,27
Tamil Nadu,TIRUNELVELI,Banana,19
Tamil Nadu,TIRUNELVELI,Black pepper,15
Tamil Nadu,TIRUNELVELI,Cardamom,18
Tamil Nadu,TIRUNELVELI,Cashewnut,18
Tamil Nadu,TIRUNELVELI,Castor seed,16
Tamil Nadu,TIRUNELVELI,Coconut,16
Tamil Nadu,TIRUNELVELI,Coriander,17
Tamil Nadu,TIRUNELVELI,Cotton(lint),30
Tamil Nadu,TIRUNELVELI,Cowpea(Lobia),6
Tamil Nadu,TIRUNELVELI,Dry chillies,19
Tamil Nadu,TIRUNELVELI,Ginger,13
Tamil Nadu,TIRUNELVELI,Gram,10
Tamil Nadu,TIRUNELVELI,Groundnut,30
Tamil Nadu,TIRUNELVELI,Guar seed,1
Tamil Nadu,TIRUNELVELI,Horse-gram,24
Tamil Nadu,TIRUNELVELI,Jowar,28
Tamil Nadu,TIRUNELVELI,Maize,28
Tamil Nadu,TIRUNELVELI,Masoor,2
Tamil Nadu,TIRUNELVELI,Moong(Green Gram),29
Tamil Nadu,TIRUNELVELI,Onion,26
Tamil Nadu,TIRUNELVELI,Other  Rabi pulses,1
Tamil Nadu,TIRUNELVELI,Other Cereals,6
Tamil Nadu,TIRUNELVELI,Other Kharif pulses,7
Tamil Nadu,TIRUNELVELI,Potato,3
Tamil Nadu,TIRUNELVELI,Ragi,30
Tamil Nadu,TIRUNELVELI,Rapeseed &Mustard,2
Tamil Nadu,TIRUNELVELI,Rice,28
Tamil Nadu,TIRUNELVELI,Sannhamp,3
Tamil Nadu,TIRUNELVELI,Sesamum,29
Tamil Nadu,TIRUNELVELI,Small millets,16
Tamil Nadu,TIRUNELVELI,Sugarcane,22
Tamil Nadu,TIRUNELVELI,Sunflower,29
Tamil Nadu,TIRUNELVELI,Sweet potato,18
Tamil Nadu,TIRUNELVELI,Tapioca,19
Tamil Nadu,TIRUNELVELI,Tobacco,9
Tamil Nadu,TIRUNELVELI,Turmeric,19
Tamil Nadu,TIRUNELVELI,Urad,29
Tamil Nadu,TIRUPATHUR,Castor seed,1
Tamil Nadu,TIRUPATHUR,Coconut,1
Tamil Nadu,TIRUPATHUR,Gram,1
Tamil Nadu,TIRUPATHUR,Other  Rabi pulses,1
Tamil Nadu,TIRUPATHUR,Other Kharif pulses,1
Tamil Nadu,TIRUPATHUR,Rapeseed &Mustard,1
Tamil Nadu,TIRUPATHUR,Small millets,1
Tamil Nadu,TIRUPPUR,Arecanut,9
Tamil Nadu,TIRUPPUR,Arhar/Tur,10
Tamil Nadu,TIRUPPUR,Bajra,17
Tamil Nadu,TIRUPPUR,Banana,9
Tamil Nadu,TIRUPPUR,Black pepper,3
Tamil Nadu,TIRUPPUR,Cashewnut,8
Tamil Nadu,TIRUPPUR,Castor seed,11
Tamil Nadu,TIRUPPUR,Coconut,9
Tamil Nadu,TIRUPPUR,Coriander,9
Tamil Nadu,TIRUPPUR,Cotton(lint),18
Tamil Nadu,TIRUPPUR,Cowpea(Lobia),6
Tamil Nadu,TIRUPPUR,Dry chillies,9
Tamil Nadu,TIRUPPUR,Ginger,1
Tamil Nadu,TIRUPPUR,Gram,11
Tamil Nadu,TIRUPPUR,Groundnut,19
Tamil Nadu,TIRUPPUR,Horse-gram,18
Tamil Nadu,TIRUPPUR,Jowar,17
Tamil Nadu,TIRUPPUR,Maize,19
Tamil Nadu,TIRUPPUR,Masoor,2
Tamil Nadu,TIRUPPUR,Moong(Green Gram),18
Tamil Nadu,TIRUPPUR,Onion,16
Tamil Nadu,TIRUPPUR,Other  Rabi pulses,3
Tamil Nadu,TIRUPPUR,Other Cereals,2
Tamil Nadu,TIRUPPUR,Other Kharif pulses,4
Tamil Nadu,TIRUPPUR,Potato,4
Tamil Nadu,TIRUPPUR,Ragi,2
Tamil Nadu,TIRUPPUR,Rice,14
Tamil Nadu,TIRUPPUR,Sesamum,17
Tamil Nadu,TIRUPPUR,Small millets,2
Tamil Nadu,TIRUPPUR,Sugarcane,11
Tamil Nadu,TIRUPPUR,Sunflower,17
Tamil Nadu,TIRUPPUR,Sweet potato,1
Tamil Nadu,TIRUPPUR,Tapioca,9
Tamil Nadu,TIRUPPUR,Tobacco,8
Tamil Nadu,TIRUPPUR,Turmeric,9
Tamil Nadu,TIRUPPUR,Urad,18
Tamil Nadu,TIRUVANNAMALAI,Arecanut,10
Tamil Nadu,TIRUVANNAMALAI,Arhar/Tur,21
Tamil Nadu,TIRUVANNAMALAI,Bajra,28
Tamil Nadu,TIRUVANNAMALAI,Banana,19
Tamil Nadu,TIRUVANNAMALAI,Black pepper,2
Tamil Nadu,TIRUVANNAMALAI,Cashewnut,9
Tamil Nadu,TIRUVANNAMALAI,Castor seed,18
Tamil Nadu,TIRUVANNAMALAI,Coconut,16
Tamil Nadu,TIRUVANNAMALAI,Coriander,19
Tamil Nadu,TIRUVANNAMALAI,Cotton(lint),30
Tamil Nadu,TIRUVANNAMALAI,Cowpea(Lobia),6
Tamil Nadu,TIRUVANNAMALAI,Dry chillies,19
Tamil Nadu,TIRUVANNAMALAI,Garlic,2
Tamil Nadu,TIRUVANNAMALAI,Gram,11
Tamil Nadu,TIRUVANNAMALAI,Groundnut,30
Tamil Nadu,TIRUVANNAMALAI,Guar seed,1
Tamil Nadu,TIRUVANNAMALAI,Horse-gram,28
Tamil Nadu,TIRUVANNAMALAI,Jowar,28
Tamil Nadu,TIRUVANNAMALAI,Maize,28
Tamil Nadu,TIRUVANNAMALAI,Masoor,2
Tamil Nadu,TIRUVANNAMALAI,Moong(Green Gram),29
Tamil Nadu,TIRUVANNAMALAI,Onion,26
Tamil Nadu,TIRUVANNAMALAI,Other  Rabi pulses,3
Tamil Nadu,TIRUVANNAMALAI,Other Cereals,5
Tamil Nadu,TIRUVANNAMALAI,Other Kharif pulses,9
Tamil Nadu,TIRUVANNAMALAI,Potato,5
Tamil Nadu,TIRUVANNAMALAI,Ragi,30
Tamil Nadu,TIRUVANNAMALAI,Rapeseed &Mustard,5
Tamil Nadu,TIRUVANNAMALAI,Rice,28
Tamil Nadu,TIRUVANNAMALAI,Sannhamp,1
Tamil Nadu,TIRUVANNAMALAI,Sesamum,28
Tamil Nadu,TIRUVANNAMALAI,Small millets,19
Tamil Nadu,TIRUVANNAMALAI,Sugarcane,22
Tamil Nadu,TIRUVANNAMALAI,Sunflower,29
Tamil Nadu,TIRUVANNAMALAI,Sweet potato,18
Tamil Nadu,TIRUVANNAMALAI,Tapioca,19
Tamil Nadu,TIRUVANNAMALAI,Tobacco,13
Tamil Nadu,TIRUVANNAMALAI,Turmeric,19
Tamil Nadu,TIRUVANNAMALAI,Urad,29
Tamil Nadu,TUTICORIN,Arhar/Tur,20
Tamil Nadu,TUTICORIN,Bajra,23
Tamil Nadu,TUTICORIN,Banana,19
Tamil Nadu,TUTICORIN,Cashewnut,18
Tamil Nadu,TUTICORIN,Castor seed,19
Tamil Nadu,TUTICORIN,Coconut,16
Tamil Nadu,TUTICORIN,Coriander,18
Tamil Nadu,TUTICORIN,Cotton(lint),29
Tamil Nadu,TUTICORIN,Cowpea(Lobia),5
Tamil Nadu,TUTICORIN,Dry chillies,19
Tamil Nadu,TUTICORIN,Garlic,1
Tamil Nadu,TUTICORIN,Gram,21
Tamil Nadu,TUTICORIN,Groundnut,30
Tamil Nadu,TUTICORIN,Guar seed,1
Tamil Nadu,TUTICORIN,Horse-gram,19
Tamil Nadu,TUTICORIN,Jowar,21
Tamil Nadu,TUTICORIN,Maize,24
Tamil Nadu,TUTICORIN,Masoor,2
Tamil Nadu,TUTICORIN,Moong(Green Gram),26
Tamil Nadu,TUTICORIN,Onion,26
Tamil Nadu,TUTICORIN,Other  Rabi pulses,3
Tamil Nadu,TUTICORIN,Other Cereals,4
Tamil Nadu,TUTICORIN,Other Kharif pulses,6
Tamil Nadu,TUTICORIN,Ragi,22
Tamil Nadu,TUTICORIN,Rice,28
Tamil Nadu,TUTICORIN,Sesamum,29
Tamil Nadu,TUTICORIN,Small millets,20
Tamil Nadu,TUTICORIN,Sugarcane,22
Tamil Nadu,TUTICORIN,Sunflower,23
Tamil Nadu,TUTICORIN,Sweet potato,19
Tamil Nadu,TUTICORIN,Tapioca,19
Tamil Nadu,TUTICORIN,Tobacco,1
Tamil Nadu,TUTICORIN,Turmeric,19
Tamil Nadu,TUTICORIN,Urad,29
Tamil Nadu,VELLORE,Arecanut,13
Tamil Nadu,VELLORE,Arhar/Tur,21
Tamil Nadu,VELLORE,Bajra,28
Tamil Nadu,VELLORE,Banana,19
Tamil Nadu,VELLORE,Cardamom,1
Tamil Nadu,VELLORE,Cashewnut,15
Tamil Nadu,VELLORE,Castor seed,21
Tamil Nadu,VELLORE,Coconut,16
Tamil Nadu,VELLORE,Coriander,19
Tamil Nadu,VELLORE,Cotton(lint),27
Tamil Nadu,VELLORE,Cowpea(Lobia),6
Tamil Nadu,VELLORE,Dry chillies,19
Tamil Nadu,VELLORE,Garlic,2
Tamil Nadu,VELLORE,Ginger,8
Tamil Nadu,VELLORE,Gram,14
Tamil Nadu,VELLORE,Groundnut,30
Tamil Nadu,VELLORE,Guar seed,1
Tamil Nadu,VELLORE,Horse-gram,27
Tamil Nadu,VELLORE,Jowar,28
Tamil Nadu,VELLORE,Maize,28
Tamil Nadu,VELLORE,Masoor,2
Tamil Nadu,VELLORE,Moong(Green Gram),29
Tamil Nadu,VELLORE,Onion,26
Tamil Nadu,VELLORE,Other  Rabi pulses,3
Tamil Nadu,VELLORE,Other Cereals,2
Tamil Nadu,VELLORE,Other Kharif pulses,9
Tamil Nadu,VELLORE,Potato,7
Tamil Nadu,VELLORE,Ragi,30
Tamil Nadu,VELLORE,Rapeseed &Mustard,6
Tamil Nadu,VELLORE,Rice,28
Tamil Nadu,VELLORE,Sesamum,29
Tamil Nadu,VELLORE,Small millets,17
Tamil Nadu,VELLORE,Sugarcane,22
Tamil Nadu,VELLORE,Sunflower,27
Tamil Nadu,VELLORE,Sweet potato,14
Tamil Nadu,VELLORE,Tapioca,19
Tamil Nadu,VELLORE,Tobacco,5
Tamil Nadu,VELLORE,Turmeric,19
Tamil Nadu,VELLORE,Urad,29
Tamil Nadu,VILLUPURAM,Arecanut,14
Tamil Nadu,VILLUPURAM,Arhar/Tur,21
Tamil Nadu,VILLUPURAM,Bajra,28
Tamil Nadu,VILLUPURAM,Banana,19
Tamil Nadu,VILLUPURAM,Black pepper,3
Tamil Nadu,VILLUPURAM,Cashewnut,18
Tamil Nadu,VILLUPURAM,Castor seed,21
Tamil Nadu,VILLUPURAM,Coconut,16
Tamil Nadu,VILLUPURAM,Coriander,15
Tamil Nadu,VILLUPURAM,Cotton(lint),30
Tamil Nadu,VILLUPURAM,Cowpea(Lobia),5
Tamil Nadu,VILLUPURAM,Dry chillies,19
Tamil Nadu,VILLUPURAM,Garlic,1
Tamil Nadu,VILLUPURAM,Gram,11
Tamil Nadu,VILLUPURAM,Groundnut,30
Tamil Nadu,VILLUPURAM,Guar seed,1
Tamil Nadu,VILLUPURAM,Horse-gram,26
Tamil Nadu,VILLUPURAM,Jowar,28
Tamil Nadu,VILLUPURAM,Maize,26
Tamil Nadu,VILLUPURAM,Masoor,2
Tamil Nadu,VILLUPURAM,Mesta,3
Tamil Nadu,VILLUPURAM,Moong(Green Gram),29
Tamil Nadu,VILLUPURAM,Onion,26
Tamil Nadu,VILLUPURAM,Other  Rabi pulses,3
Tamil Nadu,VILLUPURAM,Other Cereals,4
Tamil Nadu,VILLUPURAM,Other Kharif pulses,9
Tamil Nadu,VILLUPURAM,Ragi,30
Tamil Nadu,VILLUPURAM,Rapeseed &Mustard,7
Tamil Nadu,VILLUPURAM,Rice,28
Tamil Nadu,VILLUPURAM,Sannhamp,2
Tamil Nadu,VILLUPURAM,Sesamum,29
Tamil Nadu,VILLUPURAM,Small millets,21
Tamil Nadu,VILLUPURAM,Sugarcane,22
Tamil Nadu,VILLUPURAM,Sunflower,28
Tamil Nadu,VILLUPURAM,Sweet potato,18
Tamil Nadu,VILLUPURAM,Tapioca,19
Tamil Nadu,VILLUPURAM,Tobacco,5
Tamil Nadu,VILLUPURAM,Turmeric,19
Tamil Nadu,VILLUPURAM,Urad,29
Tamil Nadu,VIRUDHUNAGAR,Arecanut,14
Tamil Nadu,VIRUDHUNAGAR,Arhar/Tur,21
Tamil Nadu,VIRUDHUNAGAR,Bajra,28
Tamil Nadu,VIRUDHUNAGAR,Banana,19
Tamil Nadu,VIRUDHUNAGAR,Cardamom,17
Tamil Nadu,VIRUDHUNAGAR,Cashewnut,16
Tamil Nadu,VIRUDHUNAGAR,Castor seed,17
Tamil Nadu,VIRUDHUNAGAR,Coconut,16
Tamil Nadu,VIRUDHUNAGAR,Coriander,19
Tamil Nadu,VIRUDHUNAGAR,Cotton(lint),30
Tamil Nadu,VIRUDHUNAGAR,Cowpea(Lobia),6
Tamil Nadu,VIRUDHUNAGAR,Dry chillies,19
Tamil Nadu,VIRUDHUNAGAR,Ginger,1
Tamil Nadu,VIRUDHUNAGAR,Gram,20
Tamil Nadu,VIRUDHUNAGAR,Groundnut,30
Tamil Nadu,VIRUDHUNAGAR,Guar seed,1
Tamil Nadu,VIRUDHUNAGAR,Horse-gram,27
Tamil Nadu,VIRUDHUNAGAR,Jowar,28
Tamil Nadu,VIRUDHUNAGAR,Maize,28
Tamil Nadu,VIRUDHUNAGAR,Masoor,2
Tamil Nadu,VIRUDHUNAGAR,Moong(Green Gram),29
Tamil Nadu,VIRUDHUNAGAR,Onion,26
Tamil Nadu,VIRUDHUNAGAR,Other  Rabi pulses,3
Tamil Nadu,VIRUDHUNAGAR,Other Cereals,9
Tamil Nadu,VIRUDHUNAGAR,Other Kharif pulses,9
Tamil Nadu,VIRUDHUNAGAR,Potato,1
Tamil Nadu,VIRUDHUNAGAR,Ragi,30
Tamil Nadu,VIRUDHUNAGAR,Rice,28
Tamil Nadu,VIRUDHUNAGAR,Sannhamp,1
Tamil Nadu,VIRUDHUNAGAR,Sesamum,29
Tamil Nadu,VIRUDHUNAGAR,Small millets,22
Tamil Nadu,VIRUDHUNAGAR,Sugarcane,22
Tamil Nadu,VIRUDHUNAGAR,Sunflower,29
Tamil Nadu,VIRUDHUNAGAR,Sweet potato,18
Tamil Nadu,VIRUDHUNAGAR,Tapioca,17
Tamil Nadu,VIRUDHUNAGAR,Turmeric,12
Tamil Nadu,VIRUDHUNAGAR,Urad,29
Telangana,ADILABAD,Arhar/Tur,11
Telangana,ADILABAD,Bajra,5
Telangana,ADILABAD,Banana,6
Telangana,ADILABAD,Cashewnut,2
Telangana,ADILABAD,Castor seed,10
Telangana,ADILABAD,Coriander,7
Telangana,ADILABAD,Cotton(lint),7
Telangana,ADILABAD,Cowpea(Lobia),14
Telangana,ADILABAD,Dry chillies,14
Telangana,ADILABAD,Garlic,5
Telangana,ADILABAD,Ginger,5
Telangana,ADILABAD,Gram,7
Telangana,ADILABAD,Groundnut,9
Telangana,ADILABAD,Horse-gram,3
Telangana,ADILABAD,Jowar,14
Telangana,ADILABAD,Linseed,1
Telangana,ADILABAD,Maize,14
Telangana,ADILABAD,Moong(Green Gram),16
Telangana,ADILABAD,Onion,13
Telangana,ADILABAD,Other  Rabi pulses,2
Telangana,ADILABAD,Other Kharif pulses,3
Telangana,ADILABAD,Potato,1
Telangana,ADILABAD,Ragi,2
Telangana,ADILABAD,Rapeseed &Mustard,3
Telangana,ADILABAD,Rice,14
Telangana,ADILABAD,Safflower,5
Telangana,ADILABAD,Sesamum,13
Telangana,ADILABAD,Small millets,2
Telangana,ADILABAD,Soyabean,7
Telangana,ADILABAD,Sugarcane,7
Telangana,ADILABAD,Sunflower,6
Telangana,ADILABAD,Sweet potato,2
Telangana,ADILABAD,Tobacco,8
Telangana,ADILABAD,Turmeric,7
Telangana,ADILABAD,Urad,12
Telangana,ADILABAD,Wheat,7
Telangana,BHADRADRI,Arhar/Tur,8
Telangana,BHADRADRI,Bajra,1
Telangana,BHADRADRI,Banana,4
Telangana,BHADRADRI,Cashewnut,4
Telangana,BHADRADRI,Cotton(lint),4
Telangana,BHADRADRI,Cowpea(Lobia),8
Telangana,BHADRADRI,Dry chillies,8
Telangana,BHADRADRI,Gram,1
Telangana,BHADRADRI,Groundnut,8
Telangana,BHADRADRI,Horse-gram,1
Telangana,BHADRADRI,Jowar,6
Telangana,BHADRADRI,Maize,8
Telangana,BHADRADRI,Moong(Green Gram),8
Telangana,BHADRADRI,Onion,2
Telangana,BHADRADRI,Rice,8
Telangana,BHADRADRI,Sesamum,8
Telangana,BHADRADRI,Small millets,1
Telangana,BHADRADRI,Soyabean,3
Telangana,BHADRADRI,Sugarcane,4
Telangana,BHADRADRI,Sunflower,2
Telangana,BHADRADRI,Tobacco,6
Telangana,BHADRADRI,Turmeric,5
Telangana,BHADRADRI,Urad,8
Telangana,HANUMAKONDA,Arhar/Tur,5
Telangana,HANUMAKONDA,Banana,3
Telangana,HANUMAKONDA,Cotton(lint),4
Telangana,HANUMAKONDA,Cowpea(Lobia),6
Telangana,HANUMAKONDA,Dry chillies,6
Telangana,HANUMAKONDA,Garlic,2
Telangana,HANUMAKONDA,Gram,4
Telangana,HANUMAKONDA,Groundnut,8
Telangana,HANUMAKONDA,Jowar,2
Telangana,HANUMAKONDA,Maize,8
Telangana,HANUMAKONDA,Moong(Green Gram),8
Telangana,HANUMAKONDA,Onion,6
Telangana,HANUMAKONDA,Ragi,1
Telangana,HANUMAKONDA,Rice,8
Telangana,HANUMAKONDA,Sesamum,4
Telangana,HANUMAKONDA,Small millets,1
Telangana,HANUMAKONDA,Soyabean,4
Telangana,HANUMAKONDA,Tobacco,1
Telangana,HANUMAKONDA,Turmeric,4
Telangana,HANUMAKONDA,Urad,7
Telangana,JAGITIAL,Arhar/Tur,4
Telangana,JAGITIAL,Bajra,4
Telangana,JAGITIAL,Banana,3
Telangana,JAGITIAL,Cotton(lint),4
Telangana,JAGITIAL,Cowpea(Lobia),8
Telangana,JAGITIAL,Dry chillies,4
Telangana,JAGITIAL,Gram,4
Telangana,JAGITIAL,Groundnut,4
Telangana,JAGITIAL,Jowar,4
Telangana,JAGITIAL,Maize,8
Telangana,JAGITIAL,Moong(Green Gram),8
Telangana,JAGITIAL,Onion,7
Telangana,JAGITIAL,Rice,8
Telangana,JAGITIAL,Sesamum,4
Telangana,JAGITIAL,Soyabean,4
Telangana,JAGITIAL,Sugarcane,4
Telangana,JAGITIAL,Sunflower,1
Telangana,JAGITIAL,Turmeric,4
Telangana,JAGITIAL,Urad,5
Telangana,JANGOAN,Arhar/Tur,8
Telangana,JANGOAN,Banana,1
Telangana,JANGOAN,Castor seed,4
Telangana,JANGOAN,Coriander,2
Telangana,JANGOAN,Cotton(lint),4
Telangana,JANGOAN,Cowpea(Lobia),8
Telangana,JANGOAN,Dry chillies,7
Telangana,JANGOAN,Ginger,1
Telangana,JANGOAN,Gram,4
Telangana,JANGOAN,Groundnut,8
Telangana,JANGOAN,Horse-gram,4
Telangana,JANGOAN,Jowar,8
Telangana,JANGOAN,Maize,8
Telangana,JANGOAN,Moong(Green Gram),8
Telangana,JANGOAN,Onion,5
Telangana,JANGOAN,Ragi,1
Telangana,JANGOAN,Rice,8
Telangana,JANGOAN,Sesamum,7
Telangana,JANGOAN,Small millets,1
Telangana,JANGOAN,Soyabean,1
Telangana,JANGOAN,Sugarcane,1
Telangana,JANGOAN,Sunflower,1
Telangana,JANGOAN,Sweet potato,4
Telangana,JANGOAN,Tobacco,7
Telangana,JANGOAN,Turmeric,4
Telangana,JANGOAN,Urad,7
Telangana,JAYASHANKAR,Arhar/Tur,8
Telangana,JAYASHANKAR,Bajra,1
Telangana,JAYASHANKAR,Banana,4
Telangana,JAYASHANKAR,Cashewnut,2
Telangana,JAYASHANKAR,Coriander,1
Telangana,JAYASHANKAR,Cotton(lint),4
Telangana,JAYASHANKAR,Cowpea(Lobia),5
Telangana,JAYASHANKAR,Dry chillies,8
Telangana,JAYASHANKAR,Gram,4
Telangana,JAYASHANKAR,Groundnut,8
Telangana,JAYASHANKAR,Horse-gram,2
Telangana,JAYASHANKAR,Jowar,3
Telangana,JAYASHANKAR,Maize,8
Telangana,JAYASHANKAR,Moong(Green Gram),8
Telangana,JAYASHANKAR,Onion,4
Telangana,JAYASHANKAR,Ragi,1
Telangana,JAYASHANKAR,Rice,8
Telangana,JAYASHANKAR,Sesamum,4
Telangana,JAYASHANKAR,Small millets,1
Telangana,JAYASHANKAR,Soyabean,1
Telangana,JAYASHANKAR,Sugarcane,1
Telangana,JAYASHANKAR,Sunflower,1
Telangana,JAYASHANKAR,Tobacco,3
Telangana,JAYASHANKAR,Turmeric,4
Telangana,JAYASHANKAR,Urad,8
Telangana,JOGULAMBA,Arhar/Tur,7
Telangana,JOGULAMBA,Bajra,6
Telangana,JOGULAMBA,Banana,3
Telangana,JOGULAMBA,Castor seed,8
Telangana,JOGULAMBA,Cotton(lint),4
Telangana,JOGULAMBA,Cowpea(Lobia),4
Telangana,JOGULAMBA,Dry chillies,5
Telangana,JOGULAMBA,Gram,4
Telangana,JOGULAMBA,Groundnut,8
Telangana,JOGULAMBA,Horse-gram,5
Telangana,JOGULAMBA,Jowar,8
Telangana,JOGULAMBA,Maize,8
Telangana,JOGULAMBA,Moong(Green Gram),6
Telangana,JOGULAMBA,Onion,8
Telangana,JOGULAMBA,Ragi,1
Telangana,JOGULAMBA,Rice,8
Telangana,JOGULAMBA,Safflower,1
Telangana,JOGULAMBA,Sesamum,2
Telangana,JOGULAMBA,Small millets,5
Telangana,JOGULAMBA,Soyabean,1
Telangana,JOGULAMBA,Sugarcane,4
Telangana,JOGULAMBA,Sunflower,6
Telangana,JOGULAMBA,Tobacco,8
Telangana,JOGULAMBA,Urad,8
Telangana,JOGULAMBA,Wheat,1
Telangana,KAMAREDDY,Arhar/Tur,4
Telangana,KAMAREDDY,Banana,4
Telangana,KAMAREDDY,Castor seed,3
Telangana,KAMAREDDY,Coriander,4
Telangana,KAMAREDDY,Cotton(lint),4
Telangana,KAMAREDDY,Cowpea(Lobia),4
Telangana,KAMAREDDY,Dry chillies,8
Telangana,KAMAREDDY,Garlic,1
Telangana,KAMAREDDY,Gram,4
Telangana,KAMAREDDY,Groundnut,4
Telangana,KAMAREDDY,Horse-gram,1
Telangana,KAMAREDDY,Jowar,8
Telangana,KAMAREDDY,Maize,8
Telangana,KAMAREDDY,Moong(Green Gram),8
Telangana,KAMAREDDY,Onion,7
Telangana,KAMAREDDY,Ragi,2
Telangana,KAMAREDDY,Rice,8
Telangana,KAMAREDDY,Safflower,4
Telangana,KAMAREDDY,Sesamum,4
Telangana,KAMAREDDY,Small millets,1
Telangana,KAMAREDDY,Soyabean,5
Telangana,KAMAREDDY,Sugarcane,4
Telangana,KAMAREDDY,Sunflower,4
Telangana,KAMAREDDY,Tobacco,4
Telangana,KAMAREDDY,Turmeric,4
Telangana,KAMAREDDY,Urad,8
Telangana,KAMAREDDY,Wheat,4
Telangana,KARIMNAGAR,Arhar/Tur,10
Telangana,KARIMNAGAR,Bajra,3
Telangana,KARIMNAGAR,Banana,7
Telangana,KARIMNAGAR,Castor seed,4
Telangana,KARIMNAGAR,Coriander,6
Telangana,KARIMNAGAR,Cotton(lint),7
Telangana,KARIMNAGAR,Cowpea(Lobia),13
Telangana,KARIMNAGAR,Dry chillies,10
Telangana,KARIMNAGAR,Garlic,1
Telangana,KARIMNAGAR,Ginger,3
Telangana,KARIMNAGAR,Gram,8
Telangana,KARIMNAGAR,Groundnut,13
Telangana,KARIMNAGAR,Horse-gram,2
Telangana,KARIMNAGAR,Jowar,5
Telangana,KARIMNAGAR,Maize,14
Telangana,KARIMNAGAR,Moong(Green Gram),16
Telangana,KARIMNAGAR,Onion,11
Telangana,KARIMNAGAR,Other  Rabi pulses,2
Telangana,KARIMNAGAR,Other Kharif pulses,3
Telangana,KARIMNAGAR,Rapeseed &Mustard,3
Telangana,KARIMNAGAR,Rice,14
Telangana,KARIMNAGAR,Sesamum,8
Telangana,KARIMNAGAR,Small millets,1
Telangana,KARIMNAGAR,Soyabean,6
Telangana,KARIMNAGAR,Sugarcane,3
Telangana,KARIMNAGAR,Sunflower,5
Telangana,KARIMNAGAR,Sweet potato,3
Telangana,KARIMNAGAR,Tobacco,9
Telangana,KARIMNAGAR,Turmeric,7
Telangana,KARIMNAGAR,Urad,14
Telangana,KHAMMAM,Arhar/Tur,13
Telangana,KHAMMAM,Bajra,4
Telangana,KHAMMAM,Banana,7
Telangana,KHAMMAM,Cashewnut,7
Telangana,KHAMMAM,Coconut,2
Telangana,KHAMMAM,Cotton(lint),7
Telangana,KHAMMAM,Cowpea(Lobia),9
Telangana,KHAMMAM,Dry chillies,14
Telangana,KHAMMAM,Ginger,1
Telangana,KHAMMAM,Gram,7
Telangana,KHAMMAM,Groundnut,14
Telangana,KHAMMAM,Horse-gram,3
Telangana,KHAMMAM,Jowar,11
Telangana,KHAMMAM,Maize,14
Telangana,KHAMMAM,Mesta,4
Telangana,KHAMMAM,Moong(Green Gram),16
Telangana,KHAMMAM,Onion,9
Telangana,KHAMMAM,Ragi,1
Telangana,KHAMMAM,Rapeseed &Mustard,1
Telangana,KHAMMAM,Rice,14
Telangana,KHAMMAM,Sesamum,12
Telangana,KHAMMAM,Small millets,2
Telangana,KHAMMAM,Soyabean,3
Telangana,KHAMMAM,Sugarcane,7
Telangana,KHAMMAM,Sunflower,6
Telangana,KHAMMAM,Sweet potato,2
Telangana,KHAMMAM,Tobacco,6
Telangana,KHAMMAM,Turmeric,7
Telangana,KHAMMAM,Urad,14
Telangana,KHAMMAM,other oilseeds,3
Telangana,KOMARAM BHEEM ASIFABAD,Arhar/Tur,7
Telangana,KOMARAM BHEEM ASIFABAD,Bajra,1
Telangana,KOMARAM BHEEM ASIFABAD,Banana,4
Telangana,KOMARAM BHEEM ASIFABAD,Cashewnut,2
Telangana,KOMARAM BHEEM ASIFABAD,Castor seed,4
Telangana,KOMARAM BHEEM ASIFABAD,Coriander,2
Telangana,KOMARAM BHEEM ASIFABAD,Cotton(lint),4
Telangana,KOMARAM BHEEM ASIFABAD,Cowpea(Lobia),7
Telangana,KOMARAM BHEEM ASIFABAD,Dry chillies,6
Telangana,KOMARAM BHEEM ASIFABAD,Gram,4
Telangana,KOMARAM BHEEM ASIFABAD,Groundnut,4
Telangana,KOMARAM BHEEM ASIFABAD,Horse-gram,2
Telangana,KOMARAM BHEEM ASIFABAD,Jowar,8
Telangana,KOMARAM BHEEM ASIFABAD,Maize,8
Telangana,KOMARAM BHEEM ASIFABAD,Moong(Green Gram),8
Telangana,KOMARAM BHEEM ASIFABAD,Onion,8
Telangana,KOMARAM BHEEM ASIFABAD,Ragi,2
Telangana,KOMARAM BHEEM ASIFABAD,Rice,8
Telangana,KOMARAM BHEEM ASIFABAD,Sesamum,8
Telangana,KOMARAM BHEEM ASIFABAD,Small millets,1
Telangana,KOMARAM BHEEM ASIFABAD,Soyabean,4
Telangana,KOMARAM BHEEM ASIFABAD,Sugarcane,1
Telangana,KOMARAM BHEEM ASIFABAD,Sunflower,3
Telangana,KOMARAM BHEEM ASIFABAD,Sweet potato,2
Telangana,KOMARAM BHEEM ASIFABAD,Turmeric,4
Telangana,KOMARAM BHEEM ASIFABAD,Urad,8
Telangana,KOMARAM BHEEM ASIFABAD,Wheat,4
Telangana,MAHABUBABAD,Arhar/Tur,8
Telangana,MAHABUBABAD,Bajra,1
Telangana,MAHABUBABAD,Banana,3
Telangana,MAHABUBABAD,Cotton(lint),4
Telangana,MAHABUBABAD,Cowpea(Lobia),4
Telangana,MAHABUBABAD,Dry chillies,8
Telangana,MAHABUBABAD,Gram,2
Telangana,MAHABUBABAD,Groundnut,8
Telangana,MAHABUBABAD,Horse-gram,1
Telangana,MAHABUBABAD,Jowar,6
Telangana,MAHABUBABAD,Maize,8
Telangana,MAHABUBABAD,Moong(Green Gram),8
Telangana,MAHABUBABAD,Onion,8
Telangana,MAHABUBABAD,Rice,8
Telangana,MAHABUBABAD,Sesamum,8
Telangana,MAHABUBABAD,Soyabean,4
Telangana,MAHABUBABAD,Sugarcane,4
Telangana,MAHABUBABAD,Sunflower,1
Telangana,MAHABUBABAD,Sweet potato,1
Telangana,MAHABUBABAD,Tobacco,4
Telangana,MAHABUBABAD,Turmeric,4
Telangana,MAHABUBABAD,Urad,8
Telangana,MAHBUBNAGAR,Arhar/Tur,10
Telangana,MAHBUBNAGAR,Bajra,5
Telangana,MAHBUBNAGAR,Banana,2
Telangana,MAHBUBNAGAR,Castor seed,14
Telangana,MAHBUBNAGAR,Cotton(lint),7
Telangana,MAHBUBNAGAR,Cowpea(Lobia),12
Telangana,MAHBUBNAGAR,Dry chillies,13
Telangana,MAHBUBNAGAR,Ginger,1
Telangana,MAHBUBNAGAR,Gram,6
Telangana,MAHBUBNAGAR,Groundnut,13
Telangana,MAHBUBNAGAR,Horse-gram,12
Telangana,MAHBUBNAGAR,Jowar,13
Telangana,MAHBUBNAGAR,Maize,14
Telangana,MAHBUBNAGAR,Moong(Green Gram),14
Telangana,MAHBUBNAGAR,Onion,14
Telangana,MAHBUBNAGAR,Potato,2
Telangana,MAHBUBNAGAR,Ragi,14
Telangana,MAHBUBNAGAR,Rice,14
Telangana,MAHBUBNAGAR,Safflower,6
Telangana,MAHBUBNAGAR,Sesamum,10
Telangana,MAHBUBNAGAR,Small millets,6
Telangana,MAHBUBNAGAR,Soyabean,4
Telangana,MAHBUBNAGAR,Sugarcane,7
Telangana,MAHBUBNAGAR,Sunflower,10
Telangana,MAHBUBNAGAR,Tobacco,6
Telangana,MAHBUBNAGAR,Turmeric,3
Telangana,MAHBUBNAGAR,Urad,10
Telangana,MAHBUBNAGAR,Wheat,3
Telangana,MANCHERIAL,Arhar/Tur,8
Telangana,MANCHERIAL,Cashewnut,3
Telangana,MANCHERIAL,Coriander,1
Telangana,MANCHERIAL,Cotton(lint),4
Telangana,MANCHERIAL,Cowpea(Lobia),5
Telangana,MANCHERIAL,Dry chillies,5
Telangana,MANCHERIAL,Gram,4
Telangana,MANCHERIAL,Groundnut,6
Telangana,MANCHERIAL,Horse-gram,2
Telangana,MANCHERIAL,Jowar,7
Telangana,MANCHERIAL,Maize,8
Telangana,MANCHERIAL,Moong(Green Gram),8
Telangana,MANCHERIAL,Onion,6
Telangana,MANCHERIAL,Rice,8
Telangana,MANCHERIAL,Safflower,2
Telangana,MANCHERIAL,Sesamum,7
Telangana,MANCHERIAL,Small millets,1
Telangana,MANCHERIAL,Soyabean,4
Telangana,MANCHERIAL,Sweet potato,4
Telangana,MANCHERIAL,Turmeric,4
Telangana,MANCHERIAL,Urad,8
Telangana,MANCHERIAL,Wheat,2
Telangana,MEDAK,Arhar/Tur,10
Telangana,MEDAK,Bajra,8
Telangana,MEDAK,Banana,7
Telangana,MEDAK,Castor seed,10
Telangana,MEDAK,Coriander,5
Telangana,MEDAK,Cotton(lint),7
Telangana,MEDAK,Cowpea(Lobia),12
Telangana,MEDAK,Dry chillies,11
Telangana,MEDAK,Garlic,2
Telangana,MEDAK,Ginger,4
Telangana,MEDAK,Gram,7
Telangana,MEDAK,Groundnut,14
Telangana,MEDAK,Horse-gram,9
Telangana,MEDAK,Jowar,14
Telangana,MEDAK,Linseed,3
Telangana,MEDAK,Maize,14
Telangana,MEDAK,Masoor,3
Telangana,MEDAK,Mesta,1
Telangana,MEDAK,Moong(Green Gram),16
Telangana,MEDAK,Onion,14
Telangana,MEDAK,Other Kharif pulses,3
Telangana,MEDAK,Potato,7
Telangana,MEDAK,Ragi,6
Telangana,MEDAK,Rapeseed &Mustard,1
Telangana,MEDAK,Rice,14
Telangana,MEDAK,Safflower,7
Telangana,MEDAK,Sesamum,10
Telangana,MEDAK,Small millets,3
Telangana,MEDAK,Soyabean,7
Telangana,MEDAK,Sugarcane,7
Telangana,MEDAK,Sunflower,11
Telangana,MEDAK,Tobacco,3
Telangana,MEDAK,Turmeric,5
Telangana,MEDAK,Urad,13
Telangana,MEDAK,Wheat,7
Telangana,MEDAK,other oilseeds,2
Telangana,MEDCHAL MALKAJGIRI,Arhar/Tur,4
Telangana,MEDCHAL MALKAJGIRI,Banana,4
Telangana,MEDCHAL MALKAJGIRI,Castor seed,3
Telangana,MEDCHAL MALKAJGIRI,Cotton(lint),4
Telangana,MEDCHAL MALKAJGIRI,Dry chillies,2
Telangana,MEDCHAL MALKAJGIRI,Gram,4
Telangana,MEDCHAL MALKAJGIRI,Horse-gram,2
Telangana,MEDCHAL MALKAJGIRI,Jowar,8
Telangana,MEDCHAL MALKAJGIRI,Maize,8
Telangana,MEDCHAL MALKAJGIRI,Moong(Green Gram),3
Telangana,MEDCHAL MALKAJGIRI,Onion,3
Telangana,MEDCHAL MALKAJGIRI,Potato,1
Telangana,MEDCHAL MALKAJGIRI,Ragi,1
Telangana,MEDCHAL MALKAJGIRI,Rice,8
Telangana,MEDCHAL MALKAJGIRI,Sesamum,1
Telangana,MEDCHAL MALKAJGIRI,Soyabean,2
Telangana,MEDCHAL MALKAJGIRI,Sugarcane,1
Telangana,MEDCHAL MALKAJGIRI,Sunflower,3
Telangana,MEDCHAL MALKAJGIRI,Wheat,1
Telangana,MULUGU,Arhar/Tur,3
Telangana,MULUGU,Banana,2
Telangana,MULUGU,Cashewnut,2
Telangana,MULUGU,Cotton(lint),2
Telangana,MULUGU,Cowpea(Lobia),2
Telangana,MULUGU,Dry chillies,4
Telangana,MULUGU,Gram,1
Telangana,MULUGU,Groundnut,4
Telangana,MULUGU,Jowar,1
Telangana,MULUGU,Maize,4
Telangana,MULUGU,Moong(Green Gram),4
Telangana,MULUGU,Onion,2
Telangana,MULUGU,Rice,4
Telangana,MULUGU,Sesamum,2
Telangana,MULUGU,Sunflower,1
Telangana,MULUGU,Tobacco,2
Telangana,MULUGU,Turmeric,2
Telangana,MULUGU,Urad,2
Telangana,NAGARKURNOOL,Arhar/Tur,8
Telangana,NAGARKURNOOL,Bajra,5
Telangana,NAGARKURNOOL,Banana,2
Telangana,NAGARKURNOOL,Castor seed,8
Telangana,NAGARKURNOOL,Cotton(lint),4
Telangana,NAGARKURNOOL,Cowpea(Lobia),4
Telangana,NAGARKURNOOL,Dry chillies,8
Telangana,NAGARKURNOOL,Gram,4
Telangana,NAGARKURNOOL,Groundnut,8
Telangana,NAGARKURNOOL,Horse-gram,4
Telangana,NAGARKURNOOL,Jowar,8
Telangana,NAGARKURNOOL,Maize,8
Telangana,NAGARKURNOOL,Moong(Green Gram),8
Telangana,NAGARKURNOOL,Onion,8
Telangana,NAGARKURNOOL,Potato,2
Telangana,NAGARKURNOOL,Ragi,7
Telangana,NAGARKURNOOL,Rice,8
Telangana,NAGARKURNOOL,Sesamum,5
Telangana,NAGARKURNOOL,Small millets,5
Telangana,NAGARKURNOOL,Soyabean,1
Telangana,NAGARKURNOOL,Sugarcane,3
Telangana,NAGARKURNOOL,Sunflower,6
Telangana,NAGARKURNOOL,Sweet potato,1
Telangana,NAGARKURNOOL,Urad,8
Telangana,NALGONDA,Arhar/Tur,10
Telangana,NALGONDA,Bajra,12
Telangana,NALGONDA,Banana,4
Telangana,NALGONDA,Castor seed,12
Telangana,NALGONDA,Coriander,3
Telangana,NALGONDA,Cotton(lint),7
Telangana,NALGONDA,Cowpea(Lobia),7
Telangana,NALGONDA,Dry chillies,14
Telangana,NALGONDA,Ginger,3
Telangana,NALGONDA,Gram,7
Telangana,NALGONDA,Groundnut,14
Telangana,NALGONDA,Horse-gram,6
Telangana,NALGONDA,Jowar,14
Telangana,NALGONDA,Maize,14
Telangana,NALGONDA,Moong(Green Gram),15
Telangana,NALGONDA,Onion,4
Telangana,NALGONDA,Ragi,1
Telangana,NALGONDA,Rice,14
Telangana,NALGONDA,Sesamum,8
Telangana,NALGONDA,Small millets,1
Telangana,NALGONDA,Soyabean,2
Telangana,NALGONDA,Sugarcane,7
Telangana,NALGONDA,Sunflower,5
Telangana,NALGONDA,Tobacco,6
Telangana,NALGONDA,Turmeric,5
Telangana,NALGONDA,Urad,9
Telangana,NALGONDA,Wheat,1
Telangana,NALGONDA,other oilseeds,3
Telangana,NARAYANAPET,Arhar/Tur,2
Telangana,NARAYANAPET,Bajra,1
Telangana,NARAYANAPET,Banana,2
Telangana,NARAYANAPET,Castor seed,4
Telangana,NARAYANAPET,Cotton(lint),2
Telangana,NARAYANAPET,Cowpea(Lobia),3
Telangana,NARAYANAPET,Dry chillies,2
Telangana,NARAYANAPET,Gram,2
Telangana,NARAYANAPET,Groundnut,4
Telangana,NARAYANAPET,Horse-gram,4
Telangana,NARAYANAPET,Jowar,4
Telangana,NARAYANAPET,Maize,3
Telangana,NARAYANAPET,Moong(Green Gram),3
Telangana,NARAYANAPET,Onion,3
Telangana,NARAYANAPET,Ragi,4
Telangana,NARAYANAPET,Rice,4
Telangana,NARAYANAPET,Safflower,2
Telangana,NARAYANAPET,Sesamum,3
Telangana,NARAYANAPET,Small millets,1
Telangana,NARAYANAPET,Sugarcane,2
Telangana,NARAYANAPET,Sunflower,2
Telangana,NARAYANAPET,Urad,2
Telangana,NIRMAL,Arhar/Tur,5
Telangana,NIRMAL,Bajra,2
Telangana,NIRMAL,Banana,4
Telangana,NIRMAL,Coriander,4
Telangana,NIRMAL,Cotton(lint),4
Telangana,NIRMAL,Cowpea(Lobia),3
Telangana,NIRMAL,Dry chillies,6
Telangana,NIRMAL,Garlic,4
Telangana,NIRMAL,Gram,4
Telangana,NIRMAL,Groundnut,4
Telangana,NIRMAL,Horse-gram,1
Telangana,NIRMAL,Jowar,8
Telangana,NIRMAL,Maize,8
Telangana,NIRMAL,Moong(Green Gram),8
Telangana,NIRMAL,Onion,8
Telangana,NIRMAL,Ragi,3
Telangana,NIRMAL,Rice,8
Telangana,NIRMAL,Safflower,4
Telangana,NIRMAL,Sesamum,4
Telangana,NIRMAL,Small millets,1
Telangana,NIRMAL,Soyabean,4
Telangana,NIRMAL,Sugarcane,1
Telangana,NIRMAL,Sunflower,1
Telangana,NIRMAL,Tobacco,4
Telangana,NIRMAL,Turmeric,4
Telangana,NIRMAL,Urad,8
Telangana,NIRMAL,Wheat,4
Telangana,NIZAMABAD,Arhar/Tur,8
Telangana,NIZAMABAD,Bajra,9
Telangana,NIZAMABAD,Banana,7
Telangana,NIZAMABAD,Castor seed,3
Telangana,NIZAMABAD,Coriander,11
Telangana,NIZAMABAD,Cotton(lint),7
Telangana,NIZAMABAD,Cowpea(Lobia),3
Telangana,NIZAMABAD,Dry chillies,14
Telangana,NIZAMABAD,Garlic,5
Telangana,NIZAMABAD,Ginger,1
Telangana,NIZAMABAD,Gram,7
Telangana,NIZAMABAD,Groundnut,12
Telangana,NIZAMABAD,Horse-gram,2
Telangana,NIZAMABAD,Jowar,13
Telangana,NIZAMABAD,Maize,14
Telangana,NIZAMABAD,Moong(Green Gram),16
Telangana,NIZAMABAD,Onion,14
Telangana,NIZAMABAD,Other  Rabi pulses,3
Telangana,NIZAMABAD,Ragi,1
Telangana,NIZAMABAD,Rapeseed &Mustard,3
Telangana,NIZAMABAD,Rice,14
Telangana,NIZAMABAD,Safflower,7
Telangana,NIZAMABAD,Sesamum,7
Telangana,NIZAMABAD,Small millets,1
Telangana,NIZAMABAD,Soyabean,10
Telangana,NIZAMABAD,Sugarcane,7
Telangana,NIZAMABAD,Sunflower,7
Telangana,NIZAMABAD,Tobacco,9
Telangana,NIZAMABAD,Turmeric,7
Telangana,NIZAMABAD,Urad,14
Telangana,NIZAMABAD,Wheat,7
Telangana,PEDDAPALLI,Arhar/Tur,5
Telangana,PEDDAPALLI,Bajra,1
Telangana,PEDDAPALLI,Banana,4
Telangana,PEDDAPALLI,Coriander,2
Telangana,PEDDAPALLI,Cotton(lint),4
Telangana,PEDDAPALLI,Cowpea(Lobia),8
Telangana,PEDDAPALLI,Dry chillies,5
Telangana,PEDDAPALLI,Gram,4
Telangana,PEDDAPALLI,Groundnut,5
Telangana,PEDDAPALLI,Jowar,2
Telangana,PEDDAPALLI,Maize,8
Telangana,PEDDAPALLI,Moong(Green Gram),8
Telangana,PEDDAPALLI,Onion,5
Telangana,PEDDAPALLI,Ragi,1
Telangana,PEDDAPALLI,Rice,8
Telangana,PEDDAPALLI,Sesamum,5
Telangana,PEDDAPALLI,Small millets,1
Telangana,PEDDAPALLI,Soyabean,1
Telangana,PEDDAPALLI,Turmeric,4
Telangana,PEDDAPALLI,Urad,5
Telangana,RAJANNA,Arhar/Tur,4
Telangana,RAJANNA,Bajra,1
Telangana,RAJANNA,Castor seed,5
Telangana,RAJANNA,Coriander,2
Telangana,RAJANNA,Cotton(lint),4
Telangana,RAJANNA,Cowpea(Lobia),8
Telangana,RAJANNA,Dry chillies,4
Telangana,RAJANNA,Gram,4
Telangana,RAJANNA,Groundnut,4
Telangana,RAJANNA,Horse-gram,1
Telangana,RAJANNA,Jowar,2
Telangana,RAJANNA,Maize,8
Telangana,RAJANNA,Moong(Green Gram),8
Telangana,RAJANNA,Onion,6
Telangana,RAJANNA,Ragi,1
Telangana,RAJANNA,Rice,8
Telangana,RAJANNA,Sesamum,4
Telangana,RAJANNA,Soyabean,3
Telangana,RAJANNA,Sugarcane,3
Telangana,RAJANNA,Sunflower,4
Telangana,RAJANNA,Turmeric,4
Telangana,RAJANNA,Urad,7
Telangana,RAJANNA,Wheat,1
Telangana,RANGAREDDI,Arhar/Tur,9
Telangana,RANGAREDDI,Bajra,11
Telangana,RANGAREDDI,Banana,7
Telangana,RANGAREDDI,Cashewnut,1
Telangana,RANGAREDDI,Castor seed,9
Telangana,RANGAREDDI,Coconut,2
Telangana,RANGAREDDI,Coriander,8
Telangana,RANGAREDDI,Cotton(lint),7
Telangana,RANGAREDDI,Cowpea(Lobia),9
Telangana,RANGAREDDI,Dry chillies,14
Telangana,RANGAREDDI,Ginger,3
Telangana,RANGAREDDI,Gram,8
Telangana,RANGAREDDI,Groundnut,11
Telangana,RANGAREDDI,Horse-gram,12
Telangana,RANGAREDDI,Jowar,14
Telangana,RANGAREDDI,Maize,14
Telangana,RANGAREDDI,Moong(Green Gram),12
Telangana,RANGAREDDI,Onion,14
Telangana,RANGAREDDI,Potato,10
Telangana,RANGAREDDI,Ragi,12
Telangana,RANGAREDDI,Rice,14
Telangana,RANGAREDDI,Safflower,8
Telangana,RANGAREDDI,Sesamum,7
Telangana,RANGAREDDI,Small millets,1
Telangana,RANGAREDDI,Soyabean,7
Telangana,RANGAREDDI,Sugarcane,7
Telangana,RANGAREDDI,Sunflower,10
Telangana,RANGAREDDI,Sweet potato,9
Telangana,RANGAREDDI,Turmeric,7
Telangana,RANGAREDDI,Urad,8
Telangana,RANGAREDDI,Wheat,8
Telangana,RANGAREDDI,other oilseeds,1
Telangana,SANGAREDDY,Arhar/Tur,4
Telangana,SANGAREDDY,Bajra,6
Telangana,SANGAREDDY,Banana,4
Telangana,SANGAREDDY,Cashewnut,2
Telangana,SANGAREDDY,Castor seed,7
Telangana,SANGAREDDY,Coriander,6
Telangana,SANGAREDDY,Cotton(lint),4
Telangana,SANGAREDDY,Cowpea(Lobia),2
Telangana,SANGAREDDY,Dry chillies,7
Telangana,SANGAREDDY,Garlic,3
Telangana,SANGAREDDY,Ginger,4
Telangana,SANGAREDDY,Gram,4
Telangana,SANGAREDDY,Groundnut,7
Telangana,SANGAREDDY,Horse-gram,4
Telangana,SANGAREDDY,Jowar,8
Telangana,SANGAREDDY,Maize,8
Telangana,SANGAREDDY,Moong(Green Gram),4
Telangana,SANGAREDDY,Onion,8
Telangana,SANGAREDDY,Potato,4
Telangana,SANGAREDDY,Ragi,1
Telangana,SANGAREDDY,Rice,8
Telangana,SANGAREDDY,Safflower,4
Telangana,SANGAREDDY,Sesamum,7
Telangana,SANGAREDDY,Small millets,2
Telangana,SANGAREDDY,Soyabean,4
Telangana,SANGAREDDY,Sugarcane,4
Telangana,SANGAREDDY,Sunflower,6
Telangana,SANGAREDDY,Sweet potato,2
Telangana,SANGAREDDY,Tobacco,1
Telangana,SANGAREDDY,Turmeric,4
Telangana,SANGAREDDY,Urad,4
Telangana,SANGAREDDY,Wheat,4
Telangana,SIDDIPET,Arhar/Tur,4
Telangana,SIDDIPET,Banana,4
Telangana,SIDDIPET,Castor seed,8
Telangana,SIDDIPET,Coriander,6
Telangana,SIDDIPET,Cotton(lint),4
Telangana,SIDDIPET,Cowpea(Lobia),8
Telangana,SIDDIPET,Dry chillies,7
Telangana,SIDDIPET,Garlic,4
Telangana,SIDDIPET,Ginger,5
Telangana,SIDDIPET,Gram,4
Telangana,SIDDIPET,Groundnut,8
Telangana,SIDDIPET,Horse-gram,3
Telangana,SIDDIPET,Jowar,4
Telangana,SIDDIPET,Maize,8
Telangana,SIDDIPET,Moong(Green Gram),8
Telangana,SIDDIPET,Onion,8
Telangana,SIDDIPET,Potato,6
Telangana,SIDDIPET,Rice,8
Telangana,SIDDIPET,Sesamum,4
Telangana,SIDDIPET,Soyabean,4
Telangana,SIDDIPET,Sugarcane,3
Telangana,SIDDIPET,Sunflower,6
Telangana,SIDDIPET,Turmeric,1
Telangana,SIDDIPET,Urad,8
Telangana,SIDDIPET,Wheat,4
Telangana,SURYAPET,Arhar/Tur,6
Telangana,SURYAPET,Bajra,1
Telangana,SURYAPET,Banana,3
Telangana,SURYAPET,Castor seed,1
Telangana,SURYAPET,Coriander,1
Telangana,SURYAPET,Cotton(lint),4
Telangana,SURYAPET,Cowpea(Lobia),5
Telangana,SURYAPET,Dry chillies,8
Telangana,SURYAPET,Gram,4
Telangana,SURYAPET,Groundnut,8
Telangana,SURYAPET,Horse-gram,3
Telangana,SURYAPET,Jowar,5
Telangana,SURYAPET,Maize,8
Telangana,SURYAPET,Moong(Green Gram),7
Telangana,SURYAPET,Onion,1
Telangana,SURYAPET,Rice,8
Telangana,SURYAPET,Sesamum,3
Telangana,SURYAPET,Small millets,2
Telangana,SURYAPET,Sugarcane,4
Telangana,SURYAPET,Sweet potato,5
Telangana,SURYAPET,Tobacco,1
Telangana,SURYAPET,Turmeric,3
Telangana,SURYAPET,Urad,6
Telangana,VIKARABAD,Arhar/Tur,8
Telangana,VIKARABAD,Bajra,4
Telangana,VIKARABAD,Banana,4
Telangana,VIKARABAD,Castor seed,3
Telangana,VIKARABAD,Cotton(lint),4
Telangana,VIKARABAD,Cowpea(Lobia),8
Telangana,VIKARABAD,Dry chillies,5
Telangana,VIKARABAD,Ginger,2
Telangana,VIKARABAD,Gram,4
Telangana,VIKARABAD,Groundnut,8
Telangana,VIKARABAD,Horse-gram,2
Telangana,VIKARABAD,Jowar,8
Telangana,VIKARABAD,Maize,8
Telangana,VIKARABAD,Moong(Green Gram),4
Telangana,VIKARABAD,Onion,8
Telangana,VIKARABAD,Potato,4
Telangana,VIKARABAD,Ragi,8
Telangana,VIKARABAD,Rice,8
Telangana,VIKARABAD,Safflower,4
Telangana,VIKARABAD,Sesamum,6
Telangana,VIKARABAD,Soyabean,4
Telangana,VIKARABAD,Sugarcane,4
Telangana,VIKARABAD,Sunflower,4
Telangana,VIKARABAD,Turmeric,4
Telangana,VIKARABAD,Urad,4
Telangana,VIKARABAD,Wheat,4
Telangana,WANAPARTHY,Arhar/Tur,6
Telangana,WANAPARTHY,Bajra,2
Telangana,WANAPARTHY,Banana,1
Telangana,WANAPARTHY,Castor seed,8
Telangana,WANAPARTHY,Cotton(lint),4
Telangana,WANAPARTHY,Cowpea(Lobia),8
Telangana,WANAPARTHY,Dry chillies,6
Telangana,WANAPARTHY,Gram,4
Telangana,WANAPARTHY,Groundnut,8
Telangana,WANAPARTHY,Horse-gram,5
Telangana,WANAPARTHY,Jowar,8
Telangana,WANAPARTHY,Maize,8
Telangana,WANAPARTHY,Moong(Green Gram),8
Telangana,WANAPARTHY,Onion,8
Telangana,WANAPARTHY,Ragi,7
Telangana,WANAPARTHY,Rice,8
Telangana,WANAPARTHY,Sesamum,2
Telangana,WANAPARTHY,Small millets,2
Telangana,WANAPARTHY,Soyabean,1
Telangana,WANAPARTHY,Sugarcane,4
Telangana,WANAPARTHY,Sunflower,2
Telangana,WANAPARTHY,Tobacco,2
Telangana,WANAPARTHY,Urad,8
Telangana,WARANGAL,Arhar/Tur,14
Telangana,WARANGAL,Bajra,5
Telangana,WARANGAL,Banana,7
Telangana,WARANGAL,Castor seed,4
Telangana,WARANGAL,Coriander,8
Telangana,WARANGAL,Cotton(lint),7
Telangana,WARANGAL,Cowpea(Lobia),13
Telangana,WARANGAL,Dry chillies,14
Telangana,WARANGAL,Ginger,4
Telangana,WARANGAL,Gram,7
Telangana,WARANGAL,Groundnut,14
Telangana,WARANGAL,Horse-gram,3
Telangana,WARANGAL,Jowar,12
Telangana,WARANGAL,Maize,14
Telangana,WARANGAL,Moong(Green Gram),16
Telangana,WARANGAL,Onion,11
Telangana,WARANGAL,Ragi,1
Telangana,WARANGAL,Rice,14
Telangana,WARANGAL,Sesamum,14
Telangana,WARANGAL,Small millets,1
Telangana,WARANGAL,Soyabean,10
Telangana,WARANGAL,Sugarcane,4
Telangana,WARANGAL,Sunflower,6
Telangana,WARANGAL,Sweet potato,5
Telangana,WARANGAL,Tobacco,7
Telangana,WARANGAL,Turmeric,7
Telangana,WARANGAL,Urad,14
Telangana,YADADRI,Arhar/Tur,4
Telangana,YADADRI,Bajra,2
Telangana,YADADRI,Banana,4
Telangana,YADADRI,Castor seed,4
Telangana,YADADRI,Coriander,1
Telangana,YADADRI,Cotton(lint),4
Telangana,YADADRI,Cowpea(Lobia),6
Telangana,YADADRI,Dry chillies,6
Telangana,YADADRI,Gram,4
Telangana,YADADRI,Groundnut,8
Telangana,YADADRI,Horse-gram,4
Telangana,YADADRI,Jowar,7
Telangana,YADADRI,Maize,8
Telangana,YADADRI,Moong(Green Gram),8
Telangana,YADADRI,Onion,3
Telangana,YADADRI,Potato,1
Telangana,YADADRI,Ragi,1
Telangana,YADADRI,Rice,8
Telangana,YADADRI,Sesamum,6
Telangana,YADADRI,Small millets,3
Telangana,YADADRI,Soyabean,2
Telangana,YADADRI,Sugarcane,4
Telangana,YADADRI,Sweet potato,1
Telangana,YADADRI,Tobacco,2
Telangana,YADADRI,Turmeric,1
Telangana,YADADRI,Urad,8
Telangana,YADADRI,Wheat,1
Tripura,DHALAI,Arhar/Tur,17
Tripura,DHALAI,Cotton(lint),22
Tripura,DHALAI,Cowpea(Lobia),5
Tripura,DHALAI,Gram,17
Tripura,DHALAI,Groundnut,34
Tripura,DHALAI,Jowar,6
Tripura,DHALAI,Jute,17
Tripura,DHALAI,Khesari,1
Tripura,DHALAI,Linseed,2
Tripura,DHALAI,Maize,27
Tripura,DHALAI,Masoor,17
Tripura,DHALAI,Mesta,17
Tripura,DHALAI,Moong(Green Gram),39
Tripura,DHALAI,Other  Rabi pulses,15
Tripura,DHALAI,Other Kharif pulses,16
Tripura,DHALAI,Peas & beans (Pulses),17
Tripura,DHALAI,Potato,5
Tripura,DHALAI,Rapeseed &Mustard,17
Tripura,DHALAI,Rice,35
Tripura,DHALAI,Sesamum,17
Tripura,DHALAI,Small millets,4
Tripura,DHALAI,Soyabean,6
Tripura,DHALAI,Sugarcane,22
Tripura,DHALAI,Urad,34
Tripura,DHALAI,Wheat,22
Tripura,DHALAI,other oilseeds,1
Tripura,GOMATI,Arhar/Tur,8
Tripura,GOMATI,Cotton(lint),8
Tripura,GOMATI,Cowpea(Lobia),5
Tripura,GOMATI,Gram,7
Tripura,GOMATI,Groundnut,16
Tripura,GOMATI,Jowar,6
Tripura,GOMATI,Jute,8
Tripura,GOMATI,Khesari,2
Tripura,GOMATI,Linseed,2
Tripura,GOMATI,Maize,13
Tripura,GOMATI,Masoor,8
Tripura,GOMATI,Mesta,8
Tripura,GOMATI,Moong(Green Gram),16
Tripura,GOMATI,Other  Rabi pulses,7
Tripura,GOMATI,Other Kharif pulses,8
Tripura,GOMATI,Peas & beans (Pulses),8
Tripura,GOMATI,Rapeseed &Mustard,8
Tripura,GOMATI,Rice,21
Tripura,GOMATI,Sesamum,8
Tripura,GOMATI,Small millets,4
Tripura,GOMATI,Soyabean,7
Tripura,GOMATI,Sugarcane,8
Tripura,GOMATI,Urad,16
Tripura,GOMATI,Wheat,8
Tripura,GOMATI,other oilseeds,1
Tripura,KHOWAI,Arhar/Tur,8
Tripura,KHOWAI,Cotton(lint),8
Tripura,KHOWAI,Cowpea(Lobia),5
Tripura,KHOWAI,Gram,7
Tripura,KHOWAI,Groundnut,16
Tripura,KHOWAI,Jowar,6
Tripura,KHOWAI,Jute,8
Tripura,KHOWAI,Khesari,1
Tripura,KHOWAI,Linseed,2
Tripura,KHOWAI,Maize,13
Tripura,KHOWAI,Masoor,8
Tripura,KHOWAI,Mesta,8
Tripura,KHOWAI,Moong(Green Gram),16
Tripura,KHOWAI,Other  Rabi pulses,6
Tripura,KHOWAI,Other Kharif pulses,6
Tripura,KHOWAI,Peas & beans (Pulses),8
Tripura,KHOWAI,Rapeseed &Mustard,8
Tripura,KHOWAI,Rice,21
Tripura,KHOWAI,Sesamum,8
Tripura,KHOWAI,Small millets,4
Tripura,KHOWAI,Soyabean,8
Tripura,KHOWAI,Sugarcane,8
Tripura,KHOWAI,Urad,16
Tripura,KHOWAI,Wheat,7
Tripura,KHOWAI,other oilseeds,2
Tripura,NORTH TRIPURA,Arhar/Tur,17
Tripura,NORTH TRIPURA,Cotton(lint),22
Tripura,NORTH TRIPURA,Cowpea(Lobia),5
Tripura,NORTH TRIPURA,Gram,17
Tripura,NORTH TRIPURA,Groundnut,34
Tripura,NORTH TRIPURA,Jowar,6
Tripura,NORTH TRIPURA,Jute,17
Tripura,NORTH TRIPURA,Khesari,2
Tripura,NORTH TRIPURA,Linseed,2
Tripura,NORTH TRIPURA,Maize,27
Tripura,NORTH TRIPURA,Masoor,17
Tripura,NORTH TRIPURA,Mesta,17
Tripura,NORTH TRIPURA,Moong(Green Gram),39
Tripura,NORTH TRIPURA,Other  Rabi pulses,16
Tripura,NORTH TRIPURA,Other Kharif pulses,17
Tripura,NORTH TRIPURA,Peas & beans (Pulses),17
Tripura,NORTH TRIPURA,Potato,5
Tripura,NORTH TRIPURA,Rapeseed &Mustard,17
Tripura,NORTH TRIPURA,Rice,35
Tripura,NORTH TRIPURA,Sesamum,17
Tripura,NORTH TRIPURA,Small millets,4
Tripura,NORTH TRIPURA,Soyabean,8
Tripura,NORTH TRIPURA,Sugarcane,22
Tripura,NORTH TRIPURA,Urad,34
Tripura,NORTH TRIPURA,Wheat,21
Tripura,NORTH TRIPURA,other oilseeds,2
Tripura,SEPAHIJALA,Arhar/Tur,8
Tripura,SEPAHIJALA,Cotton(lint),8
Tripura,SEPAHIJALA,Cowpea(Lobia),5
Tripura,SEPAHIJALA,Gram,5
Tripura,SEPAHIJALA,Groundnut,15
Tripura,SEPAHIJALA,Jowar,6
Tripura,SEPAHIJALA,Jute,8
Tripura,SEPAHIJALA,Khesari,1
Tripura,SEPAHIJALA,Linseed,1
Tripura,SEPAHIJALA,Maize,13
Tripura,SEPAHIJALA,Masoor,8
Tripura,SEPAHIJALA,Mesta,8
Tripura,SEPAHIJALA,Moong(Green Gram),16
Tripura,SEPAHIJALA,Other  Rabi pulses,7
Tripura,SEPAHIJALA,Other Kharif pulses,8
Tripura,SEPAHIJALA,Peas & beans (Pulses),8
Tripura,SEPAHIJALA,Rapeseed &Mustard,8
Tripura,SEPAHIJALA,Rice,21
Tripura,SEPAHIJALA,Sesamum,8
Tripura,SEPAHIJALA,Small millets,4
Tripura,SEPAHIJALA,Soyabean,7
Tripura,SEPAHIJALA,Sugarcane,8
Tripura,SEPAHIJALA,Urad,15
Tripura,SEPAHIJALA,Wheat,8
Tripura,SOUTH TRIPURA,Arhar/Tur,17
Tripura,SOUTH TRIPURA,Cotton(lint),22
Tripura,SOUTH TRIPURA,Cowpea(Lobia),5
Tripura,SOUTH TRIPURA,Gram,17
Tripura,SOUTH TRIPURA,Groundnut,34
Tripura,SOUTH TRIPURA,Jowar,6
Tripura,SOUTH TRIPURA,Jute,17
Tripura,SOUTH TRIPURA,Khesari,2
Tripura,SOUTH TRIPURA,Linseed,1
Tripura,SOUTH TRIPURA,Maize,27
Tripura,SOUTH TRIPURA,Masoor,17
Tripura,SOUTH TRIPURA,Mesta,17
Tripura,SOUTH TRIPURA,Moong(Green Gram),39
Tripura,SOUTH TRIPURA,Other  Rabi pulses,16
Tripura,SOUTH TRIPURA,Other Kharif pulses,15
Tripura,SOUTH TRIPURA,Peas & beans (Pulses),17
Tripura,SOUTH TRIPURA,Potato,5
Tripura,SOUTH TRIPURA,Rapeseed &Mustard,17
Tripura,SOUTH TRIPURA,Rice,35
Tripura,SOUTH TRIPURA,Sesamum,17
Tripura,SOUTH TRIPURA,Small millets,4
Tripura,SOUTH TRIPURA,Soyabean,7
Tripura,SOUTH TRIPURA,Sugarcane,22
Tripura,SOUTH TRIPURA,Urad,34
Tripura,SOUTH TRIPURA,Wheat,21
Tripura,SOUTH TRIPURA,other oilseeds,1
Tripura,UNAKOTI,Arhar/Tur,8
Tripura,UNAKOTI,Cotton(lint),8
Tripura,UNAKOTI,Cowpea(Lobia),5
Tripura,UNAKOTI,Gram,7
Tripura,UNAKOTI,Groundnut,16
Tripura,UNAKOTI,Jowar,5
Tripura,UNAKOTI,Jute,8
Tripura,UNAKOTI,Khesari,2
Tripura,UNAKOTI,Linseed,2
Tripura,UNAKOTI,Maize,13
Tripura,UNAKOTI,Masoor,8
Tripura,UNAKOTI,Mesta,8
Tripura,UNAKOTI,Moong(Green Gram),16
Tripura,UNAKOTI,Other  Rabi pulses,8
Tripura,UNAKOTI,Other Kharif pulses,7
Tripura,UNAKOTI,Peas & beans (Pulses),8
Tripura,UNAKOTI,Rapeseed &Mustard,8
Tripura,UNAKOTI,Rice,21
Tripura,UNAKOTI,Sesamum,8
Tripura,UNAKOTI,Small millets,4
Tripura,UNAKOTI,Soyabean,7
Tripura,UNAKOTI,Sugarcane,8
Tripura,UNAKOTI,Urad,16
Tripura,UNAKOTI,Wheat,8
Tripura,UNAKOTI,other oilseeds,1
Tripura,WEST TRIPURA,Arhar/Tur,17
Tripura,WEST TRIPURA,Cotton(lint),22
Tripura,WEST TRIPURA,Cowpea(Lobia),5
Tripura,WEST TRIPURA,Gram,15
Tripura,WEST TRIPURA,Groundnut,34
Tripura,WEST TRIPURA,Jowar,4
Tripura,WEST TRIPURA,Jute,17
Tripura,WEST TRIPURA,Khesari,1
Tripura,WEST TRIPURA,Maize,27
Tripura,WEST TRIPURA,Masoor,17
Tripura,WEST TRIPURA,Mesta,17
Tripura,WEST TRIPURA,Moong(Green Gram),39
Tripura,WEST TRIPURA,Other  Rabi pulses,15
Tripura,WEST TRIPURA,Other Kharif pulses,14
Tripura,WEST TRIPURA,Peas & beans (Pulses),17
Tripura,WEST TRIPURA,Potato,5
Tripura,WEST TRIPURA,Rapeseed &Mustard,17
Tripura,WEST TRIPURA,Rice,35
Tripura,WEST TRIPURA,Sesamum,17
Tripura,WEST TRIPURA,Small millets,4
Tripura,WEST TRIPURA,Soyabean,5
Tripura,WEST TRIPURA,Sugarcane,22
Tripura,WEST TRIPURA,Urad,34
Tripura,WEST TRIPURA,Wheat,22
Tripura,WEST TRIPURA,other oilseeds,1
Uttar Pradesh,AGRA,Arhar/Tur,20
Uttar Pradesh,AGRA,Bajra,23
Uttar Pradesh,AGRA,Banana,3
Uttar Pradesh,AGRA,Barley,23
Uttar Pradesh,AGRA,Castor seed,2
Uttar Pradesh,AGRA,Coriander,14
Uttar Pradesh,AGRA,Cotton(lint),21
Uttar Pradesh,AGRA,Dry chillies,16
Uttar Pradesh,AGRA,Garlic,14
Uttar Pradesh,AGRA,Ginger,1
Uttar Pradesh,AGRA,Gram,23
Uttar Pradesh,AGRA,Groundnut,13
Uttar Pradesh,AGRA,Guar seed,16
Uttar Pradesh,AGRA,Jowar,23
Uttar Pradesh,AGRA,Jute,1
Uttar Pradesh,AGRA,Linseed,6
Uttar Pradesh,AGRA,Maize,44
Uttar Pradesh,AGRA,Masoor,20
Uttar Pradesh,AGRA,Moong(Green Gram),40
Uttar Pradesh,AGRA,Moth,8
Uttar Pradesh,AGRA,Onion,35
Uttar Pradesh,AGRA,Other  Rabi pulses,2
Uttar Pradesh,AGRA,Other Kharif pulses,1
Uttar Pradesh,AGRA,Peas & beans (Pulses),19
Uttar Pradesh,AGRA,Potato,23
Uttar Pradesh,AGRA,Rapeseed &Mustard,23
Uttar Pradesh,AGRA,Rice,28
Uttar Pradesh,AGRA,Sannhamp,10
Uttar Pradesh,AGRA,Sesamum,22
Uttar Pradesh,AGRA,Soyabean,4
Uttar Pradesh,AGRA,Sugarcane,23
Uttar Pradesh,AGRA,Sunflower,10
Uttar Pradesh,AGRA,Sweet potato,16
Uttar Pradesh,AGRA,Turmeric,2
Uttar Pradesh,AGRA,Urad,34
Uttar Pradesh,AGRA,Wheat,23
Uttar Pradesh,ALIGARH,Arhar/Tur,20
Uttar Pradesh,ALIGARH,Bajra,23
Uttar Pradesh,ALIGARH,Banana,11
Uttar Pradesh,ALIGARH,Barley,23
Uttar Pradesh,ALIGARH,Coriander,14
Uttar Pradesh,ALIGARH,Cotton(lint),21
Uttar Pradesh,ALIGARH,Dry chillies,16
Uttar Pradesh,ALIGARH,Garlic,14
Uttar Pradesh,ALIGARH,Ginger,2
Uttar Pradesh,ALIGARH,Gram,22
Uttar Pradesh,ALIGARH,Groundnut,18
Uttar Pradesh,ALIGARH,Guar seed,16
Uttar Pradesh,ALIGARH,Jowar,17
Uttar Pradesh,ALIGARH,Linseed,3
Uttar Pradesh,ALIGARH,Maize,47
Uttar Pradesh,ALIGARH,Masoor,20
Uttar Pradesh,ALIGARH,Moong(Green Gram),40
Uttar Pradesh,ALIGARH,Moth,7
Uttar Pradesh,ALIGARH,Onion,35
Uttar Pradesh,ALIGARH,Other  Rabi pulses,2
Uttar Pradesh,ALIGARH,Other Kharif pulses,1
Uttar Pradesh,ALIGARH,Peas & beans (Pulses),19
Uttar Pradesh,ALIGARH,Potato,23
Uttar Pradesh,ALIGARH,Rapeseed &Mustard,23
Uttar Pradesh,ALIGARH,Rice,25
Uttar Pradesh,ALIGARH,Sannhamp,2
Uttar Pradesh,ALIGARH,Sesamum,22
Uttar Pradesh,ALIGARH,Soyabean,1
Uttar Pradesh,ALIGARH,Sugarcane,23
Uttar Pradesh,ALIGARH,Sunflower,21
Uttar Pradesh,ALIGARH,Sweet potato,16
Uttar Pradesh,ALIGARH,Tobacco,12
Uttar Pradesh,ALIGARH,Turmeric,11
Uttar Pradesh,ALIGARH,Urad,40
Uttar Pradesh,ALIGARH,Wheat,23
Uttar Pradesh,ALLAHABAD,Arhar/Tur,20
Uttar Pradesh,ALLAHABAD,Bajra,23
Uttar Pradesh,ALLAHABAD,Banana,13
Uttar Pradesh,ALLAHABAD,Barley,23
Uttar Pradesh,ALLAHABAD,Castor seed,3
Uttar Pradesh,ALLAHABAD,Coriander,14
Uttar Pradesh,ALLAHABAD,Dry chillies,16
Uttar Pradesh,ALLAHABAD,Garlic,14
Uttar Pradesh,ALLAHABAD,Gram,23
Uttar Pradesh,ALLAHABAD,Groundnut,4
Uttar Pradesh,ALLAHABAD,Guar seed,16
Uttar Pradesh,ALLAHABAD,Jowar,23
Uttar Pradesh,ALLAHABAD,Linseed,22
Uttar Pradesh,ALLAHABAD,Maize,43
Uttar Pradesh,ALLAHABAD,Masoor,19
Uttar Pradesh,ALLAHABAD,Moong(Green Gram),36
Uttar Pradesh,ALLAHABAD,Moth,3
Uttar Pradesh,ALLAHABAD,Onion,33
Uttar Pradesh,ALLAHABAD,Other  Rabi pulses,2
Uttar Pradesh,ALLAHABAD,Other Kharif pulses,1
Uttar Pradesh,ALLAHABAD,Peas & beans (Pulses),18
Uttar Pradesh,ALLAHABAD,Potato,23
Uttar Pradesh,ALLAHABAD,Ragi,1
Uttar Pradesh,ALLAHABAD,Rapeseed &Mustard,22
Uttar Pradesh,ALLAHABAD,Rice,23
Uttar Pradesh,ALLAHABAD,Sannhamp,17
Uttar Pradesh,ALLAHABAD,Sesamum,22
Uttar Pradesh,ALLAHABAD,Small millets,17
Uttar Pradesh,ALLAHABAD,Soyabean,5
Uttar Pradesh,ALLAHABAD,Sugarcane,23
Uttar Pradesh,ALLAHABAD,Sunflower,7
Uttar Pradesh,ALLAHABAD,Sweet potato,16
Uttar Pradesh,ALLAHABAD,Tobacco,6
Uttar Pradesh,ALLAHABAD,Turmeric,5
Uttar Pradesh,ALLAHABAD,Urad,39
Uttar Pradesh,ALLAHABAD,Wheat,23
Uttar Pradesh,ALMORA,Arhar/Tur,3
Uttar Pradesh,ALMORA,Barley,3
Uttar Pradesh,ALMORA,Gram,3
Uttar Pradesh,ALMORA,Maize,3
Uttar Pradesh,ALMORA,Masoor,2
Uttar Pradesh,ALMORA,Moth,1
Uttar Pradesh,ALMORA,Onion,3
Uttar Pradesh,ALMORA,Peas & beans (Pulses),3
Uttar Pradesh,ALMORA,Potato,3
Uttar Pradesh,ALMORA,Ragi,2
Uttar Pradesh,ALMORA,Rapeseed &Mustard,3
Uttar Pradesh,ALMORA,Rice,3
Uttar Pradesh,ALMORA,Sesamum,2
Uttar Pradesh,ALMORA,Small millets,3
Uttar Pradesh,ALMORA,Soyabean,3
Uttar Pradesh,ALMORA,Tobacco,2
Uttar Pradesh,ALMORA,Urad,3
Uttar Pradesh,ALMORA,Wheat,3
Uttar Pradesh,AMBEDKAR NAGAR,Arhar/Tur,20
Uttar Pradesh,AMBEDKAR NAGAR,Bajra,23
Uttar Pradesh,AMBEDKAR NAGAR,Banana,7
Uttar Pradesh,AMBEDKAR NAGAR,Barley,23
Uttar Pradesh,AMBEDKAR NAGAR,Coriander,14
Uttar Pradesh,AMBEDKAR NAGAR,Dry chillies,16
Uttar Pradesh,AMBEDKAR NAGAR,Garlic,14
Uttar Pradesh,AMBEDKAR NAGAR,Ginger,2
Uttar Pradesh,AMBEDKAR NAGAR,Gram,23
Uttar Pradesh,AMBEDKAR NAGAR,Groundnut,10
Uttar Pradesh,AMBEDKAR NAGAR,Guar seed,13
Uttar Pradesh,AMBEDKAR NAGAR,Jowar,23
Uttar Pradesh,AMBEDKAR NAGAR,Linseed,8
Uttar Pradesh,AMBEDKAR NAGAR,Maize,59
Uttar Pradesh,AMBEDKAR NAGAR,Masoor,20
Uttar Pradesh,AMBEDKAR NAGAR,Moong(Green Gram),33
Uttar Pradesh,AMBEDKAR NAGAR,Onion,34
Uttar Pradesh,AMBEDKAR NAGAR,Other  Rabi pulses,2
Uttar Pradesh,AMBEDKAR NAGAR,Other Kharif pulses,1
Uttar Pradesh,AMBEDKAR NAGAR,Peas & beans (Pulses),19
Uttar Pradesh,AMBEDKAR NAGAR,Potato,23
Uttar Pradesh,AMBEDKAR NAGAR,Rapeseed &Mustard,23
Uttar Pradesh,AMBEDKAR NAGAR,Rice,23
Uttar Pradesh,AMBEDKAR NAGAR,Sannhamp,1
Uttar Pradesh,AMBEDKAR NAGAR,Sesamum,20
Uttar Pradesh,AMBEDKAR NAGAR,Small millets,6
Uttar Pradesh,AMBEDKAR NAGAR,Sugarcane,23
Uttar Pradesh,AMBEDKAR NAGAR,Sunflower,11
Uttar Pradesh,AMBEDKAR NAGAR,Sweet potato,16
Uttar Pradesh,AMBEDKAR NAGAR,Tobacco,20
Uttar Pradesh,AMBEDKAR NAGAR,Turmeric,3
Uttar Pradesh,AMBEDKAR NAGAR,Urad,40
Uttar Pradesh,AMBEDKAR NAGAR,Wheat,23
Uttar Pradesh,AMETHI,Arhar/Tur,9
Uttar Pradesh,AMETHI,Bajra,10
Uttar Pradesh,AMETHI,Banana,1
Uttar Pradesh,AMETHI,Barley,10
Uttar Pradesh,AMETHI,Coriander,8
Uttar Pradesh,AMETHI,Dry chillies,8
Uttar Pradesh,AMETHI,Garlic,8
Uttar Pradesh,AMETHI,Gram,10
Uttar Pradesh,AMETHI,Groundnut,7
Uttar Pradesh,AMETHI,Guar seed,5
Uttar Pradesh,AMETHI,Jowar,10
Uttar Pradesh,AMETHI,Linseed,9
Uttar Pradesh,AMETHI,Maize,25
Uttar Pradesh,AMETHI,Masoor,10
Uttar Pradesh,AMETHI,Moong(Green Gram),18
Uttar Pradesh,AMETHI,Onion,18
Uttar Pradesh,AMETHI,Peas & beans (Pulses),10
Uttar Pradesh,AMETHI,Potato,10
Uttar Pradesh,AMETHI,Rapeseed &Mustard,10
Uttar Pradesh,AMETHI,Rice,11
Uttar Pradesh,AMETHI,Sesamum,10
Uttar Pradesh,AMETHI,Small millets,10
Uttar Pradesh,AMETHI,Sugarcane,9
Uttar Pradesh,AMETHI,Sunflower,9
Uttar Pradesh,AMETHI,Sweet potato,8
Uttar Pradesh,AMETHI,Turmeric,9
Uttar Pradesh,AMETHI,Urad,19
Uttar Pradesh,AMETHI,Wheat,10
Uttar Pradesh,AMROHA,Arhar/Tur,20
Uttar Pradesh,AMROHA,Bajra,23
Uttar Pradesh,AMROHA,Banana,3
Uttar Pradesh,AMROHA,Barley,23
Uttar Pradesh,AMROHA,Cotton(lint),1
Uttar Pradesh,AMROHA,Dry chillies,16
Uttar Pradesh,AMROHA,Garlic,2
Uttar Pradesh,AMROHA,Ginger,1
Uttar Pradesh,AMROHA,Gram,13
Uttar Pradesh,AMROHA,Groundnut,9
Uttar Pradesh,AMROHA,Guar seed,4
Uttar Pradesh,AMROHA,Jowar,8
Uttar Pradesh,AMROHA,Linseed,2
Uttar Pradesh,AMROHA,Maize,49
Uttar Pradesh,AMROHA,Masoor,20
Uttar Pradesh,AMROHA,Moong(Green Gram),27
Uttar Pradesh,AMROHA,Moth,4
Uttar Pradesh,AMROHA,Onion,25
Uttar Pradesh,AMROHA,Other  Rabi pulses,2
Uttar Pradesh,AMROHA,Other Kharif pulses,1
Uttar Pradesh,AMROHA,Peas & beans (Pulses),19
Uttar Pradesh,AMROHA,Potato,23
Uttar Pradesh,AMROHA,Rapeseed &Mustard,23
Uttar Pradesh,AMROHA,Rice,30
Uttar Pradesh,AMROHA,Sannhamp,1
Uttar Pradesh,AMROHA,Sesamum,14
Uttar Pradesh,AMROHA,Small millets,1
Uttar Pradesh,AMROHA,Sugarcane,23
Uttar Pradesh,AMROHA,Sunflower,2
Uttar Pradesh,AMROHA,Sweet potato,16
Uttar Pradesh,AMROHA,Tobacco,4
Uttar Pradesh,AMROHA,Turmeric,2
Uttar Pradesh,AMROHA,Urad,36
Uttar Pradesh,AMROHA,Wheat,23
Uttar Pradesh,AURAIYA,Arhar/Tur,20
Uttar Pradesh,AURAIYA,Bajra,23
Uttar Pradesh,AURAIYA,Banana,11
Uttar Pradesh,AURAIYA,Barley,23
Uttar Pradesh,AURAIYA,Coriander,14
Uttar Pradesh,AURAIYA,Dry chillies,16
Uttar Pradesh,AURAIYA,Garlic,14
Uttar Pradesh,AURAIYA,Gram,23
Uttar Pradesh,AURAIYA,Groundnut,22
Uttar Pradesh,AURAIYA,Guar seed,14
Uttar Pradesh,AURAIYA,Jowar,23
Uttar Pradesh,AURAIYA,Linseed,16
Uttar Pradesh,AURAIYA,Maize,46
Uttar Pradesh,AURAIYA,Masoor,20
Uttar Pradesh,AURAIYA,Moong(Green Gram),40
Uttar Pradesh,AURAIYA,Onion,34
Uttar Pradesh,AURAIYA,Other  Rabi pulses,2
Uttar Pradesh,AURAIYA,Other Kharif pulses,1
Uttar Pradesh,AURAIYA,Peas & beans (Pulses),19
Uttar Pradesh,AURAIYA,Potato,23
Uttar Pradesh,AURAIYA,Rapeseed &Mustard,23
Uttar Pradesh,AURAIYA,Rice,24
Uttar Pradesh,AURAIYA,Sannhamp,4
Uttar Pradesh,AURAIYA,Sesamum,22
Uttar Pradesh,AURAIYA,Small millets,1
Uttar Pradesh,AURAIYA,Soyabean,4
Uttar Pradesh,AURAIYA,Sugarcane,23
Uttar Pradesh,AURAIYA,Sunflower,14
Uttar Pradesh,AURAIYA,Sweet potato,16
Uttar Pradesh,AURAIYA,Tobacco,2
Uttar Pradesh,AURAIYA,Turmeric,7
Uttar Pradesh,AURAIYA,Urad,40
Uttar Pradesh,AURAIYA,Wheat,23
Uttar Pradesh,AZAMGARH,Arhar/Tur,20
Uttar Pradesh,AZAMGARH,Bajra,23
Uttar Pradesh,AZAMGARH,Banana,7
Uttar Pradesh,AZAMGARH,Barley,23
Uttar Pradesh,AZAMGARH,Coriander,14
Uttar Pradesh,AZAMGARH,Cotton(lint),1
Uttar Pradesh,AZAMGARH,Dry chillies,16
Uttar Pradesh,AZAMGARH,Garlic,14
Uttar Pradesh,AZAMGARH,Ginger,3
Uttar Pradesh,AZAMGARH,Gram,23
Uttar Pradesh,AZAMGARH,Groundnut,22
Uttar Pradesh,AZAMGARH,Guar seed,16
Uttar Pradesh,AZAMGARH,Jowar,21
Uttar Pradesh,AZAMGARH,Linseed,14
Uttar Pradesh,AZAMGARH,Maize,57
Uttar Pradesh,AZAMGARH,Masoor,20
Uttar Pradesh,AZAMGARH,Moong(Green Gram),35
Uttar Pradesh,AZAMGARH,Moth,1
Uttar Pradesh,AZAMGARH,Onion,35
Uttar Pradesh,AZAMGARH,Other  Rabi pulses,2
Uttar Pradesh,AZAMGARH,Other Kharif pulses,1
Uttar Pradesh,AZAMGARH,Peas & beans (Pulses),19
Uttar Pradesh,AZAMGARH,Potato,23
Uttar Pradesh,AZAMGARH,Ragi,4
Uttar Pradesh,AZAMGARH,Rapeseed &Mustard,23
Uttar Pradesh,AZAMGARH,Rice,28
Uttar Pradesh,AZAMGARH,Sannhamp,19
Uttar Pradesh,AZAMGARH,Sesamum,22
Uttar Pradesh,AZAMGARH,Small millets,22
Uttar Pradesh,AZAMGARH,Soyabean,3
Uttar Pradesh,AZAMGARH,Sugarcane,23
Uttar Pradesh,AZAMGARH,Sunflower,21
Uttar Pradesh,AZAMGARH,Sweet potato,14
Uttar Pradesh,AZAMGARH,Tobacco,22
Uttar Pradesh,AZAMGARH,Turmeric,12
Uttar Pradesh,AZAMGARH,Urad,40
Uttar Pradesh,AZAMGARH,Wheat,23
Uttar Pradesh,BAGESHWAR,Barley,2
Uttar Pradesh,BAGESHWAR,Gram,1
Uttar Pradesh,BAGESHWAR,Maize,2
Uttar Pradesh,BAGESHWAR,Onion,1
Uttar Pradesh,BAGESHWAR,Peas & beans (Pulses),1
Uttar Pradesh,BAGESHWAR,Potato,1
Uttar Pradesh,BAGESHWAR,Ragi,2
Uttar Pradesh,BAGESHWAR,Rapeseed &Mustard,1
Uttar Pradesh,BAGESHWAR,Rice,2
Uttar Pradesh,BAGESHWAR,Small millets,2
Uttar Pradesh,BAGESHWAR,Wheat,2
Uttar Pradesh,BAGHPAT,Arhar/Tur,20
Uttar Pradesh,BAGHPAT,Bajra,23
Uttar Pradesh,BAGHPAT,Banana,5
Uttar Pradesh,BAGHPAT,Barley,23
Uttar Pradesh,BAGHPAT,Coriander,3
Uttar Pradesh,BAGHPAT,Cotton(lint),20
Uttar Pradesh,BAGHPAT,Dry chillies,16
Uttar Pradesh,BAGHPAT,Ginger,3
Uttar Pradesh,BAGHPAT,Gram,17
Uttar Pradesh,BAGHPAT,Groundnut,1
Uttar Pradesh,BAGHPAT,Jowar,16
Uttar Pradesh,BAGHPAT,Linseed,3
Uttar Pradesh,BAGHPAT,Maize,29
Uttar Pradesh,BAGHPAT,Masoor,20
Uttar Pradesh,BAGHPAT,Moong(Green Gram),37
Uttar Pradesh,BAGHPAT,Onion,33
Uttar Pradesh,BAGHPAT,Other  Rabi pulses,2
Uttar Pradesh,BAGHPAT,Other Kharif pulses,1
Uttar Pradesh,BAGHPAT,Peas & beans (Pulses),17
Uttar Pradesh,BAGHPAT,Potato,23
Uttar Pradesh,BAGHPAT,Ragi,1
Uttar Pradesh,BAGHPAT,Rapeseed &Mustard,23
Uttar Pradesh,BAGHPAT,Rice,24
Uttar Pradesh,BAGHPAT,Sannhamp,1
Uttar Pradesh,BAGHPAT,Sesamum,5
Uttar Pradesh,BAGHPAT,Small millets,2
Uttar Pradesh,BAGHPAT,Sugarcane,23
Uttar Pradesh,BAGHPAT,Sunflower,6
Uttar Pradesh,BAGHPAT,Sweet potato,10
Uttar Pradesh,BAGHPAT,Tobacco,9
Uttar Pradesh,BAGHPAT,Turmeric,4
Uttar Pradesh,BAGHPAT,Urad,39
Uttar Pradesh,BAGHPAT,Wheat,23
Uttar Pradesh,BAHRAICH,Arhar/Tur,20
Uttar Pradesh,BAHRAICH,Bajra,22
Uttar Pradesh,BAHRAICH,Banana,14
Uttar Pradesh,BAHRAICH,Barley,23
Uttar Pradesh,BAHRAICH,Castor seed,3
Uttar Pradesh,BAHRAICH,Coriander,14
Uttar Pradesh,BAHRAICH,Dry chillies,16
Uttar Pradesh,BAHRAICH,Garlic,14
Uttar Pradesh,BAHRAICH,Ginger,13
Uttar Pradesh,BAHRAICH,Gram,23
Uttar Pradesh,BAHRAICH,Groundnut,22
Uttar Pradesh,BAHRAICH,Guar seed,16
Uttar Pradesh,BAHRAICH,Jowar,23
Uttar Pradesh,BAHRAICH,Jute,1
Uttar Pradesh,BAHRAICH,Linseed,22
Uttar Pradesh,BAHRAICH,Maize,60
Uttar Pradesh,BAHRAICH,Masoor,20
Uttar Pradesh,BAHRAICH,Moong(Green Gram),26
Uttar Pradesh,BAHRAICH,Moth,3
Uttar Pradesh,BAHRAICH,Onion,35
Uttar Pradesh,BAHRAICH,Other  Rabi pulses,2
Uttar Pradesh,BAHRAICH,Other Kharif pulses,1
Uttar Pradesh,BAHRAICH,Peas & beans (Pulses),19
Uttar Pradesh,BAHRAICH,Potato,23
Uttar Pradesh,BAHRAICH,Ragi,2
Uttar Pradesh,BAHRAICH,Rapeseed &Mustard,23
Uttar Pradesh,BAHRAICH,Rice,29
Uttar Pradesh,BAHRAICH,Sannhamp,8
Uttar Pradesh,BAHRAICH,Sesamum,22
Uttar Pradesh,BAHRAICH,Small millets,20
Uttar Pradesh,BAHRAICH,Soyabean,19
Uttar Pradesh,BAHRAICH,Sugarcane,23
Uttar Pradesh,BAHRAICH,Sunflower,15
Uttar Pradesh,BAHRAICH,Sweet potato,16
Uttar Pradesh,BAHRAICH,Tobacco,2
Uttar Pradesh,BAHRAICH,Turmeric,21
Uttar Pradesh,BAHRAICH,Urad,40
Uttar Pradesh,BAHRAICH,Wheat,22
Uttar Pradesh,BALLIA,Arhar/Tur,20
Uttar Pradesh,BALLIA,Bajra,23
Uttar Pradesh,BALLIA,Banana,9
Uttar Pradesh,BALLIA,Barley,23
Uttar Pradesh,BALLIA,Coriander,14
Uttar Pradesh,BALLIA,Dry chillies,16
Uttar Pradesh,BALLIA,Garlic,14
Uttar Pradesh,BALLIA,Ginger,1
Uttar Pradesh,BALLIA,Gram,23
Uttar Pradesh,BALLIA,Groundnut,22
Uttar Pradesh,BALLIA,Guar seed,14
Uttar Pradesh,BALLIA,Jowar,23
Uttar Pradesh,BALLIA,Linseed,3
Uttar Pradesh,BALLIA,Maize,59
Uttar Pradesh,BALLIA,Masoor,20
Uttar Pradesh,BALLIA,Moong(Green Gram),32
Uttar Pradesh,BALLIA,Moth,1
Uttar Pradesh,BALLIA,Onion,34
Uttar Pradesh,BALLIA,Other  Rabi pulses,2
Uttar Pradesh,BALLIA,Other Kharif pulses,1
Uttar Pradesh,BALLIA,Peas & beans (Pulses),19
Uttar Pradesh,BALLIA,Potato,23
Uttar Pradesh,BALLIA,Ragi,4
Uttar Pradesh,BALLIA,Rapeseed &Mustard,23
Uttar Pradesh,BALLIA,Rice,27
Uttar Pradesh,BALLIA,Sesamum,4
Uttar Pradesh,BALLIA,Small millets,25
Uttar Pradesh,BALLIA,Sugarcane,23
Uttar Pradesh,BALLIA,Sunflower,21
Uttar Pradesh,BALLIA,Sweet potato,13
Uttar Pradesh,BALLIA,Tobacco,7
Uttar Pradesh,BALLIA,Turmeric,9
Uttar Pradesh,BALLIA,Urad,34
Uttar Pradesh,BALLIA,Wheat,23
Uttar Pradesh,BALRAMPUR,Arhar/Tur,20
Uttar Pradesh,BALRAMPUR,Bajra,7
Uttar Pradesh,BALRAMPUR,Banana,6
Uttar Pradesh,BALRAMPUR,Barley,22
Uttar Pradesh,BALRAMPUR,Coriander,13
Uttar Pradesh,BALRAMPUR,Dry chillies,15
Uttar Pradesh,BALRAMPUR,Garlic,13
Uttar Pradesh,BALRAMPUR,Gram,23
Uttar Pradesh,BALRAMPUR,Groundnut,21
Uttar Pradesh,BALRAMPUR,Guar seed,14
Uttar Pradesh,BALRAMPUR,Jowar,12
Uttar Pradesh,BALRAMPUR,Linseed,21
Uttar Pradesh,BALRAMPUR,Maize,53
Uttar Pradesh,BALRAMPUR,Masoor,20
Uttar Pradesh,BALRAMPUR,Moong(Green Gram),17
Uttar Pradesh,BALRAMPUR,Moth,2
Uttar Pradesh,BALRAMPUR,Onion,33
Uttar Pradesh,BALRAMPUR,Other  Rabi pulses,2
Uttar Pradesh,BALRAMPUR,Other Kharif pulses,1
Uttar Pradesh,BALRAMPUR,Peas & beans (Pulses),19
Uttar Pradesh,BALRAMPUR,Potato,23
Uttar Pradesh,BALRAMPUR,Rapeseed &Mustard,23
Uttar Pradesh,BALRAMPUR,Rice,25
Uttar Pradesh,BALRAMPUR,Sesamum,22
Uttar Pradesh,BALRAMPUR,Small millets,21
Uttar Pradesh,BALRAMPUR,Sugarcane,23
Uttar Pradesh,BALRAMPUR,Sunflower,6
Uttar Pradesh,BALRAMPUR,Sweet potato,8
Uttar Pradesh,BALRAMPUR,Tobacco,3
Uttar Pradesh,BALRAMPUR,Turmeric,5
Uttar Pradesh,BALRAMPUR,Urad,39
Uttar Pradesh,BALRAMPUR,Wheat,23
Uttar Pradesh,BANDA,Arhar/Tur,20
Uttar Pradesh,BANDA,Bajra,23
Uttar Pradesh,BANDA,Banana,3
Uttar Pradesh,BANDA,Barley,23
Uttar Pradesh,BANDA,Castor seed,3
Uttar Pradesh,BANDA,Coriander,14
Uttar Pradesh,BANDA,Cotton(lint),1
Uttar Pradesh,BANDA,Dry chillies,16
Uttar Pradesh,BANDA,Garlic,11
Uttar Pradesh,BANDA,Gram,23
Uttar Pradesh,BANDA,Groundnut,22
Uttar Pradesh,BANDA,Guar seed,15
Uttar Pradesh,BANDA,Jowar,23
Uttar Pradesh,BANDA,Linseed,23
Uttar Pradesh,BANDA,Maize,23
Uttar Pradesh,BANDA,Masoor,20
Uttar Pradesh,BANDA,Moong(Green Gram),39
Uttar Pradesh,BANDA,Moth,2
Uttar Pradesh,BANDA,Onion,35
Uttar Pradesh,BANDA,Other  Rabi pulses,2
Uttar Pradesh,BANDA,Other Kharif pulses,1
Uttar Pradesh,BANDA,Peas & beans (Pulses),19
Uttar Pradesh,BANDA,Potato,23
Uttar Pradesh,BANDA,Ragi,1
Uttar Pradesh,BANDA,Rapeseed &Mustard,23
Uttar Pradesh,BANDA,Rice,23
Uttar Pradesh,BANDA,Sannhamp,19
Uttar Pradesh,BANDA,Sesamum,22
Uttar Pradesh,BANDA,Small millets,22
Uttar Pradesh,BANDA,Soyabean,23
Uttar Pradesh,BANDA,Sugarcane,23
Uttar Pradesh,BANDA,Sunflower,8
Uttar Pradesh,BANDA,Sweet potato,15
Uttar Pradesh,BANDA,Tobacco,8
Uttar Pradesh,BANDA,Urad,28
Uttar Pradesh,BANDA,Wheat,23
Uttar Pradesh,BARABANKI,Arhar/Tur,20
Uttar Pradesh,BARABANKI,Bajra,23
Uttar Pradesh,BARABANKI,Banana,11
Uttar Pradesh,BARABANKI,Barley,23
Uttar Pradesh,BARABANKI,Coriander,14
Uttar Pradesh,BARABANKI,Cotton(lint),2
Uttar Pradesh,BARABANKI,Dry chillies,16
Uttar Pradesh,BARABANKI,Garlic,14
Uttar Pradesh,BARABANKI,Gram,23
Uttar Pradesh,BARABANKI,Groundnut,22
Uttar Pradesh,BARABANKI,Guar seed,13
Uttar Pradesh,BARABANKI,Jowar,23
Uttar Pradesh,BARABANKI,Linseed,21
Uttar Pradesh,BARABANKI,Maize,55
Uttar Pradesh,BARABANKI,Masoor,20
Uttar Pradesh,BARABANKI,Moong(Green Gram),35
Uttar Pradesh,BARABANKI,Moth,5
Uttar Pradesh,BARABANKI,Onion,35
Uttar Pradesh,BARABANKI,Other  Rabi pulses,2
Uttar Pradesh,BARABANKI,Other Kharif pulses,1
Uttar Pradesh,BARABANKI,Peas & beans (Pulses),19
Uttar Pradesh,BARABANKI,Potato,23
Uttar Pradesh,BARABANKI,Ragi,3
Uttar Pradesh,BARABANKI,Rapeseed &Mustard,23
Uttar Pradesh,BARABANKI,Rice,26
Uttar Pradesh,BARABANKI,Sannhamp,2
Uttar Pradesh,BARABANKI,Sesamum,22
Uttar Pradesh,BARABANKI,Small millets,22
Uttar Pradesh,BARABANKI,Soyabean,2
Uttar Pradesh,BARABANKI,Sugarcane,23
Uttar Pradesh,BARABANKI,Sunflower,18
Uttar Pradesh,BARABANKI,Sweet potato,16
Uttar Pradesh,BARABANKI,Tobacco,25
Uttar Pradesh,BARABANKI,Turmeric,14
Uttar Pradesh,BARABANKI,Urad,40
Uttar Pradesh,BARABANKI,Wheat,23
Uttar Pradesh,BAREILLY,Arhar/Tur,20
Uttar Pradesh,BAREILLY,Bajra,23
Uttar Pradesh,BAREILLY,Banana,4
Uttar Pradesh,BAREILLY,Barley,23
Uttar Pradesh,BAREILLY,Coriander,14
Uttar Pradesh,BAREILLY,Cotton(lint),2
Uttar Pradesh,BAREILLY,Dry chillies,16
Uttar Pradesh,BAREILLY,Garlic,14
Uttar Pradesh,BAREILLY,Ginger,1
Uttar Pradesh,BAREILLY,Gram,23
Uttar Pradesh,BAREILLY,Groundnut,22
Uttar Pradesh,BAREILLY,Guar seed,13
Uttar Pradesh,BAREILLY,Jowar,23
Uttar Pradesh,BAREILLY,Linseed,14
Uttar Pradesh,BAREILLY,Maize,48
Uttar Pradesh,BAREILLY,Masoor,20
Uttar Pradesh,BAREILLY,Moong(Green Gram),24
Uttar Pradesh,BAREILLY,Moth,3
Uttar Pradesh,BAREILLY,Onion,35
Uttar Pradesh,BAREILLY,Other  Rabi pulses,2
Uttar Pradesh,BAREILLY,Other Kharif pulses,1
Uttar Pradesh,BAREILLY,Peas & beans (Pulses),19
Uttar Pradesh,BAREILLY,Potato,23
Uttar Pradesh,BAREILLY,Ragi,2
Uttar Pradesh,BAREILLY,Rapeseed &Mustard,23
Uttar Pradesh,BAREILLY,Rice,44
Uttar Pradesh,BAREILLY,Sannhamp,4
Uttar Pradesh,BAREILLY,Sesamum,22
Uttar Pradesh,BAREILLY,Small millets,6
Uttar Pradesh,BAREILLY,Soyabean,11
Uttar Pradesh,BAREILLY,Sugarcane,23
Uttar Pradesh,BAREILLY,Sunflower,21
Uttar Pradesh,BAREILLY,Sweet potato,16
Uttar Pradesh,BAREILLY,Tobacco,2
Uttar Pradesh,BAREILLY,Turmeric,21
Uttar Pradesh,BAREILLY,Urad,38
Uttar Pradesh,BAREILLY,Wheat,23
Uttar Pradesh,BASTI,Arhar/Tur,20
Uttar Pradesh,BASTI,Bajra,12
Uttar Pradesh,BASTI,Banana,11
Uttar Pradesh,BASTI,Barley,22
Uttar Pradesh,BASTI,Coriander,14
Uttar Pradesh,BASTI,Garlic,14
Uttar Pradesh,BASTI,Gram,22
Uttar Pradesh,BASTI,Groundnut,20
Uttar Pradesh,BASTI,Guar seed,15
Uttar Pradesh,BASTI,Jowar,10
Uttar Pradesh,BASTI,Linseed,21
Uttar Pradesh,BASTI,Maize,60
Uttar Pradesh,BASTI,Masoor,20
Uttar Pradesh,BASTI,Moong(Green Gram),24
Uttar Pradesh,BASTI,Moth,1
Uttar Pradesh,BASTI,Onion,35
Uttar Pradesh,BASTI,Other  Rabi pulses,2
Uttar Pradesh,BASTI,Other Kharif pulses,1
Uttar Pradesh,BASTI,Peas & beans (Pulses),19
Uttar Pradesh,BASTI,Potato,23
Uttar Pradesh,BASTI,Ragi,2
Uttar Pradesh,BASTI,Rapeseed &Mustard,23
Uttar Pradesh,BASTI,Rice,28
Uttar Pradesh,BASTI,Sesamum,22
Uttar Pradesh,BASTI,Small millets,11
Uttar Pradesh,BASTI,Soyabean,1
Uttar Pradesh,BASTI,Sugarcane,23
Uttar Pradesh,BASTI,Sunflower,11
Uttar Pradesh,BASTI,Sweet potato,15
Uttar Pradesh,BASTI,Tobacco,21
Uttar Pradesh,BASTI,Urad,40
Uttar Pradesh,BASTI,Wheat,23
Uttar Pradesh,BIJNOR,Arhar/Tur,20
Uttar Pradesh,BIJNOR,Bajra,7
Uttar Pradesh,BIJNOR,Barley,23
Uttar Pradesh,BIJNOR,Cotton(lint),4
Uttar Pradesh,BIJNOR,Dry chillies,16
Uttar Pradesh,BIJNOR,Garlic,3
Uttar Pradesh,BIJNOR,Gram,23
Uttar Pradesh,BIJNOR,Groundnut,22
Uttar Pradesh,BIJNOR,Guar seed,15
Uttar Pradesh,BIJNOR,Jowar,9
Uttar Pradesh,BIJNOR,Linseed,5
Uttar Pradesh,BIJNOR,Maize,38
Uttar Pradesh,BIJNOR,Masoor,20
Uttar Pradesh,BIJNOR,Moong(Green Gram),33
Uttar Pradesh,BIJNOR,Moth,2
Uttar Pradesh,BIJNOR,Onion,31
Uttar Pradesh,BIJNOR,Other  Rabi pulses,2
Uttar Pradesh,BIJNOR,Other Kharif pulses,1
Uttar Pradesh,BIJNOR,Peas & beans (Pulses),19
Uttar Pradesh,BIJNOR,Potato,23
Uttar Pradesh,BIJNOR,Rapeseed &Mustard,23
Uttar Pradesh,BIJNOR,Rice,44
Uttar Pradesh,BIJNOR,Sannhamp,5
Uttar Pradesh,BIJNOR,Sesamum,22
Uttar Pradesh,BIJNOR,Small millets,4
Uttar Pradesh,BIJNOR,Soyabean,7
Uttar Pradesh,BIJNOR,Sugarcane,23
Uttar Pradesh,BIJNOR,Sunflower,10
Uttar Pradesh,BIJNOR,Sweet potato,14
Uttar Pradesh,BIJNOR,Tobacco,6
Uttar Pradesh,BIJNOR,Turmeric,4
Uttar Pradesh,BIJNOR,Urad,40
Uttar Pradesh,BIJNOR,Wheat,23
Uttar Pradesh,BUDAUN,Arhar/Tur,19
Uttar Pradesh,BUDAUN,Bajra,23
Uttar Pradesh,BUDAUN,Banana,10
Uttar Pradesh,BUDAUN,Barley,23
Uttar Pradesh,BUDAUN,Coriander,14
Uttar Pradesh,BUDAUN,Cotton(lint),5
Uttar Pradesh,BUDAUN,Dry chillies,16
Uttar Pradesh,BUDAUN,Garlic,14
Uttar Pradesh,BUDAUN,Ginger,1
Uttar Pradesh,BUDAUN,Gram,22
Uttar Pradesh,BUDAUN,Groundnut,22
Uttar Pradesh,BUDAUN,Guar seed,14
Uttar Pradesh,BUDAUN,Jowar,22
Uttar Pradesh,BUDAUN,Linseed,11
Uttar Pradesh,BUDAUN,Maize,49
Uttar Pradesh,BUDAUN,Masoor,20
Uttar Pradesh,BUDAUN,Moong(Green Gram),39
Uttar Pradesh,BUDAUN,Moth,8
Uttar Pradesh,BUDAUN,Onion,34
Uttar Pradesh,BUDAUN,Other  Rabi pulses,2
Uttar Pradesh,BUDAUN,Other Kharif pulses,1
Uttar Pradesh,BUDAUN,Peas & beans (Pulses),19
Uttar Pradesh,BUDAUN,Potato,23
Uttar Pradesh,BUDAUN,Ragi,1
Uttar Pradesh,BUDAUN,Rapeseed &Mustard,23
Uttar Pradesh,BUDAUN,Rice,41
Uttar Pradesh,BUDAUN,Sannhamp,6
Uttar Pradesh,BUDAUN,Sesamum,22
Uttar Pradesh,BUDAUN,Small millets,2
Uttar Pradesh,BUDAUN,Soyabean,7
Uttar Pradesh,BUDAUN,Sugarcane,23
Uttar Pradesh,BUDAUN,Sunflower,18
Uttar Pradesh,BUDAUN,Sweet potato,16
Uttar Pradesh,BUDAUN,Tobacco,26
Uttar Pradesh,BUDAUN,Turmeric,21
Uttar Pradesh,BUDAUN,Urad,39
Uttar Pradesh,BUDAUN,Wheat,23
Uttar Pradesh,BULANDSHAHR,Arhar/Tur,20
Uttar Pradesh,BULANDSHAHR,Bajra,23
Uttar Pradesh,BULANDSHAHR,Banana,7
Uttar Pradesh,BULANDSHAHR,Barley,23
Uttar Pradesh,BULANDSHAHR,Castor seed,1
Uttar Pradesh,BULANDSHAHR,Coriander,13
Uttar Pradesh,BULANDSHAHR,Cotton(lint),21
Uttar Pradesh,BULANDSHAHR,Dry chillies,16
Uttar Pradesh,BULANDSHAHR,Garlic,14
Uttar Pradesh,BULANDSHAHR,Gram,22
Uttar Pradesh,BULANDSHAHR,Groundnut,15
Uttar Pradesh,BULANDSHAHR,Guar seed,15
Uttar Pradesh,BULANDSHAHR,Jowar,23
Uttar Pradesh,BULANDSHAHR,Linseed,4
Uttar Pradesh,BULANDSHAHR,Maize,47
Uttar Pradesh,BULANDSHAHR,Masoor,20
Uttar Pradesh,BULANDSHAHR,Moong(Green Gram),40
Uttar Pradesh,BULANDSHAHR,Moth,2
Uttar Pradesh,BULANDSHAHR,Onion,35
Uttar Pradesh,BULANDSHAHR,Other  Rabi pulses,2
Uttar Pradesh,BULANDSHAHR,Other Kharif pulses,1
Uttar Pradesh,BULANDSHAHR,Peas & beans (Pulses),19
Uttar Pradesh,BULANDSHAHR,Potato,23
Uttar Pradesh,BULANDSHAHR,Rapeseed &Mustard,23
Uttar Pradesh,BULANDSHAHR,Rice,34
Uttar Pradesh,BULANDSHAHR,Sannhamp,9
Uttar Pradesh,BULANDSHAHR,Sesamum,20
Uttar Pradesh,BULANDSHAHR,Sugarcane,23
Uttar Pradesh,BULANDSHAHR,Sunflower,18
Uttar Pradesh,BULANDSHAHR,Sweet potato,16
Uttar Pradesh,BULANDSHAHR,Tobacco,7
Uttar Pradesh,BULANDSHAHR,Turmeric,12
Uttar Pradesh,BULANDSHAHR,Urad,40
Uttar Pradesh,BULANDSHAHR,Wheat,23
Uttar Pradesh,CHAMOLI,Arhar/Tur,3
Uttar Pradesh,CHAMOLI,Barley,3
Uttar Pradesh,CHAMOLI,Maize,3
Uttar Pradesh,CHAMOLI,Masoor,2
Uttar Pradesh,CHAMOLI,Moth,1
Uttar Pradesh,CHAMOLI,Onion,3
Uttar Pradesh,CHAMOLI,Peas & beans (Pulses),3
Uttar Pradesh,CHAMOLI,Potato,3
Uttar Pradesh,CHAMOLI,Ragi,2
Uttar Pradesh,CHAMOLI,Rapeseed &Mustard,3
Uttar Pradesh,CHAMOLI,Rice,3
Uttar Pradesh,CHAMOLI,Sesamum,2
Uttar Pradesh,CHAMOLI,Small millets,3
Uttar Pradesh,CHAMOLI,Soyabean,3
Uttar Pradesh,CHAMOLI,Tobacco,2
Uttar Pradesh,CHAMOLI,Urad,3
Uttar Pradesh,CHAMOLI,Wheat,3
Uttar Pradesh,CHAMPAWAT,Barley,2
Uttar Pradesh,CHAMPAWAT,Gram,1
Uttar Pradesh,CHAMPAWAT,Maize,2
Uttar Pradesh,CHAMPAWAT,Onion,1
Uttar Pradesh,CHAMPAWAT,Peas & beans (Pulses),1
Uttar Pradesh,CHAMPAWAT,Potato,1
Uttar Pradesh,CHAMPAWAT,Ragi,2
Uttar Pradesh,CHAMPAWAT,Rapeseed &Mustard,1
Uttar Pradesh,CHAMPAWAT,Rice,2
Uttar Pradesh,CHAMPAWAT,Small millets,2
Uttar Pradesh,CHAMPAWAT,Wheat,2
Uttar Pradesh,CHANDAULI,Arhar/Tur,20
Uttar Pradesh,CHANDAULI,Bajra,23
Uttar Pradesh,CHANDAULI,Barley,23
Uttar Pradesh,CHANDAULI,Coriander,5
Uttar Pradesh,CHANDAULI,Cotton(lint),1
Uttar Pradesh,CHANDAULI,Dry chillies,14
Uttar Pradesh,CHANDAULI,Garlic,9
Uttar Pradesh,CHANDAULI,Gram,23
Uttar Pradesh,CHANDAULI,Groundnut,16
Uttar Pradesh,CHANDAULI,Guar seed,15
Uttar Pradesh,CHANDAULI,Jowar,23
Uttar Pradesh,CHANDAULI,Linseed,22
Uttar Pradesh,CHANDAULI,Maize,36
Uttar Pradesh,CHANDAULI,Masoor,20
Uttar Pradesh,CHANDAULI,Moong(Green Gram),40
Uttar Pradesh,CHANDAULI,Moth,5
Uttar Pradesh,CHANDAULI,Onion,34
Uttar Pradesh,CHANDAULI,Other  Rabi pulses,2
Uttar Pradesh,CHANDAULI,Other Kharif pulses,1
Uttar Pradesh,CHANDAULI,Peas & beans (Pulses),19
Uttar Pradesh,CHANDAULI,Potato,23
Uttar Pradesh,CHANDAULI,Ragi,2
Uttar Pradesh,CHANDAULI,Rapeseed &Mustard,23
Uttar Pradesh,CHANDAULI,Rice,24
Uttar Pradesh,CHANDAULI,Sannhamp,13
Uttar Pradesh,CHANDAULI,Sesamum,20
Uttar Pradesh,CHANDAULI,Small millets,6
Uttar Pradesh,CHANDAULI,Sugarcane,23
Uttar Pradesh,CHANDAULI,Sunflower,4
Uttar Pradesh,CHANDAULI,Sweet potato,14
Uttar Pradesh,CHANDAULI,Turmeric,3
Uttar Pradesh,CHANDAULI,Urad,39
Uttar Pradesh,CHANDAULI,Wheat,23
Uttar Pradesh,CHITRAKOOT,Arhar/Tur,20
Uttar Pradesh,CHITRAKOOT,Bajra,23
Uttar Pradesh,CHITRAKOOT,Banana,3
Uttar Pradesh,CHITRAKOOT,Barley,23
Uttar Pradesh,CHITRAKOOT,Castor seed,2
Uttar Pradesh,CHITRAKOOT,Coriander,14
Uttar Pradesh,CHITRAKOOT,Dry chillies,16
Uttar Pradesh,CHITRAKOOT,Garlic,2
Uttar Pradesh,CHITRAKOOT,Gram,23
Uttar Pradesh,CHITRAKOOT,Groundnut,21
Uttar Pradesh,CHITRAKOOT,Guar seed,16
Uttar Pradesh,CHITRAKOOT,Jowar,23
Uttar Pradesh,CHITRAKOOT,Linseed,23
Uttar Pradesh,CHITRAKOOT,Maize,27
Uttar Pradesh,CHITRAKOOT,Masoor,20
Uttar Pradesh,CHITRAKOOT,Moong(Green Gram),26
Uttar Pradesh,CHITRAKOOT,Onion,30
Uttar Pradesh,CHITRAKOOT,Other  Rabi pulses,2
Uttar Pradesh,CHITRAKOOT,Other Kharif pulses,1
Uttar Pradesh,CHITRAKOOT,Peas & beans (Pulses),19
Uttar Pradesh,CHITRAKOOT,Potato,23
Uttar Pradesh,CHITRAKOOT,Ragi,2
Uttar Pradesh,CHITRAKOOT,Rapeseed &Mustard,23
Uttar Pradesh,CHITRAKOOT,Rice,23
Uttar Pradesh,CHITRAKOOT,Sannhamp,19
Uttar Pradesh,CHITRAKOOT,Sesamum,22
Uttar Pradesh,CHITRAKOOT,Small millets,20
Uttar Pradesh,CHITRAKOOT,Soyabean,20
Uttar Pradesh,CHITRAKOOT,Sugarcane,23
Uttar Pradesh,CHITRAKOOT,Sunflower,4
Uttar Pradesh,CHITRAKOOT,Sweet potato,16
Uttar Pradesh,CHITRAKOOT,Urad,21
Uttar Pradesh,CHITRAKOOT,Wheat,23
Uttar Pradesh,DEHRADUN,Arhar/Tur,3
Uttar Pradesh,DEHRADUN,Barley,3
Uttar Pradesh,DEHRADUN,Gram,3
Uttar Pradesh,DEHRADUN,Groundnut,3
Uttar Pradesh,DEHRADUN,Linseed,2
Uttar Pradesh,DEHRADUN,Maize,6
Uttar Pradesh,DEHRADUN,Masoor,2
Uttar Pradesh,DEHRADUN,Moong(Green Gram),2
Uttar Pradesh,DEHRADUN,Moth,2
Uttar Pradesh,DEHRADUN,Onion,3
Uttar Pradesh,DEHRADUN,Peas & beans (Pulses),3
Uttar Pradesh,DEHRADUN,Potato,3
Uttar Pradesh,DEHRADUN,Ragi,2
Uttar Pradesh,DEHRADUN,Rapeseed &Mustard,3
Uttar Pradesh,DEHRADUN,Rice,3
Uttar Pradesh,DEHRADUN,Sesamum,2
Uttar Pradesh,DEHRADUN,Small millets,3
Uttar Pradesh,DEHRADUN,Soyabean,3
Uttar Pradesh,DEHRADUN,Sugarcane,3
Uttar Pradesh,DEHRADUN,Sunflower,3
Uttar Pradesh,DEHRADUN,Tobacco,2
Uttar Pradesh,DEHRADUN,Turmeric,2
Uttar Pradesh,DEHRADUN,Urad,6
Uttar Pradesh,DEHRADUN,Wheat,3
Uttar Pradesh,DEORIA,Arhar/Tur,20
Uttar Pradesh,DEORIA,Bajra,23
Uttar Pradesh,DEORIA,Banana,4
Uttar Pradesh,DEORIA,Barley,23
Uttar Pradesh,DEORIA,Castor seed,1
Uttar Pradesh,DEORIA,Coriander,10
Uttar Pradesh,DEORIA,Dry chillies,13
Uttar Pradesh,DEORIA,Garlic,13
Uttar Pradesh,DEORIA,Ginger,3
Uttar Pradesh,DEORIA,Gram,23
Uttar Pradesh,DEORIA,Groundnut,22
Uttar Pradesh,DEORIA,Guar seed,13
Uttar Pradesh,DEORIA,Jowar,23
Uttar Pradesh,DEORIA,Linseed,11
Uttar Pradesh,DEORIA,Maize,60
Uttar Pradesh,DEORIA,Masoor,20
Uttar Pradesh,DEORIA,Moong(Green Gram),28
Uttar Pradesh,DEORIA,Moth,2
Uttar Pradesh,DEORIA,Onion,35
Uttar Pradesh,DEORIA,Other  Rabi pulses,2
Uttar Pradesh,DEORIA,Other Kharif pulses,1
Uttar Pradesh,DEORIA,Peas & beans (Pulses),19
Uttar Pradesh,DEORIA,Potato,23
Uttar Pradesh,DEORIA,Ragi,4
Uttar Pradesh,DEORIA,Rapeseed &Mustard,23
Uttar Pradesh,DEORIA,Rice,35
Uttar Pradesh,DEORIA,Sannhamp,1
Uttar Pradesh,DEORIA,Sesamum,22
Uttar Pradesh,DEORIA,Small millets,12
Uttar Pradesh,DEORIA,Soyabean,3
Uttar Pradesh,DEORIA,Sugarcane,23
Uttar Pradesh,DEORIA,Sunflower,5
Uttar Pradesh,DEORIA,Sweet potato,16
Uttar Pradesh,DEORIA,Turmeric,18
Uttar Pradesh,DEORIA,Urad,35
Uttar Pradesh,DEORIA,Wheat,23
Uttar Pradesh,ETAH,Arhar/Tur,20
Uttar Pradesh,ETAH,Bajra,23
Uttar Pradesh,ETAH,Banana,14
Uttar Pradesh,ETAH,Barley,23
Uttar Pradesh,ETAH,Coriander,13
Uttar Pradesh,ETAH,Cotton(lint),16
Uttar Pradesh,ETAH,Dry chillies,16
Uttar Pradesh,ETAH,Garlic,14
Uttar Pradesh,ETAH,Gram,23
Uttar Pradesh,ETAH,Groundnut,22
Uttar Pradesh,ETAH,Guar seed,14
Uttar Pradesh,ETAH,Jowar,13
Uttar Pradesh,ETAH,Linseed,7
Uttar Pradesh,ETAH,Maize,50
Uttar Pradesh,ETAH,Masoor,20
Uttar Pradesh,ETAH,Moong(Green Gram),39
Uttar Pradesh,ETAH,Moth,8
Uttar Pradesh,ETAH,Onion,35
Uttar Pradesh,ETAH,Other  Rabi pulses,2
Uttar Pradesh,ETAH,Other Kharif pulses,1
Uttar Pradesh,ETAH,Peas & beans (Pulses),14
Uttar Pradesh,ETAH,Potato,23
Uttar Pradesh,ETAH,Rapeseed &Mustard,23
Uttar Pradesh,ETAH,Rice,26
Uttar Pradesh,ETAH,Sannhamp,16
Uttar Pradesh,ETAH,Sesamum,22
Uttar Pradesh,ETAH,Small millets,1
Uttar Pradesh,ETAH,Soyabean,4
Uttar Pradesh,ETAH,Sugarcane,23
Uttar Pradesh,ETAH,Sunflower,15
Uttar Pradesh,ETAH,Sweet potato,16
Uttar Pradesh,ETAH,Tobacco,24
Uttar Pradesh,ETAH,Turmeric,9
Uttar Pradesh,ETAH,Urad,40
Uttar Pradesh,ETAH,Wheat,23
Uttar Pradesh,ETAWAH,Arhar/Tur,20
Uttar Pradesh,ETAWAH,Bajra,23
Uttar Pradesh,ETAWAH,Banana,3
Uttar Pradesh,ETAWAH,Barley,23
Uttar Pradesh,ETAWAH,Coriander,14
Uttar Pradesh,ETAWAH,Cotton(lint),1
Uttar Pradesh,ETAWAH,Dry chillies,15
Uttar Pradesh,ETAWAH,Garlic,14
Uttar Pradesh,ETAWAH,Gram,23
Uttar Pradesh,ETAWAH,Groundnut,21
Uttar Pradesh,ETAWAH,Guar seed,16
Uttar Pradesh,ETAWAH,Jowar,22
Uttar Pradesh,ETAWAH,Linseed,3
Uttar Pradesh,ETAWAH,Maize,53
Uttar Pradesh,ETAWAH,Masoor,18
Uttar Pradesh,ETAWAH,Moong(Green Gram),40
Uttar Pradesh,ETAWAH,Moth,3
Uttar Pradesh,ETAWAH,Onion,35
Uttar Pradesh,ETAWAH,Other  Rabi pulses,2
Uttar Pradesh,ETAWAH,Other Kharif pulses,1
Uttar Pradesh,ETAWAH,Peas & beans (Pulses),19
Uttar Pradesh,ETAWAH,Potato,23
Uttar Pradesh,ETAWAH,Rapeseed &Mustard,23
Uttar Pradesh,ETAWAH,Rice,24
Uttar Pradesh,ETAWAH,Sannhamp,5
Uttar Pradesh,ETAWAH,Sesamum,22
Uttar Pradesh,ETAWAH,Soyabean,1
Uttar Pradesh,ETAWAH,Sugarcane,23
Uttar Pradesh,ETAWAH,Sunflower,19
Uttar Pradesh,ETAWAH,Sweet potato,16
Uttar Pradesh,ETAWAH,Tobacco,1
Uttar Pradesh,ETAWAH,Turmeric,6
Uttar Pradesh,ETAWAH,Urad,40
Uttar Pradesh,ETAWAH,Wheat,23
Uttar Pradesh,FAIZABAD,Arhar/Tur,20
Uttar Pradesh,FAIZABAD,Bajra,20
Uttar Pradesh,FAIZABAD,Banana,12
Uttar Pradesh,FAIZABAD,Barley,23
Uttar Pradesh,FAIZABAD,Coriander,14
Uttar Pradesh,FAIZABAD,Dry chillies,16
Uttar Pradesh,FAIZABAD,Garlic,14
Uttar Pradesh,FAIZABAD,Gram,23
Uttar Pradesh,FAIZABAD,Groundnut,3
Uttar Pradesh,FAIZABAD,Guar seed,16
Uttar Pradesh,FAIZABAD,Jowar,23
Uttar Pradesh,FAIZABAD,Linseed,23
Uttar Pradesh,FAIZABAD,Maize,59
Uttar Pradesh,FAIZABAD,Masoor,20
Uttar Pradesh,FAIZABAD,Moong(Green Gram),33
Uttar Pradesh,FAIZABAD,Moth,1
Uttar Pradesh,FAIZABAD,Onion,35
Uttar Pradesh,FAIZABAD,Other  Rabi pulses,2
Uttar Pradesh,FAIZABAD,Other Kharif pulses,1
Uttar Pradesh,FAIZABAD,Peas & beans (Pulses),19
Uttar Pradesh,FAIZABAD,Potato,23
Uttar Pradesh,FAIZABAD,Ragi,1
Uttar Pradesh,FAIZABAD,Rapeseed &Mustard,23
Uttar Pradesh,FAIZABAD,Rice,24
Uttar Pradesh,FAIZABAD,Sannhamp,1
Uttar Pradesh,FAIZABAD,Sesamum,18
Uttar Pradesh,FAIZABAD,Small millets,18
Uttar Pradesh,FAIZABAD,Sugarcane,23
Uttar Pradesh,FAIZABAD,Sunflower,13
Uttar Pradesh,FAIZABAD,Sweet potato,16
Uttar Pradesh,FAIZABAD,Tobacco,3
Uttar Pradesh,FAIZABAD,Turmeric,3
Uttar Pradesh,FAIZABAD,Urad,40
Uttar Pradesh,FAIZABAD,Wheat,23
Uttar Pradesh,FARRUKHABAD,Arhar/Tur,20
Uttar Pradesh,FARRUKHABAD,Bajra,23
Uttar Pradesh,FARRUKHABAD,Banana,11
Uttar Pradesh,FARRUKHABAD,Barley,23
Uttar Pradesh,FARRUKHABAD,Castor seed,1
Uttar Pradesh,FARRUKHABAD,Coriander,13
Uttar Pradesh,FARRUKHABAD,Dry chillies,16
Uttar Pradesh,FARRUKHABAD,Garlic,14
Uttar Pradesh,FARRUKHABAD,Gram,23
Uttar Pradesh,FARRUKHABAD,Groundnut,22
Uttar Pradesh,FARRUKHABAD,Guar seed,15
Uttar Pradesh,FARRUKHABAD,Jowar,23
Uttar Pradesh,FARRUKHABAD,Linseed,1
Uttar Pradesh,FARRUKHABAD,Maize,50
Uttar Pradesh,FARRUKHABAD,Masoor,20
Uttar Pradesh,FARRUKHABAD,Moong(Green Gram),40
Uttar Pradesh,FARRUKHABAD,Moth,4
Uttar Pradesh,FARRUKHABAD,Onion,35
Uttar Pradesh,FARRUKHABAD,Other  Rabi pulses,2
Uttar Pradesh,FARRUKHABAD,Other Kharif pulses,1
Uttar Pradesh,FARRUKHABAD,Peas & beans (Pulses),19
Uttar Pradesh,FARRUKHABAD,Potato,23
Uttar Pradesh,FARRUKHABAD,Rapeseed &Mustard,23
Uttar Pradesh,FARRUKHABAD,Rice,28
Uttar Pradesh,FARRUKHABAD,Sannhamp,14
Uttar Pradesh,FARRUKHABAD,Sesamum,22
Uttar Pradesh,FARRUKHABAD,Small millets,2
Uttar Pradesh,FARRUKHABAD,Sugarcane,23
Uttar Pradesh,FARRUKHABAD,Sunflower,20
Uttar Pradesh,FARRUKHABAD,Sweet potato,16
Uttar Pradesh,FARRUKHABAD,Tobacco,34
Uttar Pradesh,FARRUKHABAD,Turmeric,7
Uttar Pradesh,FARRUKHABAD,Urad,40
Uttar Pradesh,FARRUKHABAD,Wheat,23
Uttar Pradesh,FATEHPUR,Arhar/Tur,20
Uttar Pradesh,FATEHPUR,Bajra,23
Uttar Pradesh,FATEHPUR,Banana,13
Uttar Pradesh,FATEHPUR,Barley,23
Uttar Pradesh,FATEHPUR,Castor seed,1
Uttar Pradesh,FATEHPUR,Coriander,14
Uttar Pradesh,FATEHPUR,Dry chillies,16
Uttar Pradesh,FATEHPUR,Garlic,14
Uttar Pradesh,FATEHPUR,Ginger,1
Uttar Pradesh,FATEHPUR,Gram,23
Uttar Pradesh,FATEHPUR,Groundnut,22
Uttar Pradesh,FATEHPUR,Guar seed,14
Uttar Pradesh,FATEHPUR,Jowar,23
Uttar Pradesh,FATEHPUR,Linseed,23
Uttar Pradesh,FATEHPUR,Maize,56
Uttar Pradesh,FATEHPUR,Masoor,20
Uttar Pradesh,FATEHPUR,Moong(Green Gram),40
Uttar Pradesh,FATEHPUR,Moth,1
Uttar Pradesh,FATEHPUR,Onion,35
Uttar Pradesh,FATEHPUR,Other  Rabi pulses,2
Uttar Pradesh,FATEHPUR,Other Kharif pulses,1
Uttar Pradesh,FATEHPUR,Peas & beans (Pulses),19
Uttar Pradesh,FATEHPUR,Potato,23
Uttar Pradesh,FATEHPUR,Ragi,4
Uttar Pradesh,FATEHPUR,Rapeseed &Mustard,23
Uttar Pradesh,FATEHPUR,Rice,23
Uttar Pradesh,FATEHPUR,Sannhamp,18
Uttar Pradesh,FATEHPUR,Sesamum,22
Uttar Pradesh,FATEHPUR,Small millets,11
Uttar Pradesh,FATEHPUR,Soyabean,7
Uttar Pradesh,FATEHPUR,Sugarcane,23
Uttar Pradesh,FATEHPUR,Sunflower,19
Uttar Pradesh,FATEHPUR,Sweet potato,16
Uttar Pradesh,FATEHPUR,Tobacco,12
Uttar Pradesh,FATEHPUR,Turmeric,21
Uttar Pradesh,FATEHPUR,Urad,40
Uttar Pradesh,FATEHPUR,Wheat,23
Uttar Pradesh,FIROZABAD,Arhar/Tur,20
Uttar Pradesh,FIROZABAD,Bajra,23
Uttar Pradesh,FIROZABAD,Banana,3
Uttar Pradesh,FIROZABAD,Barley,23
Uttar Pradesh,FIROZABAD,Castor seed,1
Uttar Pradesh,FIROZABAD,Coriander,14
Uttar Pradesh,FIROZABAD,Cotton(lint),18
Uttar Pradesh,FIROZABAD,Dry chillies,16
Uttar Pradesh,FIROZABAD,Garlic,14
Uttar Pradesh,FIROZABAD,Ginger,1
Uttar Pradesh,FIROZABAD,Gram,23
Uttar Pradesh,FIROZABAD,Groundnut,22
Uttar Pradesh,FIROZABAD,Guar seed,15
Uttar Pradesh,FIROZABAD,Jowar,23
Uttar Pradesh,FIROZABAD,Linseed,9
Uttar Pradesh,FIROZABAD,Maize,49
Uttar Pradesh,FIROZABAD,Masoor,20
Uttar Pradesh,FIROZABAD,Moong(Green Gram),40
Uttar Pradesh,FIROZABAD,Moth,6
Uttar Pradesh,FIROZABAD,Onion,34
Uttar Pradesh,FIROZABAD,Other  Rabi pulses,2
Uttar Pradesh,FIROZABAD,Other Kharif pulses,1
Uttar Pradesh,FIROZABAD,Peas & beans (Pulses),19
Uttar Pradesh,FIROZABAD,Potato,23
Uttar Pradesh,FIROZABAD,Ragi,1
Uttar Pradesh,FIROZABAD,Rapeseed &Mustard,23
Uttar Pradesh,FIROZABAD,Rice,27
Uttar Pradesh,FIROZABAD,Sannhamp,7
Uttar Pradesh,FIROZABAD,Sesamum,22
Uttar Pradesh,FIROZABAD,Soyabean,2
Uttar Pradesh,FIROZABAD,Sugarcane,23
Uttar Pradesh,FIROZABAD,Sunflower,20
Uttar Pradesh,FIROZABAD,Sweet potato,16
Uttar Pradesh,FIROZABAD,Tobacco,10
Uttar Pradesh,FIROZABAD,Turmeric,10
Uttar Pradesh,FIROZABAD,Urad,40
Uttar Pradesh,FIROZABAD,Wheat,23
Uttar Pradesh,GAUTAM BUDDHA NAGAR,Arhar/Tur,20
Uttar Pradesh,GAUTAM BUDDHA NAGAR,Bajra,22
Uttar Pradesh,GAUTAM BUDDHA NAGAR,Barley,23
Uttar Pradesh,GAUTAM BUDDHA NAGAR,Coriander,10
Uttar Pradesh,GAUTAM BUDDHA NAGAR,Cotton(lint),8
Uttar Pradesh,GAUTAM BUDDHA NAGAR,Dry chillies,6
Uttar Pradesh,GAUTAM BUDDHA NAGAR,Garlic,3
Uttar Pradesh,GAUTAM BUDDHA NAGAR,Gram,10
Uttar Pradesh,GAUTAM BUDDHA NAGAR,Groundnut,1
Uttar Pradesh,GAUTAM BUDDHA NAGAR,Guar seed,10
Uttar Pradesh,GAUTAM BUDDHA NAGAR,Jowar,16
Uttar Pradesh,GAUTAM BUDDHA NAGAR,Maize,29
Uttar Pradesh,GAUTAM BUDDHA NAGAR,Masoor,20
Uttar Pradesh,GAUTAM BUDDHA NAGAR,Moong(Green Gram),34
Uttar Pradesh,GAUTAM BUDDHA NAGAR,Onion,27
Uttar Pradesh,GAUTAM BUDDHA NAGAR,Other  Rabi pulses,2
Uttar Pradesh,GAUTAM BUDDHA NAGAR,Other Kharif pulses,1
Uttar Pradesh,GAUTAM BUDDHA NAGAR,Peas & beans (Pulses),19
Uttar Pradesh,GAUTAM BUDDHA NAGAR,Potato,23
Uttar Pradesh,GAUTAM BUDDHA NAGAR,Rapeseed &Mustard,23
Uttar Pradesh,GAUTAM BUDDHA NAGAR,Rice,24
Uttar Pradesh,GAUTAM BUDDHA NAGAR,Sesamum,6
Uttar Pradesh,GAUTAM BUDDHA NAGAR,Sugarcane,23
Uttar Pradesh,GAUTAM BUDDHA NAGAR,Sunflower,8
Uttar Pradesh,GAUTAM BUDDHA NAGAR,Sweet potato,9
Uttar Pradesh,GAUTAM BUDDHA NAGAR,Tobacco,1
Uttar Pradesh,GAUTAM BUDDHA NAGAR,Urad,37
Uttar Pradesh,GAUTAM BUDDHA NAGAR,Wheat,23
Uttar Pradesh,GHAZIABAD,Arhar/Tur,20
Uttar Pradesh,GHAZIABAD,Bajra,21
Uttar Pradesh,GHAZIABAD,Banana,4
Uttar Pradesh,GHAZIABAD,Barley,22
Uttar Pradesh,GHAZIABAD,Coriander,14
Uttar Pradesh,GHAZIABAD,Cotton(lint),6
Uttar Pradesh,GHAZIABAD,Dry chillies,16
Uttar Pradesh,GHAZIABAD,Garlic,5
Uttar Pradesh,GHAZIABAD,Gram,14
Uttar Pradesh,GHAZIABAD,Guar seed,1
Uttar Pradesh,GHAZIABAD,Jowar,16
Uttar Pradesh,GHAZIABAD,Linseed,2
Uttar Pradesh,GHAZIABAD,Maize,41
Uttar Pradesh,GHAZIABAD,Masoor,20
Uttar Pradesh,GHAZIABAD,Moong(Green Gram),33
Uttar Pradesh,GHAZIABAD,Moth,1
Uttar Pradesh,GHAZIABAD,Onion,30
Uttar Pradesh,GHAZIABAD,Other  Rabi pulses,2
Uttar Pradesh,GHAZIABAD,Other Kharif pulses,1
Uttar Pradesh,GHAZIABAD,Peas & beans (Pulses),14
Uttar Pradesh,GHAZIABAD,Potato,23
Uttar Pradesh,GHAZIABAD,Ragi,1
Uttar Pradesh,GHAZIABAD,Rapeseed &Mustard,23
Uttar Pradesh,GHAZIABAD,Rice,25
Uttar Pradesh,GHAZIABAD,Sannhamp,1
Uttar Pradesh,GHAZIABAD,Sesamum,1
Uttar Pradesh,GHAZIABAD,Small millets,2
Uttar Pradesh,GHAZIABAD,Sugarcane,23
Uttar Pradesh,GHAZIABAD,Sunflower,10
Uttar Pradesh,GHAZIABAD,Sweet potato,13
Uttar Pradesh,GHAZIABAD,Tobacco,1
Uttar Pradesh,GHAZIABAD,Turmeric,4
Uttar Pradesh,GHAZIABAD,Urad,37
Uttar Pradesh,GHAZIABAD,Wheat,23
Uttar Pradesh,GHAZIPUR,Arhar/Tur,20
Uttar Pradesh,GHAZIPUR,Bajra,23
Uttar Pradesh,GHAZIPUR,Banana,3
Uttar Pradesh,GHAZIPUR,Barley,23
Uttar Pradesh,GHAZIPUR,Coriander,14
Uttar Pradesh,GHAZIPUR,Dry chillies,16
Uttar Pradesh,GHAZIPUR,Garlic,13
Uttar Pradesh,GHAZIPUR,Ginger,3
Uttar Pradesh,GHAZIPUR,Gram,23
Uttar Pradesh,GHAZIPUR,Groundnut,21
Uttar Pradesh,GHAZIPUR,Guar seed,16
Uttar Pradesh,GHAZIPUR,Jowar,23
Uttar Pradesh,GHAZIPUR,Linseed,14
Uttar Pradesh,GHAZIPUR,Maize,57
Uttar Pradesh,GHAZIPUR,Masoor,20
Uttar Pradesh,GHAZIPUR,Moong(Green Gram),39
Uttar Pradesh,GHAZIPUR,Moth,3
Uttar Pradesh,GHAZIPUR,Onion,35
Uttar Pradesh,GHAZIPUR,Other  Rabi pulses,2
Uttar Pradesh,GHAZIPUR,Other Kharif pulses,1
Uttar Pradesh,GHAZIPUR,Peas & beans (Pulses),19
Uttar Pradesh,GHAZIPUR,Potato,23
Uttar Pradesh,GHAZIPUR,Ragi,2
Uttar Pradesh,GHAZIPUR,Rapeseed &Mustard,23
Uttar Pradesh,GHAZIPUR,Rice,24
Uttar Pradesh,GHAZIPUR,Sannhamp,18
Uttar Pradesh,GHAZIPUR,Sesamum,21
Uttar Pradesh,GHAZIPUR,Small millets,8
Uttar Pradesh,GHAZIPUR,Sugarcane,23
Uttar Pradesh,GHAZIPUR,Sunflower,22
Uttar Pradesh,GHAZIPUR,Sweet potato,8
Uttar Pradesh,GHAZIPUR,Tobacco,2
Uttar Pradesh,GHAZIPUR,Turmeric,11
Uttar Pradesh,GHAZIPUR,Urad,40
Uttar Pradesh,GHAZIPUR,Wheat,23
Uttar Pradesh,GONDA,Arhar/Tur,20
Uttar Pradesh,GONDA,Bajra,13
Uttar Pradesh,GONDA,Banana,10
Uttar Pradesh,GONDA,Barley,22
Uttar Pradesh,GONDA,Coriander,14
Uttar Pradesh,GONDA,Dry chillies,16
Uttar Pradesh,GONDA,Garlic,14
Uttar Pradesh,GONDA,Ginger,4
Uttar Pradesh,GONDA,Gram,23
Uttar Pradesh,GONDA,Groundnut,21
Uttar Pradesh,GONDA,Guar seed,14
Uttar Pradesh,GONDA,Jowar,12
Uttar Pradesh,GONDA,Jute,1
Uttar Pradesh,GONDA,Linseed,23
Uttar Pradesh,GONDA,Maize,60
Uttar Pradesh,GONDA,Masoor,20
Uttar Pradesh,GONDA,Moong(Green Gram),35
Uttar Pradesh,GONDA,Moth,3
Uttar Pradesh,GONDA,Onion,35
Uttar Pradesh,GONDA,Other  Rabi pulses,2
Uttar Pradesh,GONDA,Other Kharif pulses,1
Uttar Pradesh,GONDA,Peas & beans (Pulses),19
Uttar Pradesh,GONDA,Potato,23
Uttar Pradesh,GONDA,Ragi,2
Uttar Pradesh,GONDA,Rapeseed &Mustard,23
Uttar Pradesh,GONDA,Rice,32
Uttar Pradesh,GONDA,Sannhamp,2
Uttar Pradesh,GONDA,Sesamum,22
Uttar Pradesh,GONDA,Small millets,7
Uttar Pradesh,GONDA,Soyabean,4
Uttar Pradesh,GONDA,Sugarcane,23
Uttar Pradesh,GONDA,Sunflower,9
Uttar Pradesh,GONDA,Sweet potato,15
Uttar Pradesh,GONDA,Tobacco,23
Uttar Pradesh,GONDA,Turmeric,4
Uttar Pradesh,GONDA,Urad,40
Uttar Pradesh,GONDA,Wheat,23
Uttar Pradesh,GORAKHPUR,Arhar/Tur,20
Uttar Pradesh,GORAKHPUR,Bajra,23
Uttar Pradesh,GORAKHPUR,Banana,14
Uttar Pradesh,GORAKHPUR,Barley,23
Uttar Pradesh,GORAKHPUR,Coriander,14
Uttar Pradesh,GORAKHPUR,Dry chillies,15
Uttar Pradesh,GORAKHPUR,Garlic,14
Uttar Pradesh,GORAKHPUR,Ginger,3
Uttar Pradesh,GORAKHPUR,Gram,23
Uttar Pradesh,GORAKHPUR,Groundnut,22
Uttar Pradesh,GORAKHPUR,Guar seed,16
Uttar Pradesh,GORAKHPUR,Jowar,15
Uttar Pradesh,GORAKHPUR,Linseed,19
Uttar Pradesh,GORAKHPUR,Maize,59
Uttar Pradesh,GORAKHPUR,Masoor,20
Uttar Pradesh,GORAKHPUR,Moong(Green Gram),28
Uttar Pradesh,GORAKHPUR,Moth,1
Uttar Pradesh,GORAKHPUR,Onion,35
Uttar Pradesh,GORAKHPUR,Other  Rabi pulses,2
Uttar Pradesh,GORAKHPUR,Other Kharif pulses,1
Uttar Pradesh,GORAKHPUR,Peas & beans (Pulses),19
Uttar Pradesh,GORAKHPUR,Potato,23
Uttar Pradesh,GORAKHPUR,Ragi,3
Uttar Pradesh,GORAKHPUR,Rapeseed &Mustard,23
Uttar Pradesh,GORAKHPUR,Rice,43
Uttar Pradesh,GORAKHPUR,Sannhamp,1
Uttar Pradesh,GORAKHPUR,Sesamum,22
Uttar Pradesh,GORAKHPUR,Small millets,22
Uttar Pradesh,GORAKHPUR,Soyabean,1
Uttar Pradesh,GORAKHPUR,Sugarcane,24
Uttar Pradesh,GORAKHPUR,Sunflower,14
Uttar Pradesh,GORAKHPUR,Sweet potato,16
Uttar Pradesh,GORAKHPUR,Turmeric,5
Uttar Pradesh,GORAKHPUR,Urad,39
Uttar Pradesh,GORAKHPUR,Wheat,23
Uttar Pradesh,HAMIRPUR,Arhar/Tur,20
Uttar Pradesh,HAMIRPUR,Bajra,22
Uttar Pradesh,HAMIRPUR,Banana,3
Uttar Pradesh,HAMIRPUR,Barley,23
Uttar Pradesh,HAMIRPUR,Castor seed,3
Uttar Pradesh,HAMIRPUR,Coriander,14
Uttar Pradesh,HAMIRPUR,Dry chillies,16
Uttar Pradesh,HAMIRPUR,Garlic,11
Uttar Pradesh,HAMIRPUR,Gram,23
Uttar Pradesh,HAMIRPUR,Groundnut,22
Uttar Pradesh,HAMIRPUR,Guar seed,12
Uttar Pradesh,HAMIRPUR,Jowar,23
Uttar Pradesh,HAMIRPUR,Linseed,23
Uttar Pradesh,HAMIRPUR,Maize,21
Uttar Pradesh,HAMIRPUR,Masoor,20
Uttar Pradesh,HAMIRPUR,Moong(Green Gram),37
Uttar Pradesh,HAMIRPUR,Moth,2
Uttar Pradesh,HAMIRPUR,Onion,35
Uttar Pradesh,HAMIRPUR,Other  Rabi pulses,2
Uttar Pradesh,HAMIRPUR,Other Kharif pulses,1
Uttar Pradesh,HAMIRPUR,Peas & beans (Pulses),19
Uttar Pradesh,HAMIRPUR,Potato,23
Uttar Pradesh,HAMIRPUR,Rapeseed &Mustard,23
Uttar Pradesh,HAMIRPUR,Rice,23
Uttar Pradesh,HAMIRPUR,Sannhamp,19
Uttar Pradesh,HAMIRPUR,Sesamum,22
Uttar Pradesh,HAMIRPUR,Small millets,18
Uttar Pradesh,HAMIRPUR,Soyabean,23
Uttar Pradesh,HAMIRPUR,Sugarcane,23
Uttar Pradesh,HAMIRPUR,Sunflower,9
Uttar Pradesh,HAMIRPUR,Sweet potato,12
Uttar Pradesh,HAMIRPUR,Tobacco,20
Uttar Pradesh,HAMIRPUR,Turmeric,1
Uttar Pradesh,HAMIRPUR,Urad,21
Uttar Pradesh,HAMIRPUR,Wheat,23
Uttar Pradesh,HAPUR,Arhar/Tur,8
Uttar Pradesh,HAPUR,Bajra,6
Uttar Pradesh,HAPUR,Barley,8
Uttar Pradesh,HAPUR,Coriander,5
Uttar Pradesh,HAPUR,Dry chillies,6
Uttar Pradesh,HAPUR,Garlic,2
Uttar Pradesh,HAPUR,Gram,1
Uttar Pradesh,HAPUR,Maize,16
Uttar Pradesh,HAPUR,Masoor,8
Uttar Pradesh,HAPUR,Moong(Green Gram),16
Uttar Pradesh,HAPUR,Onion,13
Uttar Pradesh,HAPUR,Peas & beans (Pulses),7
Uttar Pradesh,HAPUR,Potato,8
Uttar Pradesh,HAPUR,Rapeseed &Mustard,8
Uttar Pradesh,HAPUR,Rice,9
Uttar Pradesh,HAPUR,Sesamum,1
Uttar Pradesh,HAPUR,Sugarcane,8
Uttar Pradesh,HAPUR,Sweet potato,5
Uttar Pradesh,HAPUR,Turmeric,4
Uttar Pradesh,HAPUR,Urad,16
Uttar Pradesh,HAPUR,Wheat,8
Uttar Pradesh,HARDOI,Arhar/Tur,20
Uttar Pradesh,HARDOI,Bajra,23
Uttar Pradesh,HARDOI,Banana,7
Uttar Pradesh,HARDOI,Barley,23
Uttar Pradesh,HARDOI,Castor seed,1
Uttar Pradesh,HARDOI,Coriander,14
Uttar Pradesh,HARDOI,Cotton(lint),2
Uttar Pradesh,HARDOI,Dry chillies,16
Uttar Pradesh,HARDOI,Garlic,14
Uttar Pradesh,HARDOI,Ginger,2
Uttar Pradesh,HARDOI,Gram,23
Uttar Pradesh,HARDOI,Groundnut,22
Uttar Pradesh,HARDOI,Guar seed,15
Uttar Pradesh,HARDOI,Jowar,23
Uttar Pradesh,HARDOI,Linseed,20
Uttar Pradesh,HARDOI,Maize,52
Uttar Pradesh,HARDOI,Masoor,20
Uttar Pradesh,HARDOI,Moong(Green Gram),39
Uttar Pradesh,HARDOI,Moth,7
Uttar Pradesh,HARDOI,Onion,35
Uttar Pradesh,HARDOI,Other  Rabi pulses,2
Uttar Pradesh,HARDOI,Other Kharif pulses,1
Uttar Pradesh,HARDOI,Peas & beans (Pulses),19
Uttar Pradesh,HARDOI,Potato,23
Uttar Pradesh,HARDOI,Ragi,1
Uttar Pradesh,HARDOI,Rapeseed &Mustard,23
Uttar Pradesh,HARDOI,Rice,43
Uttar Pradesh,HARDOI,Sannhamp,5
Uttar Pradesh,HARDOI,Sesamum,22
Uttar Pradesh,HARDOI,Small millets,10
Uttar Pradesh,HARDOI,Soyabean,13
Uttar Pradesh,HARDOI,Sugarcane,23
Uttar Pradesh,HARDOI,Sunflower,21
Uttar Pradesh,HARDOI,Sweet potato,16
Uttar Pradesh,HARDOI,Tobacco,25
Uttar Pradesh,HARDOI,Turmeric,12
Uttar Pradesh,HARDOI,Urad,40
Uttar Pradesh,HARDOI,Wheat,23
Uttar Pradesh,HARIDWAR,Arhar/Tur,3
Uttar Pradesh,HARIDWAR,Bajra,3
Uttar Pradesh,HARIDWAR,Barley,3
Uttar Pradesh,HARIDWAR,Cotton(lint),2
Uttar Pradesh,HARIDWAR,Gram,3
Uttar Pradesh,HARIDWAR,Groundnut,3
Uttar Pradesh,HARIDWAR,Jowar,3
Uttar Pradesh,HARIDWAR,Linseed,2
Uttar Pradesh,HARIDWAR,Maize,6
Uttar Pradesh,HARIDWAR,Masoor,2
Uttar Pradesh,HARIDWAR,Moong(Green Gram),4
Uttar Pradesh,HARIDWAR,Onion,2
Uttar Pradesh,HARIDWAR,Peas & beans (Pulses),3
Uttar Pradesh,HARIDWAR,Potato,3
Uttar Pradesh,HARIDWAR,Rapeseed &Mustard,3
Uttar Pradesh,HARIDWAR,Rice,3
Uttar Pradesh,HARIDWAR,Sesamum,2
Uttar Pradesh,HARIDWAR,Soyabean,2
Uttar Pradesh,HARIDWAR,Sugarcane,3
Uttar Pradesh,HARIDWAR,Sunflower,3
Uttar Pradesh,HARIDWAR,Tobacco,2
Uttar Pradesh,HARIDWAR,Turmeric,1
Uttar Pradesh,HARIDWAR,Urad,6
Uttar Pradesh,HARIDWAR,Wheat,3
Uttar Pradesh,HATHRAS,Arhar/Tur,20
Uttar Pradesh,HATHRAS,Bajra,23
Uttar Pradesh,HATHRAS,Banana,5
Uttar Pradesh,HATHRAS,Barley,23
Uttar Pradesh,HATHRAS,Coriander,14
Uttar Pradesh,HATHRAS,Cotton(lint),21
Uttar Pradesh,HATHRAS,Dry chillies,16
Uttar Pradesh,HATHRAS,Garlic,14
Uttar Pradesh,HATHRAS,Gram,23
Uttar Pradesh,HATHRAS,Groundnut,11
Uttar Pradesh,HATHRAS,Guar seed,14
Uttar Pradesh,HATHRAS,Jowar,21
Uttar Pradesh,HATHRAS,Linseed,2
Uttar Pradesh,HATHRAS,Maize,47
Uttar Pradesh,HATHRAS,Masoor,20
Uttar Pradesh,HATHRAS,Moong(Green Gram),40
Uttar Pradesh,HATHRAS,Moth,2
Uttar Pradesh,HATHRAS,Onion,34
Uttar Pradesh,HATHRAS,Other  Rabi pulses,2
Uttar Pradesh,HATHRAS,Other Kharif pulses,1
Uttar Pradesh,HATHRAS,Peas & beans (Pulses),19
Uttar Pradesh,HATHRAS,Potato,23
Uttar Pradesh,HATHRAS,Rapeseed &Mustard,23
Uttar Pradesh,HATHRAS,Rice,29
Uttar Pradesh,HATHRAS,Sannhamp,3
Uttar Pradesh,HATHRAS,Sesamum,22
Uttar Pradesh,HATHRAS,Small millets,1
Uttar Pradesh,HATHRAS,Sugarcane,23
Uttar Pradesh,HATHRAS,Sunflower,18
Uttar Pradesh,HATHRAS,Sweet potato,16
Uttar Pradesh,HATHRAS,Tobacco,8
Uttar Pradesh,HATHRAS,Turmeric,4
Uttar Pradesh,HATHRAS,Urad,40
Uttar Pradesh,HATHRAS,Wheat,23
Uttar Pradesh,JALAUN,Arhar/Tur,20
Uttar Pradesh,JALAUN,Bajra,23
Uttar Pradesh,JALAUN,Banana,1
Uttar Pradesh,JALAUN,Barley,23
Uttar Pradesh,JALAUN,Castor seed,1
Uttar Pradesh,JALAUN,Coriander,13
Uttar Pradesh,JALAUN,Cotton(lint),1
Uttar Pradesh,JALAUN,Dry chillies,16
Uttar Pradesh,JALAUN,Garlic,8
Uttar Pradesh,JALAUN,Gram,23
Uttar Pradesh,JALAUN,Groundnut,22
Uttar Pradesh,JALAUN,Guar seed,16
Uttar Pradesh,JALAUN,Jowar,23
Uttar Pradesh,JALAUN,Linseed,23
Uttar Pradesh,JALAUN,Maize,27
Uttar Pradesh,JALAUN,Masoor,20
Uttar Pradesh,JALAUN,Moong(Green Gram),39
Uttar Pradesh,JALAUN,Moth,4
Uttar Pradesh,JALAUN,Onion,35
Uttar Pradesh,JALAUN,Other  Rabi pulses,2
Uttar Pradesh,JALAUN,Other Kharif pulses,1
Uttar Pradesh,JALAUN,Peas & beans (Pulses),19
Uttar Pradesh,JALAUN,Potato,23
Uttar Pradesh,JALAUN,Ragi,1
Uttar Pradesh,JALAUN,Rapeseed &Mustard,23
Uttar Pradesh,JALAUN,Rice,23
Uttar Pradesh,JALAUN,Sannhamp,17
Uttar Pradesh,JALAUN,Sesamum,22
Uttar Pradesh,JALAUN,Small millets,8
Uttar Pradesh,JALAUN,Soyabean,22
Uttar Pradesh,JALAUN,Sugarcane,23
Uttar Pradesh,JALAUN,Sunflower,10
Uttar Pradesh,JALAUN,Sweet potato,10
Uttar Pradesh,JALAUN,Tobacco,1
Uttar Pradesh,JALAUN,Turmeric,4
Uttar Pradesh,JALAUN,Urad,20
Uttar Pradesh,JALAUN,Wheat,23
Uttar Pradesh,JAUNPUR,Arhar/Tur,20
Uttar Pradesh,JAUNPUR,Bajra,23
Uttar Pradesh,JAUNPUR,Banana,11
Uttar Pradesh,JAUNPUR,Barley,23
Uttar Pradesh,JAUNPUR,Coriander,14
Uttar Pradesh,JAUNPUR,Cotton(lint),2
Uttar Pradesh,JAUNPUR,Dry chillies,16
Uttar Pradesh,JAUNPUR,Garlic,13
Uttar Pradesh,JAUNPUR,Gram,23
Uttar Pradesh,JAUNPUR,Groundnut,4
Uttar Pradesh,JAUNPUR,Guar seed,16
Uttar Pradesh,JAUNPUR,Jowar,23
Uttar Pradesh,JAUNPUR,Linseed,15
Uttar Pradesh,JAUNPUR,Maize,52
Uttar Pradesh,JAUNPUR,Masoor,20
Uttar Pradesh,JAUNPUR,Moong(Green Gram),39
Uttar Pradesh,JAUNPUR,Moth,2
Uttar Pradesh,JAUNPUR,Onion,35
Uttar Pradesh,JAUNPUR,Other  Rabi pulses,2
Uttar Pradesh,JAUNPUR,Other Kharif pulses,1
Uttar Pradesh,JAUNPUR,Peas & beans (Pulses),19
Uttar Pradesh,JAUNPUR,Potato,23
Uttar Pradesh,JAUNPUR,Ragi,2
Uttar Pradesh,JAUNPUR,Rapeseed &Mustard,23
Uttar Pradesh,JAUNPUR,Rice,29
Uttar Pradesh,JAUNPUR,Sannhamp,19
Uttar Pradesh,JAUNPUR,Sesamum,22
Uttar Pradesh,JAUNPUR,Small millets,7
Uttar Pradesh,JAUNPUR,Soyabean,1
Uttar Pradesh,JAUNPUR,Sugarcane,23
Uttar Pradesh,JAUNPUR,Sunflower,20
Uttar Pradesh,JAUNPUR,Sweet potato,16
Uttar Pradesh,JAUNPUR,Tobacco,18
Uttar Pradesh,JAUNPUR,Turmeric,3
Uttar Pradesh,JAUNPUR,Urad,39
Uttar Pradesh,JAUNPUR,Wheat,23
Uttar Pradesh,JHANSI,Arhar/Tur,20
Uttar Pradesh,JHANSI,Bajra,23
Uttar Pradesh,JHANSI,Barley,23
Uttar Pradesh,JHANSI,Coriander,14
Uttar Pradesh,JHANSI,Cotton(lint),1
Uttar Pradesh,JHANSI,Dry chillies,12
Uttar Pradesh,JHANSI,Garlic,11
Uttar Pradesh,JHANSI,Ginger,13
Uttar Pradesh,JHANSI,Gram,23
Uttar Pradesh,JHANSI,Groundnut,22
Uttar Pradesh,JHANSI,Guar seed,14
Uttar Pradesh,JHANSI,Jowar,23
Uttar Pradesh,JHANSI,Linseed,23
Uttar Pradesh,JHANSI,Maize,35
Uttar Pradesh,JHANSI,Masoor,20
Uttar Pradesh,JHANSI,Moong(Green Gram),39
Uttar Pradesh,JHANSI,Moth,5
Uttar Pradesh,JHANSI,Onion,35
Uttar Pradesh,JHANSI,Other  Rabi pulses,2
Uttar Pradesh,JHANSI,Other Kharif pulses,1
Uttar Pradesh,JHANSI,Peas & beans (Pulses),19
Uttar Pradesh,JHANSI,Potato,23
Uttar Pradesh,JHANSI,Ragi,1
Uttar Pradesh,JHANSI,Rapeseed &Mustard,23
Uttar Pradesh,JHANSI,Rice,25
Uttar Pradesh,JHANSI,Sannhamp,15
Uttar Pradesh,JHANSI,Sesamum,22
Uttar Pradesh,JHANSI,Small millets,16
Uttar Pradesh,JHANSI,Soyabean,23
Uttar Pradesh,JHANSI,Sugarcane,23
Uttar Pradesh,JHANSI,Sunflower,9
Uttar Pradesh,JHANSI,Sweet potato,8
Uttar Pradesh,JHANSI,Tobacco,1
Uttar Pradesh,JHANSI,Turmeric,11
Uttar Pradesh,JHANSI,Urad,37
Uttar Pradesh,JHANSI,Wheat,23
Uttar Pradesh,KANNAUJ,Arhar/Tur,20
Uttar Pradesh,KANNAUJ,Bajra,23
Uttar Pradesh,KANNAUJ,Banana,4
Uttar Pradesh,KANNAUJ,Barley,23
Uttar Pradesh,KANNAUJ,Coriander,14
Uttar Pradesh,KANNAUJ,Cotton(lint),1
Uttar Pradesh,KANNAUJ,Dry chillies,16
Uttar Pradesh,KANNAUJ,Garlic,14
Uttar Pradesh,KANNAUJ,Gram,23
Uttar Pradesh,KANNAUJ,Groundnut,22
Uttar Pradesh,KANNAUJ,Guar seed,12
Uttar Pradesh,KANNAUJ,Jowar,23
Uttar Pradesh,KANNAUJ,Jute,1
Uttar Pradesh,KANNAUJ,Linseed,1
Uttar Pradesh,KANNAUJ,Maize,54
Uttar Pradesh,KANNAUJ,Masoor,20
Uttar Pradesh,KANNAUJ,Moong(Green Gram),40
Uttar Pradesh,KANNAUJ,Moth,5
Uttar Pradesh,KANNAUJ,Onion,34
Uttar Pradesh,KANNAUJ,Other  Rabi pulses,2
Uttar Pradesh,KANNAUJ,Other Kharif pulses,1
Uttar Pradesh,KANNAUJ,Peas & beans (Pulses),19
Uttar Pradesh,KANNAUJ,Potato,23
Uttar Pradesh,KANNAUJ,Rapeseed &Mustard,23
Uttar Pradesh,KANNAUJ,Rice,25
Uttar Pradesh,KANNAUJ,Sannhamp,18
Uttar Pradesh,KANNAUJ,Sesamum,22
Uttar Pradesh,KANNAUJ,Small millets,1
Uttar Pradesh,KANNAUJ,Soyabean,2
Uttar Pradesh,KANNAUJ,Sugarcane,23
Uttar Pradesh,KANNAUJ,Sunflower,20
Uttar Pradesh,KANNAUJ,Sweet potato,16
Uttar Pradesh,KANNAUJ,Tobacco,22
Uttar Pradesh,KANNAUJ,Turmeric,10
Uttar Pradesh,KANNAUJ,Urad,40
Uttar Pradesh,KANNAUJ,Wheat,23
Uttar Pradesh,KANPUR DEHAT,Arhar/Tur,17
Uttar Pradesh,KANPUR DEHAT,Bajra,19
Uttar Pradesh,KANPUR DEHAT,Banana,10
Uttar Pradesh,KANPUR DEHAT,Barley,20
Uttar Pradesh,KANPUR DEHAT,Coriander,14
Uttar Pradesh,KANPUR DEHAT,Cotton(lint),1
Uttar Pradesh,KANPUR DEHAT,Dry chillies,16
Uttar Pradesh,KANPUR DEHAT,Garlic,14
Uttar Pradesh,KANPUR DEHAT,Gram,19
Uttar Pradesh,KANPUR DEHAT,Groundnut,12
Uttar Pradesh,KANPUR DEHAT,Guar seed,15
Uttar Pradesh,KANPUR DEHAT,Jowar,19
Uttar Pradesh,KANPUR DEHAT,Linseed,19
Uttar Pradesh,KANPUR DEHAT,Maize,48
Uttar Pradesh,KANPUR DEHAT,Masoor,17
Uttar Pradesh,KANPUR DEHAT,Moong(Green Gram),31
Uttar Pradesh,KANPUR DEHAT,Onion,31
Uttar Pradesh,KANPUR DEHAT,Other  Rabi pulses,2
Uttar Pradesh,KANPUR DEHAT,Other Kharif pulses,1
Uttar Pradesh,KANPUR DEHAT,Peas & beans (Pulses),15
Uttar Pradesh,KANPUR DEHAT,Potato,19
Uttar Pradesh,KANPUR DEHAT,Rapeseed &Mustard,19
Uttar Pradesh,KANPUR DEHAT,Rice,20
Uttar Pradesh,KANPUR DEHAT,Sannhamp,17
Uttar Pradesh,KANPUR DEHAT,Sesamum,19
Uttar Pradesh,KANPUR DEHAT,Small millets,6
Uttar Pradesh,KANPUR DEHAT,Soyabean,18
Uttar Pradesh,KANPUR DEHAT,Sugarcane,19
Uttar Pradesh,KANPUR DEHAT,Sunflower,15
Uttar Pradesh,KANPUR DEHAT,Sweet potato,16
Uttar Pradesh,KANPUR DEHAT,Tobacco,2
Uttar Pradesh,KANPUR DEHAT,Turmeric,7
Uttar Pradesh,KANPUR DEHAT,Urad,32
Uttar Pradesh,KANPUR DEHAT,Wheat,19
Uttar Pradesh,KANPUR NAGAR,Arhar/Tur,20
Uttar Pradesh,KANPUR NAGAR,Bajra,23
Uttar Pradesh,KANPUR NAGAR,Barley,23
Uttar Pradesh,KANPUR NAGAR,Castor seed,4
Uttar Pradesh,KANPUR NAGAR,Coriander,14
Uttar Pradesh,KANPUR NAGAR,Cotton(lint),4
Uttar Pradesh,KANPUR NAGAR,Dry chillies,16
Uttar Pradesh,KANPUR NAGAR,Garlic,13
Uttar Pradesh,KANPUR NAGAR,Ginger,5
Uttar Pradesh,KANPUR NAGAR,Gram,23
Uttar Pradesh,KANPUR NAGAR,Groundnut,22
Uttar Pradesh,KANPUR NAGAR,Guar seed,14
Uttar Pradesh,KANPUR NAGAR,Jowar,23
Uttar Pradesh,KANPUR NAGAR,Linseed,19
Uttar Pradesh,KANPUR NAGAR,Maize,55
Uttar Pradesh,KANPUR NAGAR,Masoor,20
Uttar Pradesh,KANPUR NAGAR,Moong(Green Gram),40
Uttar Pradesh,KANPUR NAGAR,Moth,2
Uttar Pradesh,KANPUR NAGAR,Onion,35
Uttar Pradesh,KANPUR NAGAR,Other  Rabi pulses,2
Uttar Pradesh,KANPUR NAGAR,Other Kharif pulses,1
Uttar Pradesh,KANPUR NAGAR,Peas & beans (Pulses),19
Uttar Pradesh,KANPUR NAGAR,Potato,23
Uttar Pradesh,KANPUR NAGAR,Rapeseed &Mustard,23
Uttar Pradesh,KANPUR NAGAR,Rice,26
Uttar Pradesh,KANPUR NAGAR,Sannhamp,19
Uttar Pradesh,KANPUR NAGAR,Sesamum,22
Uttar Pradesh,KANPUR NAGAR,Small millets,12
Uttar Pradesh,KANPUR NAGAR,Soyabean,14
Uttar Pradesh,KANPUR NAGAR,Sugarcane,23
Uttar Pradesh,KANPUR NAGAR,Sunflower,19
Uttar Pradesh,KANPUR NAGAR,Sweet potato,16
Uttar Pradesh,KANPUR NAGAR,Tobacco,30
Uttar Pradesh,KANPUR NAGAR,Turmeric,15
Uttar Pradesh,KANPUR NAGAR,Urad,40
Uttar Pradesh,KANPUR NAGAR,Wheat,23
Uttar Pradesh,KASGANJ,Arhar/Tur,11
Uttar Pradesh,KASGANJ,Bajra,11
Uttar Pradesh,KASGANJ,Banana,3
Uttar Pradesh,KASGANJ,Barley,11
Uttar Pradesh,KASGANJ,Coriander,10
Uttar Pradesh,KASGANJ,Dry chillies,10
Uttar Pradesh,KASGANJ,Garlic,10
Uttar Pradesh,KASGANJ,Gram,9
Uttar Pradesh,KASGANJ,Groundnut,11
Uttar Pradesh,KASGANJ,Guar seed,5
Uttar Pradesh,KASGANJ,Jowar,11
Uttar Pradesh,KASGANJ,Linseed,1
Uttar Pradesh,KASGANJ,Maize,24
Uttar Pradesh,KASGANJ,Masoor,11
Uttar Pradesh,KASGANJ,Moong(Green Gram),22
Uttar Pradesh,KASGANJ,Onion,21
Uttar Pradesh,KASGANJ,Peas & beans (Pulses),6
Uttar Pradesh,KASGANJ,Potato,11
Uttar Pradesh,KASGANJ,Rapeseed &Mustard,11
Uttar Pradesh,KASGANJ,Rice,14
Uttar Pradesh,KASGANJ,Sannhamp,1
Uttar Pradesh,KASGANJ,Sesamum,11
Uttar Pradesh,KASGANJ,Sugarcane,11
Uttar Pradesh,KASGANJ,Sunflower,8
Uttar Pradesh,KASGANJ,Sweet potato,11
Uttar Pradesh,KASGANJ,Tobacco,19
Uttar Pradesh,KASGANJ,Turmeric,10
Uttar Pradesh,KASGANJ,Urad,22
Uttar Pradesh,KASGANJ,Wheat,11
Uttar Pradesh,KAUSHAMBI,Arhar/Tur,20
Uttar Pradesh,KAUSHAMBI,Bajra,23
Uttar Pradesh,KAUSHAMBI,Banana,14
Uttar Pradesh,KAUSHAMBI,Barley,23
Uttar Pradesh,KAUSHAMBI,Coriander,14
Uttar Pradesh,KAUSHAMBI,Dry chillies,16
Uttar Pradesh,KAUSHAMBI,Garlic,14
Uttar Pradesh,KAUSHAMBI,Gram,23
Uttar Pradesh,KAUSHAMBI,Groundnut,22
Uttar Pradesh,KAUSHAMBI,Guar seed,16
Uttar Pradesh,KAUSHAMBI,Jowar,23
Uttar Pradesh,KAUSHAMBI,Linseed,16
Uttar Pradesh,KAUSHAMBI,Maize,53
Uttar Pradesh,KAUSHAMBI,Masoor,20
Uttar Pradesh,KAUSHAMBI,Moong(Green Gram),40
Uttar Pradesh,KAUSHAMBI,Onion,34
Uttar Pradesh,KAUSHAMBI,Other  Rabi pulses,2
Uttar Pradesh,KAUSHAMBI,Other Kharif pulses,1
Uttar Pradesh,KAUSHAMBI,Peas & beans (Pulses),19
Uttar Pradesh,KAUSHAMBI,Potato,23
Uttar Pradesh,KAUSHAMBI,Rapeseed &Mustard,23
Uttar Pradesh,KAUSHAMBI,Rice,23
Uttar Pradesh,KAUSHAMBI,Sannhamp,16
Uttar Pradesh,KAUSHAMBI,Sesamum,22
Uttar Pradesh,KAUSHAMBI,Small millets,16
Uttar Pradesh,KAUSHAMBI,Sugarcane,23
Uttar Pradesh,KAUSHAMBI,Sunflower,17
Uttar Pradesh,KAUSHAMBI,Sweet potato,16
Uttar Pradesh,KAUSHAMBI,Tobacco,14
Uttar Pradesh,KAUSHAMBI,Turmeric,21
Uttar Pradesh,KAUSHAMBI,Urad,40
Uttar Pradesh,KAUSHAMBI,Wheat,23
Uttar Pradesh,KHERI,Arhar/Tur,20
Uttar Pradesh,KHERI,Bajra,23
Uttar Pradesh,KHERI,Banana,14
Uttar Pradesh,KHERI,Barley,23
Uttar Pradesh,KHERI,Castor seed,2
Uttar Pradesh,KHERI,Coriander,14
Uttar Pradesh,KHERI,Dry chillies,16
Uttar Pradesh,KHERI,Garlic,14
Uttar Pradesh,KHERI,Ginger,13
Uttar Pradesh,KHERI,Gram,23
Uttar Pradesh,KHERI,Groundnut,22
Uttar Pradesh,KHERI,Guar seed,15
Uttar Pradesh,KHERI,Jowar,23
Uttar Pradesh,KHERI,Jute,3
Uttar Pradesh,KHERI,Linseed,17
Uttar Pradesh,KHERI,Maize,58
Uttar Pradesh,KHERI,Masoor,20
Uttar Pradesh,KHERI,Moong(Green Gram),39
Uttar Pradesh,KHERI,Moth,1
Uttar Pradesh,KHERI,Onion,35
Uttar Pradesh,KHERI,Other  Rabi pulses,2
Uttar Pradesh,KHERI,Other Kharif pulses,1
Uttar Pradesh,KHERI,Peas & beans (Pulses),19
Uttar Pradesh,KHERI,Potato,23
Uttar Pradesh,KHERI,Rapeseed &Mustard,23
Uttar Pradesh,KHERI,Rice,44
Uttar Pradesh,KHERI,Sannhamp,7
Uttar Pradesh,KHERI,Sesamum,22
Uttar Pradesh,KHERI,Small millets,21
Uttar Pradesh,KHERI,Soyabean,5
Uttar Pradesh,KHERI,Sugarcane,23
Uttar Pradesh,KHERI,Sunflower,12
Uttar Pradesh,KHERI,Sweet potato,16
Uttar Pradesh,KHERI,Tobacco,2
Uttar Pradesh,KHERI,Turmeric,21
Uttar Pradesh,KHERI,Urad,40
Uttar Pradesh,KHERI,Wheat,23
Uttar Pradesh,KUSHI NAGAR,Arhar/Tur,20
Uttar Pradesh,KUSHI NAGAR,Bajra,23
Uttar Pradesh,KUSHI NAGAR,Banana,14
Uttar Pradesh,KUSHI NAGAR,Barley,22
Uttar Pradesh,KUSHI NAGAR,Coriander,14
Uttar Pradesh,KUSHI NAGAR,Cotton(lint),2
Uttar Pradesh,KUSHI NAGAR,Dry chillies,16
Uttar Pradesh,KUSHI NAGAR,Garlic,14
Uttar Pradesh,KUSHI NAGAR,Ginger,9
Uttar Pradesh,KUSHI NAGAR,Gram,19
Uttar Pradesh,KUSHI NAGAR,Groundnut,22
Uttar Pradesh,KUSHI NAGAR,Guar seed,10
Uttar Pradesh,KUSHI NAGAR,Jowar,17
Uttar Pradesh,KUSHI NAGAR,Linseed,15
Uttar Pradesh,KUSHI NAGAR,Maize,60
Uttar Pradesh,KUSHI NAGAR,Masoor,20
Uttar Pradesh,KUSHI NAGAR,Moong(Green Gram),34
Uttar Pradesh,KUSHI NAGAR,Moth,4
Uttar Pradesh,KUSHI NAGAR,Onion,34
Uttar Pradesh,KUSHI NAGAR,Other  Rabi pulses,2
Uttar Pradesh,KUSHI NAGAR,Other Kharif pulses,1
Uttar Pradesh,KUSHI NAGAR,Peas & beans (Pulses),19
Uttar Pradesh,KUSHI NAGAR,Potato,23
Uttar Pradesh,KUSHI NAGAR,Ragi,4
Uttar Pradesh,KUSHI NAGAR,Rapeseed &Mustard,23
Uttar Pradesh,KUSHI NAGAR,Rice,25
Uttar Pradesh,KUSHI NAGAR,Sannhamp,19
Uttar Pradesh,KUSHI NAGAR,Sesamum,22
Uttar Pradesh,KUSHI NAGAR,Small millets,20
Uttar Pradesh,KUSHI NAGAR,Sugarcane,23
Uttar Pradesh,KUSHI NAGAR,Sunflower,11
Uttar Pradesh,KUSHI NAGAR,Sweet potato,16
Uttar Pradesh,KUSHI NAGAR,Turmeric,21
Uttar Pradesh,KUSHI NAGAR,Urad,40
Uttar Pradesh,KUSHI NAGAR,Wheat,23
Uttar Pradesh,LALITPUR,Arhar/Tur,14
Uttar Pradesh,LALITPUR,Bajra,6
Uttar Pradesh,LALITPUR,Barley,23
Uttar Pradesh,LALITPUR,Coriander,13
Uttar Pradesh,LALITPUR,Dry chillies,15
Uttar Pradesh,LALITPUR,Garlic,11
Uttar Pradesh,LALITPUR,Ginger,13
Uttar Pradesh,LALITPUR,Gram,23
Uttar Pradesh,LALITPUR,Groundnut,22
Uttar Pradesh,LALITPUR,Jowar,23
Uttar Pradesh,LALITPUR,Linseed,18
Uttar Pradesh,LALITPUR,Maize,25
Uttar Pradesh,LALITPUR,Masoor,20
Uttar Pradesh,LALITPUR,Moong(Green Gram),40
Uttar Pradesh,LALITPUR,Moth,1
Uttar Pradesh,LALITPUR,Onion,33
Uttar Pradesh,LALITPUR,Other  Rabi pulses,2
Uttar Pradesh,LALITPUR,Other Kharif pulses,1
Uttar Pradesh,LALITPUR,Peas & beans (Pulses),19
Uttar Pradesh,LALITPUR,Potato,23
Uttar Pradesh,LALITPUR,Rapeseed &Mustard,23
Uttar Pradesh,LALITPUR,Rice,26
Uttar Pradesh,LALITPUR,Sannhamp,10
Uttar Pradesh,LALITPUR,Sesamum,22
Uttar Pradesh,LALITPUR,Small millets,22
Uttar Pradesh,LALITPUR,Soyabean,23
Uttar Pradesh,LALITPUR,Sugarcane,23
Uttar Pradesh,LALITPUR,Sunflower,14
Uttar Pradesh,LALITPUR,Sweet potato,15
Uttar Pradesh,LALITPUR,Turmeric,15
Uttar Pradesh,LALITPUR,Urad,39
Uttar Pradesh,LALITPUR,Wheat,23
Uttar Pradesh,LUCKNOW,Arhar/Tur,20
Uttar Pradesh,LUCKNOW,Bajra,23
Uttar Pradesh,LUCKNOW,Banana,13
Uttar Pradesh,LUCKNOW,Barley,23
Uttar Pradesh,LUCKNOW,Coriander,14
Uttar Pradesh,LUCKNOW,Cotton(lint),1
Uttar Pradesh,LUCKNOW,Dry chillies,16
Uttar Pradesh,LUCKNOW,Garlic,14
Uttar Pradesh,LUCKNOW,Gram,23
Uttar Pradesh,LUCKNOW,Groundnut,22
Uttar Pradesh,LUCKNOW,Guar seed,12
Uttar Pradesh,LUCKNOW,Jowar,23
Uttar Pradesh,LUCKNOW,Linseed,18
Uttar Pradesh,LUCKNOW,Maize,53
Uttar Pradesh,LUCKNOW,Masoor,20
Uttar Pradesh,LUCKNOW,Moong(Green Gram),38
Uttar Pradesh,LUCKNOW,Moth,2
Uttar Pradesh,LUCKNOW,Onion,35
Uttar Pradesh,LUCKNOW,Other  Rabi pulses,2
Uttar Pradesh,LUCKNOW,Other Kharif pulses,1
Uttar Pradesh,LUCKNOW,Peas & beans (Pulses),19
Uttar Pradesh,LUCKNOW,Potato,23
Uttar Pradesh,LUCKNOW,Ragi,2
Uttar Pradesh,LUCKNOW,Rapeseed &Mustard,23
Uttar Pradesh,LUCKNOW,Rice,30
Uttar Pradesh,LUCKNOW,Sannhamp,1
Uttar Pradesh,LUCKNOW,Sesamum,22
Uttar Pradesh,LUCKNOW,Small millets,22
Uttar Pradesh,LUCKNOW,Soyabean,5
Uttar Pradesh,LUCKNOW,Sugarcane,23
Uttar Pradesh,LUCKNOW,Sunflower,10
Uttar Pradesh,LUCKNOW,Sweet potato,16
Uttar Pradesh,LUCKNOW,Tobacco,4
Uttar Pradesh,LUCKNOW,Turmeric,10
Uttar Pradesh,LUCKNOW,Urad,40
Uttar Pradesh,LUCKNOW,Wheat,23
Uttar Pradesh,MAHARAJGANJ,Arhar/Tur,20
Uttar Pradesh,MAHARAJGANJ,Bajra,13
Uttar Pradesh,MAHARAJGANJ,Banana,14
Uttar Pradesh,MAHARAJGANJ,Barley,22
Uttar Pradesh,MAHARAJGANJ,Coriander,14
Uttar Pradesh,MAHARAJGANJ,Dry chillies,16
Uttar Pradesh,MAHARAJGANJ,Garlic,7
Uttar Pradesh,MAHARAJGANJ,Ginger,4
Uttar Pradesh,MAHARAJGANJ,Gram,21
Uttar Pradesh,MAHARAJGANJ,Groundnut,22
Uttar Pradesh,MAHARAJGANJ,Guar seed,6
Uttar Pradesh,MAHARAJGANJ,Jowar,4
Uttar Pradesh,MAHARAJGANJ,Linseed,23
Uttar Pradesh,MAHARAJGANJ,Maize,58
Uttar Pradesh,MAHARAJGANJ,Masoor,20
Uttar Pradesh,MAHARAJGANJ,Moong(Green Gram),24
Uttar Pradesh,MAHARAJGANJ,Onion,34
Uttar Pradesh,MAHARAJGANJ,Other  Rabi pulses,2
Uttar Pradesh,MAHARAJGANJ,Other Kharif pulses,1
Uttar Pradesh,MAHARAJGANJ,Peas & beans (Pulses),19
Uttar Pradesh,MAHARAJGANJ,Potato,23
Uttar Pradesh,MAHARAJGANJ,Ragi,3
Uttar Pradesh,MAHARAJGANJ,Rapeseed &Mustard,23
Uttar Pradesh,MAHARAJGANJ,Rice,42
Uttar Pradesh,MAHARAJGANJ,Sannhamp,5
Uttar Pradesh,MAHARAJGANJ,Sesamum,21
Uttar Pradesh,MAHARAJGANJ,Small millets,15
Uttar Pradesh,MAHARAJGANJ,Soyabean,1
Uttar Pradesh,MAHARAJGANJ,Sugarcane,23
Uttar Pradesh,MAHARAJGANJ,Sunflower,16
Uttar Pradesh,MAHARAJGANJ,Sweet potato,14
Uttar Pradesh,MAHARAJGANJ,Tobacco,1
Uttar Pradesh,MAHARAJGANJ,Turmeric,19
Uttar Pradesh,MAHARAJGANJ,Urad,39
Uttar Pradesh,MAHARAJGANJ,Wheat,23
Uttar Pradesh,MAHOBA,Arhar/Tur,20
Uttar Pradesh,MAHOBA,Bajra,17
Uttar Pradesh,MAHOBA,Barley,23
Uttar Pradesh,MAHOBA,Coriander,14
Uttar Pradesh,MAHOBA,Dry chillies,15
Uttar Pradesh,MAHOBA,Garlic,9
Uttar Pradesh,MAHOBA,Gram,23
Uttar Pradesh,MAHOBA,Groundnut,22
Uttar Pradesh,MAHOBA,Guar seed,10
Uttar Pradesh,MAHOBA,Jowar,23
Uttar Pradesh,MAHOBA,Linseed,23
Uttar Pradesh,MAHOBA,Maize,24
Uttar Pradesh,MAHOBA,Masoor,20
Uttar Pradesh,MAHOBA,Moong(Green Gram),23
Uttar Pradesh,MAHOBA,Moth,5
Uttar Pradesh,MAHOBA,Onion,25
Uttar Pradesh,MAHOBA,Other  Rabi pulses,2
Uttar Pradesh,MAHOBA,Other Kharif pulses,1
Uttar Pradesh,MAHOBA,Peas & beans (Pulses),19
Uttar Pradesh,MAHOBA,Potato,23
Uttar Pradesh,MAHOBA,Rapeseed &Mustard,23
Uttar Pradesh,MAHOBA,Rice,23
Uttar Pradesh,MAHOBA,Sannhamp,19
Uttar Pradesh,MAHOBA,Sesamum,22
Uttar Pradesh,MAHOBA,Small millets,21
Uttar Pradesh,MAHOBA,Soyabean,21
Uttar Pradesh,MAHOBA,Sugarcane,23
Uttar Pradesh,MAHOBA,Sunflower,11
Uttar Pradesh,MAHOBA,Sweet potato,14
Uttar Pradesh,MAHOBA,Tobacco,13
Uttar Pradesh,MAHOBA,Turmeric,1
Uttar Pradesh,MAHOBA,Urad,20
Uttar Pradesh,MAHOBA,Wheat,23
Uttar Pradesh,MAINPURI,Arhar/Tur,20
Uttar Pradesh,MAINPURI,Bajra,23
Uttar Pradesh,MAINPURI,Banana,10
Uttar Pradesh,MAINPURI,Barley,23
Uttar Pradesh,MAINPURI,Coriander,14
Uttar Pradesh,MAINPURI,Dry chillies,16
Uttar Pradesh,MAINPURI,Garlic,14
Uttar Pradesh,MAINPURI,Gram,23
Uttar Pradesh,MAINPURI,Groundnut,22
Uttar Pradesh,MAINPURI,Guar seed,16
Uttar Pradesh,MAINPURI,Jowar,22
Uttar Pradesh,MAINPURI,Linseed,4
Uttar Pradesh,MAINPURI,Maize,50
Uttar Pradesh,MAINPURI,Masoor,20
Uttar Pradesh,MAINPURI,Moong(Green Gram),40
Uttar Pradesh,MAINPURI,Moth,2
Uttar Pradesh,MAINPURI,Onion,35
Uttar Pradesh,MAINPURI,Other  Rabi pulses,2
Uttar Pradesh,MAINPURI,Other Kharif pulses,1
Uttar Pradesh,MAINPURI,Peas & beans (Pulses),19
Uttar Pradesh,MAINPURI,Potato,23
Uttar Pradesh,MAINPURI,Rapeseed &Mustard,23
Uttar Pradesh,MAINPURI,Rice,35
Uttar Pradesh,MAINPURI,Sannhamp,7
Uttar Pradesh,MAINPURI,Sesamum,22
Uttar Pradesh,MAINPURI,Sugarcane,23
Uttar Pradesh,MAINPURI,Sunflower,22
Uttar Pradesh,MAINPURI,Sweet potato,16
Uttar Pradesh,MAINPURI,Tobacco,14
Uttar Pradesh,MAINPURI,Turmeric,8
Uttar Pradesh,MAINPURI,Urad,40
Uttar Pradesh,MAINPURI,Wheat,23
Uttar Pradesh,MATHURA,Arhar/Tur,20
Uttar Pradesh,MATHURA,Bajra,23
Uttar Pradesh,MATHURA,Banana,7
Uttar Pradesh,MATHURA,Barley,23
Uttar Pradesh,MATHURA,Coriander,5
Uttar Pradesh,MATHURA,Cotton(lint),21
Uttar Pradesh,MATHURA,Dry chillies,16
Uttar Pradesh,MATHURA,Garlic,10
Uttar Pradesh,MATHURA,Gram,21
Uttar Pradesh,MATHURA,Groundnut,5
Uttar Pradesh,MATHURA,Guar seed,16
Uttar Pradesh,MATHURA,Jowar,23
Uttar Pradesh,MATHURA,Linseed,1
Uttar Pradesh,MATHURA,Maize,44
Uttar Pradesh,MATHURA,Masoor,20
Uttar Pradesh,MATHURA,Moong(Green Gram),40
Uttar Pradesh,MATHURA,Moth,3
Uttar Pradesh,MATHURA,Onion,32
Uttar Pradesh,MATHURA,Other  Rabi pulses,2
Uttar Pradesh,MATHURA,Other Kharif pulses,1
Uttar Pradesh,MATHURA,Peas & beans (Pulses),18
Uttar Pradesh,MATHURA,Potato,23
Uttar Pradesh,MATHURA,Rapeseed &Mustard,23
Uttar Pradesh,MATHURA,Rice,24
Uttar Pradesh,MATHURA,Sannhamp,7
Uttar Pradesh,MATHURA,Sesamum,22
Uttar Pradesh,MATHURA,Small millets,3
Uttar Pradesh,MATHURA,Soyabean,1
Uttar Pradesh,MATHURA,Sugarcane,23
Uttar Pradesh,MATHURA,Sunflower,8
Uttar Pradesh,MATHURA,Sweet potato,16
Uttar Pradesh,MATHURA,Tobacco,2
Uttar Pradesh,MATHURA,Urad,26
Uttar Pradesh,MATHURA,Wheat,23
Uttar Pradesh,MAU,Arhar/Tur,20
Uttar Pradesh,MAU,Bajra,23
Uttar Pradesh,MAU,Banana,6
Uttar Pradesh,MAU,Barley,23
Uttar Pradesh,MAU,Coriander,14
Uttar Pradesh,MAU,Dry chillies,12
Uttar Pradesh,MAU,Garlic,14
Uttar Pradesh,MAU,Ginger,2
Uttar Pradesh,MAU,Gram,23
Uttar Pradesh,MAU,Groundnut,22
Uttar Pradesh,MAU,Guar seed,4
Uttar Pradesh,MAU,Jowar,21
Uttar Pradesh,MAU,Linseed,8
Uttar Pradesh,MAU,Maize,54
Uttar Pradesh,MAU,Masoor,20
Uttar Pradesh,MAU,Moong(Green Gram),33
Uttar Pradesh,MAU,Moth,1
Uttar Pradesh,MAU,Onion,34
Uttar Pradesh,MAU,Other  Rabi pulses,2
Uttar Pradesh,MAU,Other Kharif pulses,1
Uttar Pradesh,MAU,Peas & beans (Pulses),19
Uttar Pradesh,MAU,Potato,23
Uttar Pradesh,MAU,Ragi,3
Uttar Pradesh,MAU,Rapeseed &Mustard,23
Uttar Pradesh,MAU,Rice,23
Uttar Pradesh,MAU,Sannhamp,3
Uttar Pradesh,MAU,Sesamum,21
Uttar Pradesh,MAU,Small millets,24
Uttar Pradesh,MAU,Soyabean,2
Uttar Pradesh,MAU,Sugarcane,23
Uttar Pradesh,MAU,Sunflower,14
Uttar Pradesh,MAU,Sweet potato,13
Uttar Pradesh,MAU,Turmeric,3
Uttar Pradesh,MAU,Urad,35
Uttar Pradesh,MAU,Wheat,23
Uttar Pradesh,MEERUT,Arhar/Tur,20
Uttar Pradesh,MEERUT,Bajra,22
Uttar Pradesh,MEERUT,Banana,3
Uttar Pradesh,MEERUT,Barley,23
Uttar Pradesh,MEERUT,Castor seed,1
Uttar Pradesh,MEERUT,Coriander,14
Uttar Pradesh,MEERUT,Cotton(lint),19
Uttar Pradesh,MEERUT,Dry chillies,16
Uttar Pradesh,MEERUT,Garlic,6
Uttar Pradesh,MEERUT,Gram,22
Uttar Pradesh,MEERUT,Groundnut,2
Uttar Pradesh,MEERUT,Guar seed,4
Uttar Pradesh,MEERUT,Jowar,10
Uttar Pradesh,MEERUT,Linseed,1
Uttar Pradesh,MEERUT,Maize,47
Uttar Pradesh,MEERUT,Masoor,20
Uttar Pradesh,MEERUT,Moong(Green Gram),40
Uttar Pradesh,MEERUT,Moth,1
Uttar Pradesh,MEERUT,Onion,34
Uttar Pradesh,MEERUT,Other  Rabi pulses,2
Uttar Pradesh,MEERUT,Other Kharif pulses,1
Uttar Pradesh,MEERUT,Peas & beans (Pulses),19
Uttar Pradesh,MEERUT,Potato,23
Uttar Pradesh,MEERUT,Rapeseed &Mustard,23
Uttar Pradesh,MEERUT,Rice,30
Uttar Pradesh,MEERUT,Sannhamp,3
Uttar Pradesh,MEERUT,Sesamum,7
Uttar Pradesh,MEERUT,Small millets,1
Uttar Pradesh,MEERUT,Sugarcane,23
Uttar Pradesh,MEERUT,Sunflower,8
Uttar Pradesh,MEERUT,Sweet potato,14
Uttar Pradesh,MEERUT,Turmeric,15
Uttar Pradesh,MEERUT,Urad,40
Uttar Pradesh,MEERUT,Wheat,23
Uttar Pradesh,MIRZAPUR,Arhar/Tur,20
Uttar Pradesh,MIRZAPUR,Bajra,23
Uttar Pradesh,MIRZAPUR,Banana,9
Uttar Pradesh,MIRZAPUR,Barley,23
Uttar Pradesh,MIRZAPUR,Castor seed,1
Uttar Pradesh,MIRZAPUR,Coriander,4
Uttar Pradesh,MIRZAPUR,Dry chillies,16
Uttar Pradesh,MIRZAPUR,Garlic,6
Uttar Pradesh,MIRZAPUR,Ginger,1
Uttar Pradesh,MIRZAPUR,Gram,23
Uttar Pradesh,MIRZAPUR,Groundnut,22
Uttar Pradesh,MIRZAPUR,Guar seed,15
Uttar Pradesh,MIRZAPUR,Jowar,23
Uttar Pradesh,MIRZAPUR,Linseed,23
Uttar Pradesh,MIRZAPUR,Maize,52
Uttar Pradesh,MIRZAPUR,Masoor,20
Uttar Pradesh,MIRZAPUR,Moong(Green Gram),36
Uttar Pradesh,MIRZAPUR,Moth,6
Uttar Pradesh,MIRZAPUR,Onion,34
Uttar Pradesh,MIRZAPUR,Other  Rabi pulses,2
Uttar Pradesh,MIRZAPUR,Other Kharif pulses,1
Uttar Pradesh,MIRZAPUR,Peas & beans (Pulses),19
Uttar Pradesh,MIRZAPUR,Potato,23
Uttar Pradesh,MIRZAPUR,Ragi,3
Uttar Pradesh,MIRZAPUR,Rapeseed &Mustard,23
Uttar Pradesh,MIRZAPUR,Rice,23
Uttar Pradesh,MIRZAPUR,Sannhamp,19
Uttar Pradesh,MIRZAPUR,Sesamum,22
Uttar Pradesh,MIRZAPUR,Small millets,14
Uttar Pradesh,MIRZAPUR,Soyabean,3
Uttar Pradesh,MIRZAPUR,Sugarcane,23
Uttar Pradesh,MIRZAPUR,Sunflower,12
Uttar Pradesh,MIRZAPUR,Sweet potato,3
Uttar Pradesh,MIRZAPUR,Tobacco,1
Uttar Pradesh,MIRZAPUR,Turmeric,9
Uttar Pradesh,MIRZAPUR,Urad,37
Uttar Pradesh,MIRZAPUR,Wheat,23
Uttar Pradesh,MORADABAD,Arhar/Tur,19
Uttar Pradesh,MORADABAD,Bajra,23
Uttar Pradesh,MORADABAD,Banana,12
Uttar Pradesh,MORADABAD,Barley,23
Uttar Pradesh,MORADABAD,Coriander,6
Uttar Pradesh,MORADABAD,Dry chillies,16
Uttar Pradesh,MORADABAD,Garlic,13
Uttar Pradesh,MORADABAD,Gram,22
Uttar Pradesh,MORADABAD,Groundnut,10
Uttar Pradesh,MORADABAD,Guar seed,15
Uttar Pradesh,MORADABAD,Jowar,23
Uttar Pradesh,MORADABAD,Linseed,5
Uttar Pradesh,MORADABAD,Maize,46
Uttar Pradesh,MORADABAD,Masoor,20
Uttar Pradesh,MORADABAD,Moong(Green Gram),33
Uttar Pradesh,MORADABAD,Moth,4
Uttar Pradesh,MORADABAD,Onion,35
Uttar Pradesh,MORADABAD,Other  Rabi pulses,2
Uttar Pradesh,MORADABAD,Other Kharif pulses,1
Uttar Pradesh,MORADABAD,Peas & beans (Pulses),19
Uttar Pradesh,MORADABAD,Potato,23
Uttar Pradesh,MORADABAD,Ragi,1
Uttar Pradesh,MORADABAD,Rapeseed &Mustard,23
Uttar Pradesh,MORADABAD,Rice,42
Uttar Pradesh,MORADABAD,Sannhamp,4
Uttar Pradesh,MORADABAD,Sesamum,22
Uttar Pradesh,MORADABAD,Small millets,5
Uttar Pradesh,MORADABAD,Soyabean,3
Uttar Pradesh,MORADABAD,Sugarcane,23
Uttar Pradesh,MORADABAD,Sunflower,11
Uttar Pradesh,MORADABAD,Sweet potato,16
Uttar Pradesh,MORADABAD,Tobacco,12
Uttar Pradesh,MORADABAD,Turmeric,13
Uttar Pradesh,MORADABAD,Urad,39
Uttar Pradesh,MORADABAD,Wheat,23
Uttar Pradesh,MUZAFFARNAGAR,Arhar/Tur,20
Uttar Pradesh,MUZAFFARNAGAR,Bajra,6
Uttar Pradesh,MUZAFFARNAGAR,Banana,14
Uttar Pradesh,MUZAFFARNAGAR,Barley,23
Uttar Pradesh,MUZAFFARNAGAR,Coriander,8
Uttar Pradesh,MUZAFFARNAGAR,Cotton(lint),19
Uttar Pradesh,MUZAFFARNAGAR,Dry chillies,16
Uttar Pradesh,MUZAFFARNAGAR,Garlic,14
Uttar Pradesh,MUZAFFARNAGAR,Gram,23
Uttar Pradesh,MUZAFFARNAGAR,Groundnut,13
Uttar Pradesh,MUZAFFARNAGAR,Jowar,6
Uttar Pradesh,MUZAFFARNAGAR,Linseed,8
Uttar Pradesh,MUZAFFARNAGAR,Maize,46
Uttar Pradesh,MUZAFFARNAGAR,Masoor,20
Uttar Pradesh,MUZAFFARNAGAR,Moong(Green Gram),39
Uttar Pradesh,MUZAFFARNAGAR,Moth,1
Uttar Pradesh,MUZAFFARNAGAR,Onion,35
Uttar Pradesh,MUZAFFARNAGAR,Other  Rabi pulses,2
Uttar Pradesh,MUZAFFARNAGAR,Other Kharif pulses,1
Uttar Pradesh,MUZAFFARNAGAR,Peas & beans (Pulses),19
Uttar Pradesh,MUZAFFARNAGAR,Potato,23
Uttar Pradesh,MUZAFFARNAGAR,Ragi,1
Uttar Pradesh,MUZAFFARNAGAR,Rapeseed &Mustard,23
Uttar Pradesh,MUZAFFARNAGAR,Rice,34
Uttar Pradesh,MUZAFFARNAGAR,Sannhamp,7
Uttar Pradesh,MUZAFFARNAGAR,Sesamum,11
Uttar Pradesh,MUZAFFARNAGAR,Small millets,2
Uttar Pradesh,MUZAFFARNAGAR,Soyabean,5
Uttar Pradesh,MUZAFFARNAGAR,Sugarcane,23
Uttar Pradesh,MUZAFFARNAGAR,Sunflower,10
Uttar Pradesh,MUZAFFARNAGAR,Sweet potato,14
Uttar Pradesh,MUZAFFARNAGAR,Tobacco,2
Uttar Pradesh,MUZAFFARNAGAR,Turmeric,16
Uttar Pradesh,MUZAFFARNAGAR,Urad,40
Uttar Pradesh,MUZAFFARNAGAR,Wheat,23
Uttar Pradesh,NAINITAL,Arhar/Tur,3
Uttar Pradesh,NAINITAL,Barley,3
Uttar Pradesh,NAINITAL,Gram,3
Uttar Pradesh,NAINITAL,Groundnut,3
Uttar Pradesh,NAINITAL,Maize,3
Uttar Pradesh,NAINITAL,Masoor,2
Uttar Pradesh,NAINITAL,Moong(Green Gram),2
Uttar Pradesh,NAINITAL,Moth,1
Uttar Pradesh,NAINITAL,Onion,3
Uttar Pradesh,NAINITAL,Peas & beans (Pulses),3
Uttar Pradesh,NAINITAL,Potato,3
Uttar Pradesh,NAINITAL,Ragi,2
Uttar Pradesh,NAINITAL,Rapeseed &Mustard,3
Uttar Pradesh,NAINITAL,Rice,6
Uttar Pradesh,NAINITAL,Sesamum,2
Uttar Pradesh,NAINITAL,Small millets,3
Uttar Pradesh,NAINITAL,Soyabean,3
Uttar Pradesh,NAINITAL,Sugarcane,3
Uttar Pradesh,NAINITAL,Sunflower,3
Uttar Pradesh,NAINITAL,Turmeric,2
Uttar Pradesh,NAINITAL,Urad,6
Uttar Pradesh,NAINITAL,Wheat,3
Uttar Pradesh,PAURI GARHWAL,Arhar/Tur,3
Uttar Pradesh,PAURI GARHWAL,Barley,3
Uttar Pradesh,PAURI GARHWAL,Gram,3
Uttar Pradesh,PAURI GARHWAL,Maize,3
Uttar Pradesh,PAURI GARHWAL,Masoor,2
Uttar Pradesh,PAURI GARHWAL,Moth,2
Uttar Pradesh,PAURI GARHWAL,Onion,3
Uttar Pradesh,PAURI GARHWAL,Peas & beans (Pulses),3
Uttar Pradesh,PAURI GARHWAL,Potato,3
Uttar Pradesh,PAURI GARHWAL,Ragi,2
Uttar Pradesh,PAURI GARHWAL,Rapeseed &Mustard,3
Uttar Pradesh,PAURI GARHWAL,Rice,3
Uttar Pradesh,PAURI GARHWAL,Sesamum,2
Uttar Pradesh,PAURI GARHWAL,Small millets,3
Uttar Pradesh,PAURI GARHWAL,Soyabean,3
Uttar Pradesh,PAURI GARHWAL,Sugarcane,3
Uttar Pradesh,PAURI GARHWAL,Sunflower,2
Uttar Pradesh,PAURI GARHWAL,Tobacco,1
Uttar Pradesh,PAURI GARHWAL,Urad,3
Uttar Pradesh,PAURI GARHWAL,Wheat,3
Uttar Pradesh,PILIBHIT,Arhar/Tur,18
Uttar Pradesh,PILIBHIT,Bajra,13
Uttar Pradesh,PILIBHIT,Banana,10
Uttar Pradesh,PILIBHIT,Barley,22
Uttar Pradesh,PILIBHIT,Coriander,2
Uttar Pradesh,PILIBHIT,Cotton(lint),1
Uttar Pradesh,PILIBHIT,Dry chillies,9
Uttar Pradesh,PILIBHIT,Garlic,10
Uttar Pradesh,PILIBHIT,Ginger,2
Uttar Pradesh,PILIBHIT,Gram,21
Uttar Pradesh,PILIBHIT,Groundnut,22
Uttar Pradesh,PILIBHIT,Guar seed,13
Uttar Pradesh,PILIBHIT,Jowar,13
Uttar Pradesh,PILIBHIT,Linseed,10
Uttar Pradesh,PILIBHIT,Maize,47
Uttar Pradesh,PILIBHIT,Masoor,20
Uttar Pradesh,PILIBHIT,Moong(Green Gram),24
Uttar Pradesh,PILIBHIT,Moth,1
Uttar Pradesh,PILIBHIT,Onion,34
Uttar Pradesh,PILIBHIT,Other  Rabi pulses,2
Uttar Pradesh,PILIBHIT,Other Kharif pulses,1
Uttar Pradesh,PILIBHIT,Peas & beans (Pulses),19
Uttar Pradesh,PILIBHIT,Potato,23
Uttar Pradesh,PILIBHIT,Ragi,1
Uttar Pradesh,PILIBHIT,Rapeseed &Mustard,23
Uttar Pradesh,PILIBHIT,Rice,43
Uttar Pradesh,PILIBHIT,Sannhamp,3
Uttar Pradesh,PILIBHIT,Sesamum,22
Uttar Pradesh,PILIBHIT,Small millets,2
Uttar Pradesh,PILIBHIT,Soyabean,16
Uttar Pradesh,PILIBHIT,Sugarcane,23
Uttar Pradesh,PILIBHIT,Sunflower,20
Uttar Pradesh,PILIBHIT,Sweet potato,13
Uttar Pradesh,PILIBHIT,Tobacco,6
Uttar Pradesh,PILIBHIT,Turmeric,20
Uttar Pradesh,PILIBHIT,Urad,39
Uttar Pradesh,PILIBHIT,Wheat,23
Uttar Pradesh,PITHORAGARH,Arhar/Tur,3
Uttar Pradesh,PITHORAGARH,Barley,3
Uttar Pradesh,PITHORAGARH,Gram,3
Uttar Pradesh,PITHORAGARH,Maize,3
Uttar Pradesh,PITHORAGARH,Masoor,2
Uttar Pradesh,PITHORAGARH,Moth,1
Uttar Pradesh,PITHORAGARH,Onion,3
Uttar Pradesh,PITHORAGARH,Peas & beans (Pulses),3
Uttar Pradesh,PITHORAGARH,Potato,3
Uttar Pradesh,PITHORAGARH,Ragi,2
Uttar Pradesh,PITHORAGARH,Rapeseed &Mustard,3
Uttar Pradesh,PITHORAGARH,Rice,3
Uttar Pradesh,PITHORAGARH,Sesamum,2
Uttar Pradesh,PITHORAGARH,Small millets,3
Uttar Pradesh,PITHORAGARH,Soyabean,3
Uttar Pradesh,PITHORAGARH,Sugarcane,3
Uttar Pradesh,PITHORAGARH,Sunflower,3
Uttar Pradesh,PITHORAGARH,Tobacco,2
Uttar Pradesh,PITHORAGARH,Urad,3
Uttar Pradesh,PITHORAGARH,Wheat,3
Uttar Pradesh,PRATAPGARH,Arhar/Tur,20
Uttar Pradesh,PRATAPGARH,Bajra,23
Uttar Pradesh,PRATAPGARH,Banana,7
Uttar Pradesh,PRATAPGARH,Barley,23
Uttar Pradesh,PRATAPGARH,Coriander,14
Uttar Pradesh,PRATAPGARH,Dry chillies,15
Uttar Pradesh,PRATAPGARH,Garlic,14
Uttar Pradesh,PRATAPGARH,Gram,23
Uttar Pradesh,PRATAPGARH,Groundnut,12
Uttar Pradesh,PRATAPGARH,Guar seed,15
Uttar Pradesh,PRATAPGARH,Jowar,23
Uttar Pradesh,PRATAPGARH,Linseed,20
Uttar Pradesh,PRATAPGARH,Maize,51
Uttar Pradesh,PRATAPGARH,Masoor,20
Uttar Pradesh,PRATAPGARH,Moong(Green Gram),40
Uttar Pradesh,PRATAPGARH,Moth,2
Uttar Pradesh,PRATAPGARH,Onion,34
Uttar Pradesh,PRATAPGARH,Other  Rabi pulses,2
Uttar Pradesh,PRATAPGARH,Other Kharif pulses,1
Uttar Pradesh,PRATAPGARH,Peas & beans (Pulses),19
Uttar Pradesh,PRATAPGARH,Potato,23
Uttar Pradesh,PRATAPGARH,Ragi,4
Uttar Pradesh,PRATAPGARH,Rapeseed &Mustard,23
Uttar Pradesh,PRATAPGARH,Rice,23
Uttar Pradesh,PRATAPGARH,Sannhamp,18
Uttar Pradesh,PRATAPGARH,Sesamum,22
Uttar Pradesh,PRATAPGARH,Small millets,14
Uttar Pradesh,PRATAPGARH,Sugarcane,23
Uttar Pradesh,PRATAPGARH,Sunflower,4
Uttar Pradesh,PRATAPGARH,Sweet potato,16
Uttar Pradesh,PRATAPGARH,Tobacco,3
Uttar Pradesh,PRATAPGARH,Turmeric,3
Uttar Pradesh,PRATAPGARH,Urad,40
Uttar Pradesh,PRATAPGARH,Wheat,23
Uttar Pradesh,RAE BARELI,Arhar/Tur,20
Uttar Pradesh,RAE BARELI,Bajra,23
Uttar Pradesh,RAE BARELI,Banana,11
Uttar Pradesh,RAE BARELI,Barley,23
Uttar Pradesh,RAE BARELI,Coriander,14
Uttar Pradesh,RAE BARELI,Dry chillies,16
Uttar Pradesh,RAE BARELI,Garlic,14
Uttar Pradesh,RAE BARELI,Ginger,1
Uttar Pradesh,RAE BARELI,Gram,23
Uttar Pradesh,RAE BARELI,Groundnut,22
Uttar Pradesh,RAE BARELI,Guar seed,16
Uttar Pradesh,RAE BARELI,Jowar,23
Uttar Pradesh,RAE BARELI,Linseed,23
Uttar Pradesh,RAE BARELI,Maize,47
Uttar Pradesh,RAE BARELI,Masoor,20
Uttar Pradesh,RAE BARELI,Moong(Green Gram),39
Uttar Pradesh,RAE BARELI,Moth,6
Uttar Pradesh,RAE BARELI,Onion,35
Uttar Pradesh,RAE BARELI,Other  Rabi pulses,2
Uttar Pradesh,RAE BARELI,Other Kharif pulses,1
Uttar Pradesh,RAE BARELI,Peas & beans (Pulses),19
Uttar Pradesh,RAE BARELI,Potato,23
Uttar Pradesh,RAE BARELI,Ragi,4
Uttar Pradesh,RAE BARELI,Rapeseed &Mustard,23
Uttar Pradesh,RAE BARELI,Rice,30
Uttar Pradesh,RAE BARELI,Sannhamp,19
Uttar Pradesh,RAE BARELI,Sesamum,22
Uttar Pradesh,RAE BARELI,Small millets,11
Uttar Pradesh,RAE BARELI,Soyabean,1
Uttar Pradesh,RAE BARELI,Sugarcane,23
Uttar Pradesh,RAE BARELI,Sunflower,18
Uttar Pradesh,RAE BARELI,Sweet potato,16
Uttar Pradesh,RAE BARELI,Tobacco,19
Uttar Pradesh,RAE BARELI,Turmeric,21
Uttar Pradesh,RAE BARELI,Urad,40
Uttar Pradesh,RAE BARELI,Wheat,23
Uttar Pradesh,RAMPUR,Arhar/Tur,18
Uttar Pradesh,RAMPUR,Bajra,23
Uttar Pradesh,RAMPUR,Banana,4
Uttar Pradesh,RAMPUR,Barley,17
Uttar Pradesh,RAMPUR,Coriander,12
Uttar Pradesh,RAMPUR,Cotton(lint),1
Uttar Pradesh,RAMPUR,Dry chillies,16
Uttar Pradesh,RAMPUR,Garlic,13
Uttar Pradesh,RAMPUR,Gram,14
Uttar Pradesh,RAMPUR,Groundnut,19
Uttar Pradesh,RAMPUR,Guar seed,11
Uttar Pradesh,RAMPUR,Jowar,23
Uttar Pradesh,RAMPUR,Linseed,7
Uttar Pradesh,RAMPUR,Maize,49
Uttar Pradesh,RAMPUR,Masoor,20
Uttar Pradesh,RAMPUR,Moong(Green Gram),30
Uttar Pradesh,RAMPUR,Moth,1
Uttar Pradesh,RAMPUR,Onion,35
Uttar Pradesh,RAMPUR,Other  Rabi pulses,2
Uttar Pradesh,RAMPUR,Other Kharif pulses,1
Uttar Pradesh,RAMPUR,Peas & beans (Pulses),19
Uttar Pradesh,RAMPUR,Potato,23
Uttar Pradesh,RAMPUR,Rapeseed &Mustard,23
Uttar Pradesh,RAMPUR,Rice,44
Uttar Pradesh,RAMPUR,Sesamum,22
Uttar Pradesh,RAMPUR,Small millets,3
Uttar Pradesh,RAMPUR,Soyabean,18
Uttar Pradesh,RAMPUR,Sugarcane,23
Uttar Pradesh,RAMPUR,Sunflower,22
Uttar Pradesh,RAMPUR,Sweet potato,16
Uttar Pradesh,RAMPUR,Tobacco,1
Uttar Pradesh,RAMPUR,Turmeric,12
Uttar Pradesh,RAMPUR,Urad,30
Uttar Pradesh,RAMPUR,Wheat,23
Uttar Pradesh,RUDRA PRAYAG,Barley,2
Uttar Pradesh,RUDRA PRAYAG,Maize,2
Uttar Pradesh,RUDRA PRAYAG,Onion,1
Uttar Pradesh,RUDRA PRAYAG,Potato,1
Uttar Pradesh,RUDRA PRAYAG,Ragi,2
Uttar Pradesh,RUDRA PRAYAG,Rapeseed &Mustard,1
Uttar Pradesh,RUDRA PRAYAG,Rice,2
Uttar Pradesh,RUDRA PRAYAG,Small millets,2
Uttar Pradesh,RUDRA PRAYAG,Tobacco,1
Uttar Pradesh,RUDRA PRAYAG,Wheat,2
Uttar Pradesh,SAHARANPUR,Arhar/Tur,12
Uttar Pradesh,SAHARANPUR,Bajra,16
Uttar Pradesh,SAHARANPUR,Barley,23
Uttar Pradesh,SAHARANPUR,Coriander,9
Uttar Pradesh,SAHARANPUR,Cotton(lint),17
Uttar Pradesh,SAHARANPUR,Dry chillies,16
Uttar Pradesh,SAHARANPUR,Garlic,13
Uttar Pradesh,SAHARANPUR,Ginger,9
Uttar Pradesh,SAHARANPUR,Gram,23
Uttar Pradesh,SAHARANPUR,Groundnut,22
Uttar Pradesh,SAHARANPUR,Guar seed,13
Uttar Pradesh,SAHARANPUR,Linseed,2
Uttar Pradesh,SAHARANPUR,Maize,44
Uttar Pradesh,SAHARANPUR,Masoor,20
Uttar Pradesh,SAHARANPUR,Moong(Green Gram),20
Uttar Pradesh,SAHARANPUR,Moth,1
Uttar Pradesh,SAHARANPUR,Onion,35
Uttar Pradesh,SAHARANPUR,Other  Rabi pulses,2
Uttar Pradesh,SAHARANPUR,Other Kharif pulses,1
Uttar Pradesh,SAHARANPUR,Peas & beans (Pulses),19
Uttar Pradesh,SAHARANPUR,Potato,23
Uttar Pradesh,SAHARANPUR,Rapeseed &Mustard,23
Uttar Pradesh,SAHARANPUR,Rice,27
Uttar Pradesh,SAHARANPUR,Sannhamp,4
Uttar Pradesh,SAHARANPUR,Sesamum,22
Uttar Pradesh,SAHARANPUR,Small millets,1
Uttar Pradesh,SAHARANPUR,Soyabean,1
Uttar Pradesh,SAHARANPUR,Sugarcane,23
Uttar Pradesh,SAHARANPUR,Sunflower,5
Uttar Pradesh,SAHARANPUR,Sweet potato,14
Uttar Pradesh,SAHARANPUR,Tobacco,2
Uttar Pradesh,SAHARANPUR,Turmeric,20
Uttar Pradesh,SAHARANPUR,Urad,40
Uttar Pradesh,SAHARANPUR,Wheat,23
Uttar Pradesh,SAMBHAL,Arhar/Tur,8
Uttar Pradesh,SAMBHAL,Bajra,8
Uttar Pradesh,SAMBHAL,Banana,2
Uttar Pradesh,SAMBHAL,Barley,8
Uttar Pradesh,SAMBHAL,Coriander,8
Uttar Pradesh,SAMBHAL,Dry chillies,8
Uttar Pradesh,SAMBHAL,Garlic,8
Uttar Pradesh,SAMBHAL,Gram,4
Uttar Pradesh,SAMBHAL,Groundnut,7
Uttar Pradesh,SAMBHAL,Guar seed,5
Uttar Pradesh,SAMBHAL,Jowar,8
Uttar Pradesh,SAMBHAL,Linseed,2
Uttar Pradesh,SAMBHAL,Maize,20
Uttar Pradesh,SAMBHAL,Masoor,8
Uttar Pradesh,SAMBHAL,Moong(Green Gram),9
Uttar Pradesh,SAMBHAL,Onion,16
Uttar Pradesh,SAMBHAL,Peas & beans (Pulses),8
Uttar Pradesh,SAMBHAL,Potato,8
Uttar Pradesh,SAMBHAL,Rapeseed &Mustard,8
Uttar Pradesh,SAMBHAL,Rice,8
Uttar Pradesh,SAMBHAL,Sesamum,8
Uttar Pradesh,SAMBHAL,Sugarcane,8
Uttar Pradesh,SAMBHAL,Sunflower,2
Uttar Pradesh,SAMBHAL,Sweet potato,8
Uttar Pradesh,SAMBHAL,Tobacco,7
Uttar Pradesh,SAMBHAL,Turmeric,6
Uttar Pradesh,SAMBHAL,Urad,14
Uttar Pradesh,SAMBHAL,Wheat,8
Uttar Pradesh,SANT KABEER NAGAR,Arhar/Tur,20
Uttar Pradesh,SANT KABEER NAGAR,Bajra,21
Uttar Pradesh,SANT KABEER NAGAR,Banana,14
Uttar Pradesh,SANT KABEER NAGAR,Barley,23
Uttar Pradesh,SANT KABEER NAGAR,Coriander,14
Uttar Pradesh,SANT KABEER NAGAR,Cotton(lint),1
Uttar Pradesh,SANT KABEER NAGAR,Dry chillies,16
Uttar Pradesh,SANT KABEER NAGAR,Garlic,13
Uttar Pradesh,SANT KABEER NAGAR,Ginger,1
Uttar Pradesh,SANT KABEER NAGAR,Gram,23
Uttar Pradesh,SANT KABEER NAGAR,Groundnut,21
Uttar Pradesh,SANT KABEER NAGAR,Guar seed,14
Uttar Pradesh,SANT KABEER NAGAR,Jowar,8
Uttar Pradesh,SANT KABEER NAGAR,Linseed,20
Uttar Pradesh,SANT KABEER NAGAR,Maize,53
Uttar Pradesh,SANT KABEER NAGAR,Masoor,20
Uttar Pradesh,SANT KABEER NAGAR,Moong(Green Gram),8
Uttar Pradesh,SANT KABEER NAGAR,Onion,34
Uttar Pradesh,SANT KABEER NAGAR,Other  Rabi pulses,2
Uttar Pradesh,SANT KABEER NAGAR,Other Kharif pulses,1
Uttar Pradesh,SANT KABEER NAGAR,Peas & beans (Pulses),19
Uttar Pradesh,SANT KABEER NAGAR,Potato,23
Uttar Pradesh,SANT KABEER NAGAR,Ragi,2
Uttar Pradesh,SANT KABEER NAGAR,Rapeseed &Mustard,23
Uttar Pradesh,SANT KABEER NAGAR,Rice,41
Uttar Pradesh,SANT KABEER NAGAR,Sannhamp,6
Uttar Pradesh,SANT KABEER NAGAR,Sesamum,21
Uttar Pradesh,SANT KABEER NAGAR,Small millets,17
Uttar Pradesh,SANT KABEER NAGAR,Sugarcane,23
Uttar Pradesh,SANT KABEER NAGAR,Sunflower,7
Uttar Pradesh,SANT KABEER NAGAR,Sweet potato,15
Uttar Pradesh,SANT KABEER NAGAR,Turmeric,18
Uttar Pradesh,SANT KABEER NAGAR,Urad,27
Uttar Pradesh,SANT KABEER NAGAR,Wheat,23
Uttar Pradesh,SANT RAVIDAS NAGAR,Arhar/Tur,20
Uttar Pradesh,SANT RAVIDAS NAGAR,Bajra,23
Uttar Pradesh,SANT RAVIDAS NAGAR,Barley,23
Uttar Pradesh,SANT RAVIDAS NAGAR,Coriander,1
Uttar Pradesh,SANT RAVIDAS NAGAR,Cotton(lint),1
Uttar Pradesh,SANT RAVIDAS NAGAR,Dry chillies,11
Uttar Pradesh,SANT RAVIDAS NAGAR,Garlic,2
Uttar Pradesh,SANT RAVIDAS NAGAR,Ginger,4
Uttar Pradesh,SANT RAVIDAS NAGAR,Gram,23
Uttar Pradesh,SANT RAVIDAS NAGAR,Groundnut,2
Uttar Pradesh,SANT RAVIDAS NAGAR,Guar seed,15
Uttar Pradesh,SANT RAVIDAS NAGAR,Jowar,23
Uttar Pradesh,SANT RAVIDAS NAGAR,Linseed,15
Uttar Pradesh,SANT RAVIDAS NAGAR,Maize,29
Uttar Pradesh,SANT RAVIDAS NAGAR,Masoor,13
Uttar Pradesh,SANT RAVIDAS NAGAR,Moong(Green Gram),32
Uttar Pradesh,SANT RAVIDAS NAGAR,Onion,33
Uttar Pradesh,SANT RAVIDAS NAGAR,Other  Rabi pulses,2
Uttar Pradesh,SANT RAVIDAS NAGAR,Other Kharif pulses,1
Uttar Pradesh,SANT RAVIDAS NAGAR,Peas & beans (Pulses),19
Uttar Pradesh,SANT RAVIDAS NAGAR,Potato,23
Uttar Pradesh,SANT RAVIDAS NAGAR,Ragi,2
Uttar Pradesh,SANT RAVIDAS NAGAR,Rapeseed &Mustard,23
Uttar Pradesh,SANT RAVIDAS NAGAR,Rice,24
Uttar Pradesh,SANT RAVIDAS NAGAR,Sannhamp,19
Uttar Pradesh,SANT RAVIDAS NAGAR,Sesamum,22
Uttar Pradesh,SANT RAVIDAS NAGAR,Small millets,4
Uttar Pradesh,SANT RAVIDAS NAGAR,Soyabean,1
Uttar Pradesh,SANT RAVIDAS NAGAR,Sugarcane,23
Uttar Pradesh,SANT RAVIDAS NAGAR,Sunflower,7
Uttar Pradesh,SANT RAVIDAS NAGAR,Sweet potato,10
Uttar Pradesh,SANT RAVIDAS NAGAR,Urad,40
Uttar Pradesh,SANT RAVIDAS NAGAR,Wheat,23
Uttar Pradesh,SHAHJAHANPUR,Arhar/Tur,20
Uttar Pradesh,SHAHJAHANPUR,Bajra,23
Uttar Pradesh,SHAHJAHANPUR,Banana,10
Uttar Pradesh,SHAHJAHANPUR,Barley,23
Uttar Pradesh,SHAHJAHANPUR,Coriander,14
Uttar Pradesh,SHAHJAHANPUR,Cotton(lint),2
Uttar Pradesh,SHAHJAHANPUR,Dry chillies,16
Uttar Pradesh,SHAHJAHANPUR,Garlic,13
Uttar Pradesh,SHAHJAHANPUR,Gram,23
Uttar Pradesh,SHAHJAHANPUR,Groundnut,22
Uttar Pradesh,SHAHJAHANPUR,Guar seed,15
Uttar Pradesh,SHAHJAHANPUR,Jowar,23
Uttar Pradesh,SHAHJAHANPUR,Linseed,15
Uttar Pradesh,SHAHJAHANPUR,Maize,52
Uttar Pradesh,SHAHJAHANPUR,Masoor,20
Uttar Pradesh,SHAHJAHANPUR,Moong(Green Gram),38
Uttar Pradesh,SHAHJAHANPUR,Moth,3
Uttar Pradesh,SHAHJAHANPUR,Onion,35
Uttar Pradesh,SHAHJAHANPUR,Other  Rabi pulses,2
Uttar Pradesh,SHAHJAHANPUR,Other Kharif pulses,1
Uttar Pradesh,SHAHJAHANPUR,Peas & beans (Pulses),19
Uttar Pradesh,SHAHJAHANPUR,Potato,23
Uttar Pradesh,SHAHJAHANPUR,Rapeseed &Mustard,23
Uttar Pradesh,SHAHJAHANPUR,Rice,43
Uttar Pradesh,SHAHJAHANPUR,Sannhamp,6
Uttar Pradesh,SHAHJAHANPUR,Sesamum,22
Uttar Pradesh,SHAHJAHANPUR,Soyabean,21
Uttar Pradesh,SHAHJAHANPUR,Sugarcane,23
Uttar Pradesh,SHAHJAHANPUR,Sunflower,17
Uttar Pradesh,SHAHJAHANPUR,Sweet potato,16
Uttar Pradesh,SHAHJAHANPUR,Tobacco,31
Uttar Pradesh,SHAHJAHANPUR,Turmeric,17
Uttar Pradesh,SHAHJAHANPUR,Urad,40
Uttar Pradesh,SHAHJAHANPUR,Wheat,23
Uttar Pradesh,SHAMLI,Arhar/Tur,2
Uttar Pradesh,SHAMLI,Banana,3
Uttar Pradesh,SHAMLI,Barley,8
Uttar Pradesh,SHAMLI,Cotton(lint),3
Uttar Pradesh,SHAMLI,Dry chillies,8
Uttar Pradesh,SHAMLI,Garlic,8
Uttar Pradesh,SHAMLI,Gram,6
Uttar Pradesh,SHAMLI,Maize,10
Uttar Pradesh,SHAMLI,Masoor,8
Uttar Pradesh,SHAMLI,Moong(Green Gram),8
Uttar Pradesh,SHAMLI,Onion,16
Uttar Pradesh,SHAMLI,Peas & beans (Pulses),8
Uttar Pradesh,SHAMLI,Potato,8
Uttar Pradesh,SHAMLI,Rapeseed &Mustard,8
Uttar Pradesh,SHAMLI,Rice,16
Uttar Pradesh,SHAMLI,Sesamum,8
Uttar Pradesh,SHAMLI,Sugarcane,8
Uttar Pradesh,SHAMLI,Sunflower,1
Uttar Pradesh,SHAMLI,Sweet potato,6
Uttar Pradesh,SHAMLI,Tobacco,1
Uttar Pradesh,SHAMLI,Turmeric,4
Uttar Pradesh,SHAMLI,Urad,16
Uttar Pradesh,SHAMLI,Wheat,8
Uttar Pradesh,SHRAVASTI,Arhar/Tur,20
Uttar Pradesh,SHRAVASTI,Bajra,15
Uttar Pradesh,SHRAVASTI,Banana,13
Uttar Pradesh,SHRAVASTI,Barley,23
Uttar Pradesh,SHRAVASTI,Coriander,13
Uttar Pradesh,SHRAVASTI,Dry chillies,14
Uttar Pradesh,SHRAVASTI,Garlic,13
Uttar Pradesh,SHRAVASTI,Gram,23
Uttar Pradesh,SHRAVASTI,Groundnut,22
Uttar Pradesh,SHRAVASTI,Guar seed,16
Uttar Pradesh,SHRAVASTI,Jowar,21
Uttar Pradesh,SHRAVASTI,Jute,3
Uttar Pradesh,SHRAVASTI,Linseed,20
Uttar Pradesh,SHRAVASTI,Maize,54
Uttar Pradesh,SHRAVASTI,Masoor,20
Uttar Pradesh,SHRAVASTI,Moong(Green Gram),17
Uttar Pradesh,SHRAVASTI,Moth,1
Uttar Pradesh,SHRAVASTI,Onion,34
Uttar Pradesh,SHRAVASTI,Other  Rabi pulses,2
Uttar Pradesh,SHRAVASTI,Other Kharif pulses,1
Uttar Pradesh,SHRAVASTI,Peas & beans (Pulses),19
Uttar Pradesh,SHRAVASTI,Potato,23
Uttar Pradesh,SHRAVASTI,Ragi,1
Uttar Pradesh,SHRAVASTI,Rapeseed &Mustard,23
Uttar Pradesh,SHRAVASTI,Rice,24
Uttar Pradesh,SHRAVASTI,Sannhamp,1
Uttar Pradesh,SHRAVASTI,Sesamum,22
Uttar Pradesh,SHRAVASTI,Small millets,10
Uttar Pradesh,SHRAVASTI,Soyabean,1
Uttar Pradesh,SHRAVASTI,Sugarcane,23
Uttar Pradesh,SHRAVASTI,Sunflower,2
Uttar Pradesh,SHRAVASTI,Sweet potato,15
Uttar Pradesh,SHRAVASTI,Turmeric,12
Uttar Pradesh,SHRAVASTI,Urad,37
Uttar Pradesh,SHRAVASTI,Wheat,23
Uttar Pradesh,SIDDHARTH NAGAR,Arhar/Tur,20
Uttar Pradesh,SIDDHARTH NAGAR,Bajra,10
Uttar Pradesh,SIDDHARTH NAGAR,Banana,11
Uttar Pradesh,SIDDHARTH NAGAR,Barley,23
Uttar Pradesh,SIDDHARTH NAGAR,Coriander,14
Uttar Pradesh,SIDDHARTH NAGAR,Dry chillies,5
Uttar Pradesh,SIDDHARTH NAGAR,Garlic,13
Uttar Pradesh,SIDDHARTH NAGAR,Gram,21
Uttar Pradesh,SIDDHARTH NAGAR,Groundnut,22
Uttar Pradesh,SIDDHARTH NAGAR,Guar seed,16
Uttar Pradesh,SIDDHARTH NAGAR,Jowar,10
Uttar Pradesh,SIDDHARTH NAGAR,Linseed,23
Uttar Pradesh,SIDDHARTH NAGAR,Maize,51
Uttar Pradesh,SIDDHARTH NAGAR,Masoor,20
Uttar Pradesh,SIDDHARTH NAGAR,Moong(Green Gram),9
Uttar Pradesh,SIDDHARTH NAGAR,Onion,34
Uttar Pradesh,SIDDHARTH NAGAR,Other  Rabi pulses,2
Uttar Pradesh,SIDDHARTH NAGAR,Other Kharif pulses,1
Uttar Pradesh,SIDDHARTH NAGAR,Peas & beans (Pulses),19
Uttar Pradesh,SIDDHARTH NAGAR,Potato,23
Uttar Pradesh,SIDDHARTH NAGAR,Ragi,4
Uttar Pradesh,SIDDHARTH NAGAR,Rapeseed &Mustard,23
Uttar Pradesh,SIDDHARTH NAGAR,Rice,29
Uttar Pradesh,SIDDHARTH NAGAR,Sannhamp,1
Uttar Pradesh,SIDDHARTH NAGAR,Sesamum,6
Uttar Pradesh,SIDDHARTH NAGAR,Small millets,10
Uttar Pradesh,SIDDHARTH NAGAR,Soyabean,1
Uttar Pradesh,SIDDHARTH NAGAR,Sugarcane,23
Uttar Pradesh,SIDDHARTH NAGAR,Sunflower,5
Uttar Pradesh,SIDDHARTH NAGAR,Sweet potato,16
Uttar Pradesh,SIDDHARTH NAGAR,Tobacco,1
Uttar Pradesh,SIDDHARTH NAGAR,Turmeric,1
Uttar Pradesh,SIDDHARTH NAGAR,Urad,27
Uttar Pradesh,SIDDHARTH NAGAR,Wheat,23
Uttar Pradesh,SITAPUR,Arhar/Tur,20
Uttar Pradesh,SITAPUR,Bajra,23
Uttar Pradesh,SITAPUR,Banana,14
Uttar Pradesh,SITAPUR,Barley,23
Uttar Pradesh,SITAPUR,Castor seed,1
Uttar Pradesh,SITAPUR,Coriander,14
Uttar Pradesh,SITAPUR,Cotton(lint),7
Uttar Pradesh,SITAPUR,Dry chillies,16
Uttar Pradesh,SITAPUR,Garlic,14
Uttar Pradesh,SITAPUR,Ginger,2
Uttar Pradesh,SITAPUR,Gram,23
Uttar Pradesh,SITAPUR,Groundnut,22
Uttar Pradesh,SITAPUR,Guar seed,15
Uttar Pradesh,SITAPUR,Jowar,23
Uttar Pradesh,SITAPUR,Linseed,18
Uttar Pradesh,SITAPUR,Maize,56
Uttar Pradesh,SITAPUR,Masoor,20
Uttar Pradesh,SITAPUR,Moong(Green Gram),29
Uttar Pradesh,SITAPUR,Moth,2
Uttar Pradesh,SITAPUR,Onion,35
Uttar Pradesh,SITAPUR,Other  Rabi pulses,2
Uttar Pradesh,SITAPUR,Other Kharif pulses,1
Uttar Pradesh,SITAPUR,Peas & beans (Pulses),19
Uttar Pradesh,SITAPUR,Potato,23
Uttar Pradesh,SITAPUR,Ragi,3
Uttar Pradesh,SITAPUR,Rapeseed &Mustard,23
Uttar Pradesh,SITAPUR,Rice,37
Uttar Pradesh,SITAPUR,Sannhamp,9
Uttar Pradesh,SITAPUR,Sesamum,22
Uttar Pradesh,SITAPUR,Small millets,22
Uttar Pradesh,SITAPUR,Soyabean,8
Uttar Pradesh,SITAPUR,Sugarcane,23
Uttar Pradesh,SITAPUR,Sunflower,13
Uttar Pradesh,SITAPUR,Sweet potato,16
Uttar Pradesh,SITAPUR,Tobacco,26
Uttar Pradesh,SITAPUR,Turmeric,21
Uttar Pradesh,SITAPUR,Urad,40
Uttar Pradesh,SITAPUR,Wheat,23
Uttar Pradesh,SONBHADRA,Arhar/Tur,20
Uttar Pradesh,SONBHADRA,Bajra,22
Uttar Pradesh,SONBHADRA,Banana,3
Uttar Pradesh,SONBHADRA,Barley,23
Uttar Pradesh,SONBHADRA,Coriander,14
Uttar Pradesh,SONBHADRA,Dry chillies,16
Uttar Pradesh,SONBHADRA,Garlic,13
Uttar Pradesh,SONBHADRA,Ginger,3
Uttar Pradesh,SONBHADRA,Gram,23
Uttar Pradesh,SONBHADRA,Groundnut,22
Uttar Pradesh,SONBHADRA,Guar seed,8
Uttar Pradesh,SONBHADRA,Jowar,23
Uttar Pradesh,SONBHADRA,Linseed,23
Uttar Pradesh,SONBHADRA,Maize,46
Uttar Pradesh,SONBHADRA,Masoor,20
Uttar Pradesh,SONBHADRA,Moong(Green Gram),37
Uttar Pradesh,SONBHADRA,Moth,3
Uttar Pradesh,SONBHADRA,Onion,33
Uttar Pradesh,SONBHADRA,Other  Rabi pulses,2
Uttar Pradesh,SONBHADRA,Other Kharif pulses,1
Uttar Pradesh,SONBHADRA,Peas & beans (Pulses),19
Uttar Pradesh,SONBHADRA,Potato,23
Uttar Pradesh,SONBHADRA,Ragi,4
Uttar Pradesh,SONBHADRA,Rapeseed &Mustard,23
Uttar Pradesh,SONBHADRA,Rice,23
Uttar Pradesh,SONBHADRA,Sannhamp,18
Uttar Pradesh,SONBHADRA,Sesamum,22
Uttar Pradesh,SONBHADRA,Small millets,22
Uttar Pradesh,SONBHADRA,Sugarcane,23
Uttar Pradesh,SONBHADRA,Sunflower,6
Uttar Pradesh,SONBHADRA,Sweet potato,14
Uttar Pradesh,SONBHADRA,Turmeric,19
Uttar Pradesh,SONBHADRA,Urad,28
Uttar Pradesh,SONBHADRA,Wheat,23
Uttar Pradesh,SULTANPUR,Arhar/Tur,20
Uttar Pradesh,SULTANPUR,Bajra,23
Uttar Pradesh,SULTANPUR,Banana,12
Uttar Pradesh,SULTANPUR,Barley,23
Uttar Pradesh,SULTANPUR,Castor seed,1
Uttar Pradesh,SULTANPUR,Coriander,14
Uttar Pradesh,SULTANPUR,Dry chillies,14
Uttar Pradesh,SULTANPUR,Garlic,14
Uttar Pradesh,SULTANPUR,Gram,23
Uttar Pradesh,SULTANPUR,Groundnut,20
Uttar Pradesh,SULTANPUR,Guar seed,16
Uttar Pradesh,SULTANPUR,Jowar,23
Uttar Pradesh,SULTANPUR,Linseed,23
Uttar Pradesh,SULTANPUR,Maize,58
Uttar Pradesh,SULTANPUR,Masoor,20
Uttar Pradesh,SULTANPUR,Moong(Green Gram),39
Uttar Pradesh,SULTANPUR,Moth,3
Uttar Pradesh,SULTANPUR,Onion,35
Uttar Pradesh,SULTANPUR,Other  Rabi pulses,2
Uttar Pradesh,SULTANPUR,Other Kharif pulses,1
Uttar Pradesh,SULTANPUR,Peas & beans (Pulses),19
Uttar Pradesh,SULTANPUR,Potato,23
Uttar Pradesh,SULTANPUR,Ragi,3
Uttar Pradesh,SULTANPUR,Rapeseed &Mustard,23
Uttar Pradesh,SULTANPUR,Rice,28
Uttar Pradesh,SULTANPUR,Sannhamp,15
Uttar Pradesh,SULTANPUR,Sesamum,22
Uttar Pradesh,SULTANPUR,Small millets,22
Uttar Pradesh,SULTANPUR,Sugarcane,23
Uttar Pradesh,SULTANPUR,Sunflower,22
Uttar Pradesh,SULTANPUR,Sweet potato,16
Uttar Pradesh,SULTANPUR,Tobacco,3
Uttar Pradesh,SULTANPUR,Turmeric,2
Uttar Pradesh,SULTANPUR,Urad,40
Uttar Pradesh,SULTANPUR,Wheat,23
Uttar Pradesh,TEHRI GARHWAL,Arhar/Tur,3
Uttar Pradesh,TEHRI GARHWAL,Barley,3
Uttar Pradesh,TEHRI GARHWAL,Gram,3
Uttar Pradesh,TEHRI GARHWAL,Maize,3
Uttar Pradesh,TEHRI GARHWAL,Masoor,2
Uttar Pradesh,TEHRI GARHWAL,Moth,1
Uttar Pradesh,TEHRI GARHWAL,Onion,3
Uttar Pradesh,TEHRI GARHWAL,Peas & beans (Pulses),3
Uttar Pradesh,TEHRI GARHWAL,Potato,3
Uttar Pradesh,TEHRI GARHWAL,Ragi,2
Uttar Pradesh,TEHRI GARHWAL,Rapeseed &Mustard,3
Uttar Pradesh,TEHRI GARHWAL,Rice,3
Uttar Pradesh,TEHRI GARHWAL,Sesamum,2
Uttar Pradesh,TEHRI GARHWAL,Small millets,3
Uttar Pradesh,TEHRI GARHWAL,Soyabean,3
Uttar Pradesh,TEHRI GARHWAL,Sunflower,1
Uttar Pradesh,TEHRI GARHWAL,Tobacco,2
Uttar Pradesh,TEHRI GARHWAL,Urad,3
Uttar Pradesh,TEHRI GARHWAL,Wheat,3
Uttar Pradesh,UDAM SINGH NAGAR,Arhar/Tur,3
Uttar Pradesh,UDAM SINGH NAGAR,Bajra,1
Uttar Pradesh,UDAM SINGH NAGAR,Barley,3
Uttar Pradesh,UDAM SINGH NAGAR,Gram,3
Uttar Pradesh,UDAM SINGH NAGAR,Groundnut,3
Uttar Pradesh,UDAM SINGH NAGAR,Linseed,3
Uttar Pradesh,UDAM SINGH NAGAR,Maize,6
Uttar Pradesh,UDAM SINGH NAGAR,Masoor,2
Uttar Pradesh,UDAM SINGH NAGAR,Moong(Green Gram),6
Uttar Pradesh,UDAM SINGH NAGAR,Onion,2
Uttar Pradesh,UDAM SINGH NAGAR,Peas & beans (Pulses),3
Uttar Pradesh,UDAM SINGH NAGAR,Potato,3
Uttar Pradesh,UDAM SINGH NAGAR,Rapeseed &Mustard,3
Uttar Pradesh,UDAM SINGH NAGAR,Rice,6
Uttar Pradesh,UDAM SINGH NAGAR,Sannhamp,1
Uttar Pradesh,UDAM SINGH NAGAR,Sesamum,2
Uttar Pradesh,UDAM SINGH NAGAR,Soyabean,3
Uttar Pradesh,UDAM SINGH NAGAR,Sugarcane,3
Uttar Pradesh,UDAM SINGH NAGAR,Sunflower,3
Uttar Pradesh,UDAM SINGH NAGAR,Turmeric,2
Uttar Pradesh,UDAM SINGH NAGAR,Urad,6
Uttar Pradesh,UDAM SINGH NAGAR,Wheat,3
Uttar Pradesh,UNNAO,Arhar/Tur,20
Uttar Pradesh,UNNAO,Bajra,23
Uttar Pradesh,UNNAO,Banana,9
Uttar Pradesh,UNNAO,Barley,23
Uttar Pradesh,UNNAO,Castor seed,1
Uttar Pradesh,UNNAO,Coriander,14
Uttar Pradesh,UNNAO,Dry chillies,16
Uttar Pradesh,UNNAO,Garlic,14
Uttar Pradesh,UNNAO,Ginger,1
Uttar Pradesh,UNNAO,Gram,23
Uttar Pradesh,UNNAO,Groundnut,22
Uttar Pradesh,UNNAO,Guar seed,15
Uttar Pradesh,UNNAO,Jowar,23
Uttar Pradesh,UNNAO,Jute,1
Uttar Pradesh,UNNAO,Linseed,23
Uttar Pradesh,UNNAO,Maize,52
Uttar Pradesh,UNNAO,Masoor,20
Uttar Pradesh,UNNAO,Moong(Green Gram),39
Uttar Pradesh,UNNAO,Moth,6
Uttar Pradesh,UNNAO,Onion,35
Uttar Pradesh,UNNAO,Other  Rabi pulses,2
Uttar Pradesh,UNNAO,Other Kharif pulses,1
Uttar Pradesh,UNNAO,Peas & beans (Pulses),19
Uttar Pradesh,UNNAO,Potato,23
Uttar Pradesh,UNNAO,Ragi,3
Uttar Pradesh,UNNAO,Rapeseed &Mustard,23
Uttar Pradesh,UNNAO,Rice,28
Uttar Pradesh,UNNAO,Sannhamp,10
Uttar Pradesh,UNNAO,Sesamum,22
Uttar Pradesh,UNNAO,Small millets,12
Uttar Pradesh,UNNAO,Soyabean,6
Uttar Pradesh,UNNAO,Sugarcane,23
Uttar Pradesh,UNNAO,Sunflower,21
Uttar Pradesh,UNNAO,Sweet potato,16
Uttar Pradesh,UNNAO,Tobacco,14
Uttar Pradesh,UNNAO,Turmeric,21
Uttar Pradesh,UNNAO,Urad,40
Uttar Pradesh,UNNAO,Wheat,23
Uttar Pradesh,UTTAR KASHI,Arhar/Tur,3
Uttar Pradesh,UTTAR KASHI,Barley,3
Uttar Pradesh,UTTAR KASHI,Gram,3
Uttar Pradesh,UTTAR KASHI,Maize,3
Uttar Pradesh,UTTAR KASHI,Masoor,2
Uttar Pradesh,UTTAR KASHI,Moth,1
Uttar Pradesh,UTTAR KASHI,Onion,3
Uttar Pradesh,UTTAR KASHI,Peas & beans (Pulses),3
Uttar Pradesh,UTTAR KASHI,Potato,3
Uttar Pradesh,UTTAR KASHI,Ragi,2
Uttar Pradesh,UTTAR KASHI,Rapeseed &Mustard,3
Uttar Pradesh,UTTAR KASHI,Rice,3
Uttar Pradesh,UTTAR KASHI,Sesamum,2
Uttar Pradesh,UTTAR KASHI,Small millets,3
Uttar Pradesh,UTTAR KASHI,Soyabean,3
Uttar Pradesh,UTTAR KASHI,Sunflower,3
Uttar Pradesh,UTTAR KASHI,Tobacco,2
Uttar Pradesh,UTTAR KASHI,Urad,3
Uttar Pradesh,UTTAR KASHI,Wheat,3
Uttar Pradesh,VARANASI,Arhar/Tur,20
Uttar Pradesh,VARANASI,Bajra,23
Uttar Pradesh,VARANASI,Banana,3
Uttar Pradesh,VARANASI,Barley,23
Uttar Pradesh,VARANASI,Coriander,14
Uttar Pradesh,VARANASI,Dry chillies,16
Uttar Pradesh,VARANASI,Garlic,12
Uttar Pradesh,VARANASI,Gram,23
Uttar Pradesh,VARANASI,Groundnut,11
Uttar Pradesh,VARANASI,Guar seed,16
Uttar Pradesh,VARANASI,Jowar,23
Uttar Pradesh,VARANASI,Linseed,17
Uttar Pradesh,VARANASI,Maize,55
Uttar Pradesh,VARANASI,Masoor,20
Uttar Pradesh,VARANASI,Moong(Green Gram),40
Uttar Pradesh,VARANASI,Moth,4
Uttar Pradesh,VARANASI,Onion,35
Uttar Pradesh,VARANASI,Other  Rabi pulses,2
Uttar Pradesh,VARANASI,Other Kharif pulses,1
Uttar Pradesh,VARANASI,Peas & beans (Pulses),19
Uttar Pradesh,VARANASI,Potato,23
Uttar Pradesh,VARANASI,Ragi,1
Uttar Pradesh,VARANASI,Rapeseed &Mustard,23
Uttar Pradesh,VARANASI,Rice,23
Uttar Pradesh,VARANASI,Sannhamp,19
Uttar Pradesh,VARANASI,Sesamum,22
Uttar Pradesh,VARANASI,Small millets,4
Uttar Pradesh,VARANASI,Sugarcane,23
Uttar Pradesh,VARANASI,Sunflower,5
Uttar Pradesh,VARANASI,Sweet potato,16
Uttar Pradesh,VARANASI,Turmeric,5
Uttar Pradesh,VARANASI,Urad,38
Uttar Pradesh,VARANASI,Wheat,23
Uttarakhand,ALMORA,Arhar/Tur,17
Uttarakhand,ALMORA,Barley,21
Uttarakhand,ALMORA,Dry chillies,1
Uttarakhand,ALMORA,Garlic,40
Uttarakhand,ALMORA,Gram,17
Uttarakhand,ALMORA,Groundnut,7
Uttarakhand,ALMORA,Horse-gram,21
Uttarakhand,ALMORA,Maize,21
Uttarakhand,ALMORA,Masoor,21
Uttarakhand,ALMORA,Moth,1
Uttarakhand,ALMORA,Onion,21
Uttarakhand,ALMORA,Other  Rabi pulses,1
Uttarakhand,ALMORA,Other Cereals,22
Uttarakhand,ALMORA,Other Kharif pulses,21
Uttarakhand,ALMORA,Peas & beans (Pulses),21
Uttarakhand,ALMORA,Potato,39
Uttarakhand,ALMORA,Ragi,21
Uttarakhand,ALMORA,Rapeseed &Mustard,21
Uttarakhand,ALMORA,Rice,21
Uttarakhand,ALMORA,Sesamum,21
Uttarakhand,ALMORA,Small millets,15
Uttarakhand,ALMORA,Soyabean,21
Uttarakhand,ALMORA,Sunflower,4
Uttarakhand,ALMORA,Turmeric,10
Uttarakhand,ALMORA,Urad,21
Uttarakhand,ALMORA,Wheat,21
Uttarakhand,ALMORA,other oilseeds,13
Uttarakhand,BAGESHWAR,Arhar/Tur,11
Uttarakhand,BAGESHWAR,Bajra,1
Uttarakhand,BAGESHWAR,Barley,21
Uttarakhand,BAGESHWAR,Dry chillies,1
Uttarakhand,BAGESHWAR,Garlic,40
Uttarakhand,BAGESHWAR,Gram,17
Uttarakhand,BAGESHWAR,Groundnut,2
Uttarakhand,BAGESHWAR,Horse-gram,21
Uttarakhand,BAGESHWAR,Maize,21
Uttarakhand,BAGESHWAR,Masoor,21
Uttarakhand,BAGESHWAR,Moth,1
Uttarakhand,BAGESHWAR,Onion,21
Uttarakhand,BAGESHWAR,Other  Rabi pulses,4
Uttarakhand,BAGESHWAR,Other Cereals,21
Uttarakhand,BAGESHWAR,Other Kharif pulses,21
Uttarakhand,BAGESHWAR,Peas & beans (Pulses),19
Uttarakhand,BAGESHWAR,Potato,38
Uttarakhand,BAGESHWAR,Ragi,21
Uttarakhand,BAGESHWAR,Rapeseed &Mustard,21
Uttarakhand,BAGESHWAR,Rice,21
Uttarakhand,BAGESHWAR,Sesamum,18
Uttarakhand,BAGESHWAR,Small millets,15
Uttarakhand,BAGESHWAR,Soyabean,19
Uttarakhand,BAGESHWAR,Sunflower,1
Uttarakhand,BAGESHWAR,Tobacco,1
Uttarakhand,BAGESHWAR,Turmeric,14
Uttarakhand,BAGESHWAR,Urad,21
Uttarakhand,BAGESHWAR,Wheat,21
Uttarakhand,BAGESHWAR,other oilseeds,7
Uttarakhand,CHAMOLI,Arhar/Tur,21
Uttarakhand,CHAMOLI,Barley,21
Uttarakhand,CHAMOLI,Dry chillies,1
Uttarakhand,CHAMOLI,Garlic,37
Uttarakhand,CHAMOLI,Gram,2
Uttarakhand,CHAMOLI,Horse-gram,21
Uttarakhand,CHAMOLI,Maize,21
Uttarakhand,CHAMOLI,Masoor,21
Uttarakhand,CHAMOLI,Moth,1
Uttarakhand,CHAMOLI,Onion,21
Uttarakhand,CHAMOLI,Other  Rabi pulses,2
Uttarakhand,CHAMOLI,Other Cereals,31
Uttarakhand,CHAMOLI,Other Kharif pulses,21
Uttarakhand,CHAMOLI,Peas & beans (Pulses),21
Uttarakhand,CHAMOLI,Potato,39
Uttarakhand,CHAMOLI,Ragi,21
Uttarakhand,CHAMOLI,Rapeseed &Mustard,21
Uttarakhand,CHAMOLI,Rice,21
Uttarakhand,CHAMOLI,Sesamum,21
Uttarakhand,CHAMOLI,Small millets,15
Uttarakhand,CHAMOLI,Soyabean,21
Uttarakhand,CHAMOLI,Sugarcane,2
Uttarakhand,CHAMOLI,Sunflower,1
Uttarakhand,CHAMOLI,Tobacco,1
Uttarakhand,CHAMOLI,Turmeric,9
Uttarakhand,CHAMOLI,Urad,21
Uttarakhand,CHAMOLI,Wheat,21
Uttarakhand,CHAMOLI,other oilseeds,21
Uttarakhand,CHAMPAWAT,Arhar/Tur,17
Uttarakhand,CHAMPAWAT,Bajra,1
Uttarakhand,CHAMPAWAT,Barley,21
Uttarakhand,CHAMPAWAT,Dry chillies,1
Uttarakhand,CHAMPAWAT,Garlic,38
Uttarakhand,CHAMPAWAT,Gram,21
Uttarakhand,CHAMPAWAT,Groundnut,14
Uttarakhand,CHAMPAWAT,Horse-gram,19
Uttarakhand,CHAMPAWAT,Linseed,1
Uttarakhand,CHAMPAWAT,Maize,42
Uttarakhand,CHAMPAWAT,Masoor,21
Uttarakhand,CHAMPAWAT,Moong(Green Gram),5
Uttarakhand,CHAMPAWAT,Moth,2
Uttarakhand,CHAMPAWAT,Onion,21
Uttarakhand,CHAMPAWAT,Other  Rabi pulses,9
Uttarakhand,CHAMPAWAT,Other Cereals,29
Uttarakhand,CHAMPAWAT,Other Kharif pulses,21
Uttarakhand,CHAMPAWAT,Peas & beans (Pulses),21
Uttarakhand,CHAMPAWAT,Potato,30
Uttarakhand,CHAMPAWAT,Ragi,21
Uttarakhand,CHAMPAWAT,Rapeseed &Mustard,21
Uttarakhand,CHAMPAWAT,Rice,22
Uttarakhand,CHAMPAWAT,Sesamum,21
Uttarakhand,CHAMPAWAT,Small millets,15
Uttarakhand,CHAMPAWAT,Soyabean,18
Uttarakhand,CHAMPAWAT,Sugarcane,17
Uttarakhand,CHAMPAWAT,Tobacco,6
Uttarakhand,CHAMPAWAT,Turmeric,15
Uttarakhand,CHAMPAWAT,Urad,25
Uttarakhand,CHAMPAWAT,Wheat,21
Uttarakhand,CHAMPAWAT,other oilseeds,16
Uttarakhand,DEHRADUN,Arhar/Tur,21
Uttarakhand,DEHRADUN,Bajra,1
Uttarakhand,DEHRADUN,Barley,21
Uttarakhand,DEHRADUN,Dry chillies,1
Uttarakhand,DEHRADUN,Garlic,40
Uttarakhand,DEHRADUN,Gram,21
Uttarakhand,DEHRADUN,Groundnut,21
Uttarakhand,DEHRADUN,Horse-gram,21
Uttarakhand,DEHRADUN,Jowar,1
Uttarakhand,DEHRADUN,Linseed,4
Uttarakhand,DEHRADUN,Maize,31
Uttarakhand,DEHRADUN,Masoor,21
Uttarakhand,DEHRADUN,Moong(Green Gram),12
Uttarakhand,DEHRADUN,Moth,10
Uttarakhand,DEHRADUN,Onion,21
Uttarakhand,DEHRADUN,Other  Rabi pulses,18
Uttarakhand,DEHRADUN,Other Cereals,18
Uttarakhand,DEHRADUN,Other Kharif pulses,21
Uttarakhand,DEHRADUN,Peas & beans (Pulses),21
Uttarakhand,DEHRADUN,Potato,38
Uttarakhand,DEHRADUN,Ragi,21
Uttarakhand,DEHRADUN,Rapeseed &Mustard,21
Uttarakhand,DEHRADUN,Rice,21
Uttarakhand,DEHRADUN,Sesamum,21
Uttarakhand,DEHRADUN,Small millets,16
Uttarakhand,DEHRADUN,Soyabean,20
Uttarakhand,DEHRADUN,Sugarcane,21
Uttarakhand,DEHRADUN,Sunflower,12
Uttarakhand,DEHRADUN,Tobacco,7
Uttarakhand,DEHRADUN,Turmeric,18
Uttarakhand,DEHRADUN,Urad,27
Uttarakhand,DEHRADUN,Wheat,21
Uttarakhand,DEHRADUN,other oilseeds,32
Uttarakhand,HARIDWAR,Arhar/Tur,13
Uttarakhand,HARIDWAR,Bajra,7
Uttarakhand,HARIDWAR,Barley,21
Uttarakhand,HARIDWAR,Dry chillies,1
Uttarakhand,HARIDWAR,Garlic,5
Uttarakhand,HARIDWAR,Gram,20
Uttarakhand,HARIDWAR,Groundnut,21
Uttarakhand,HARIDWAR,Jowar,1
Uttarakhand,HARIDWAR,Linseed,3
Uttarakhand,HARIDWAR,Maize,41
Uttarakhand,HARIDWAR,Masoor,21
Uttarakhand,HARIDWAR,Moong(Green Gram),22
Uttarakhand,HARIDWAR,Moth,1
Uttarakhand,HARIDWAR,Onion,19
Uttarakhand,HARIDWAR,Other  Rabi pulses,14
Uttarakhand,HARIDWAR,Other Cereals,1
Uttarakhand,HARIDWAR,Other Kharif pulses,5
Uttarakhand,HARIDWAR,Other Summer Pulses,1
Uttarakhand,HARIDWAR,Peas & beans (Pulses),21
Uttarakhand,HARIDWAR,Potato,25
Uttarakhand,HARIDWAR,Rapeseed &Mustard,21
Uttarakhand,HARIDWAR,Rice,34
Uttarakhand,HARIDWAR,Sesamum,21
Uttarakhand,HARIDWAR,Soyabean,4
Uttarakhand,HARIDWAR,Sugarcane,19
Uttarakhand,HARIDWAR,Sunflower,4
Uttarakhand,HARIDWAR,Tobacco,17
Uttarakhand,HARIDWAR,Turmeric,15
Uttarakhand,HARIDWAR,Urad,41
Uttarakhand,HARIDWAR,Wheat,21
Uttarakhand,HARIDWAR,other oilseeds,24
Uttarakhand,NAINITAL,Arhar/Tur,17
Uttarakhand,NAINITAL,Bajra,1
Uttarakhand,NAINITAL,Barley,21
Uttarakhand,NAINITAL,Dry chillies,1
Uttarakhand,NAINITAL,Garlic,40
Uttarakhand,NAINITAL,Gram,21
Uttarakhand,NAINITAL,Groundnut,19
Uttarakhand,NAINITAL,Horse-gram,21
Uttarakhand,NAINITAL,Linseed,2
Uttarakhand,NAINITAL,Maize,27
Uttarakhand,NAINITAL,Masoor,21
Uttarakhand,NAINITAL,Moong(Green Gram),12
Uttarakhand,NAINITAL,Moth,21
Uttarakhand,NAINITAL,Onion,21
Uttarakhand,NAINITAL,Other  Rabi pulses,10
Uttarakhand,NAINITAL,Other Cereals,13
Uttarakhand,NAINITAL,Other Kharif pulses,21
Uttarakhand,NAINITAL,Peas & beans (Pulses),21
Uttarakhand,NAINITAL,Potato,39
Uttarakhand,NAINITAL,Ragi,21
Uttarakhand,NAINITAL,Rapeseed &Mustard,21
Uttarakhand,NAINITAL,Rice,42
Uttarakhand,NAINITAL,Sesamum,21
Uttarakhand,NAINITAL,Small millets,17
Uttarakhand,NAINITAL,Soyabean,21
Uttarakhand,NAINITAL,Sugarcane,21
Uttarakhand,NAINITAL,Sunflower,5
Uttarakhand,NAINITAL,Tobacco,1
Uttarakhand,NAINITAL,Turmeric,18
Uttarakhand,NAINITAL,Urad,21
Uttarakhand,NAINITAL,Wheat,21
Uttarakhand,NAINITAL,other oilseeds,20
Uttarakhand,PAURI GARHWAL,Arhar/Tur,21
Uttarakhand,PAURI GARHWAL,Bajra,1
Uttarakhand,PAURI GARHWAL,Barley,21
Uttarakhand,PAURI GARHWAL,Dry chillies,1
Uttarakhand,PAURI GARHWAL,Garlic,40
Uttarakhand,PAURI GARHWAL,Gram,21
Uttarakhand,PAURI GARHWAL,Groundnut,3
Uttarakhand,PAURI GARHWAL,Horse-gram,21
Uttarakhand,PAURI GARHWAL,Maize,21
Uttarakhand,PAURI GARHWAL,Masoor,21
Uttarakhand,PAURI GARHWAL,Moth,1
Uttarakhand,PAURI GARHWAL,Onion,21
Uttarakhand,PAURI GARHWAL,Other  Rabi pulses,6
Uttarakhand,PAURI GARHWAL,Other Cereals,33
Uttarakhand,PAURI GARHWAL,Other Kharif pulses,21
Uttarakhand,PAURI GARHWAL,Peas & beans (Pulses),19
Uttarakhand,PAURI GARHWAL,Potato,39
Uttarakhand,PAURI GARHWAL,Ragi,21
Uttarakhand,PAURI GARHWAL,Rapeseed &Mustard,21
Uttarakhand,PAURI GARHWAL,Rice,21
Uttarakhand,PAURI GARHWAL,Sesamum,21
Uttarakhand,PAURI GARHWAL,Small millets,15
Uttarakhand,PAURI GARHWAL,Soyabean,21
Uttarakhand,PAURI GARHWAL,Sugarcane,4
Uttarakhand,PAURI GARHWAL,Sunflower,6
Uttarakhand,PAURI GARHWAL,Tobacco,2
Uttarakhand,PAURI GARHWAL,Turmeric,15
Uttarakhand,PAURI GARHWAL,Urad,21
Uttarakhand,PAURI GARHWAL,Wheat,21
Uttarakhand,PAURI GARHWAL,other oilseeds,10
Uttarakhand,PITHORAGARH,Arhar/Tur,10
Uttarakhand,PITHORAGARH,Barley,21
Uttarakhand,PITHORAGARH,Dry chillies,1
Uttarakhand,PITHORAGARH,Garlic,40
Uttarakhand,PITHORAGARH,Gram,20
Uttarakhand,PITHORAGARH,Groundnut,8
Uttarakhand,PITHORAGARH,Horse-gram,20
Uttarakhand,PITHORAGARH,Maize,22
Uttarakhand,PITHORAGARH,Masoor,21
Uttarakhand,PITHORAGARH,Moth,1
Uttarakhand,PITHORAGARH,Onion,21
Uttarakhand,PITHORAGARH,Other  Rabi pulses,9
Uttarakhand,PITHORAGARH,Other Cereals,35
Uttarakhand,PITHORAGARH,Other Kharif pulses,21
Uttarakhand,PITHORAGARH,Peas & beans (Pulses),21
Uttarakhand,PITHORAGARH,Potato,37
Uttarakhand,PITHORAGARH,Ragi,21
Uttarakhand,PITHORAGARH,Rapeseed &Mustard,21
Uttarakhand,PITHORAGARH,Rice,21
Uttarakhand,PITHORAGARH,Sesamum,21
Uttarakhand,PITHORAGARH,Small millets,15
Uttarakhand,PITHORAGARH,Soyabean,21
Uttarakhand,PITHORAGARH,Sunflower,2
Uttarakhand,PITHORAGARH,Tobacco,8
Uttarakhand,PITHORAGARH,Turmeric,12
Uttarakhand,PITHORAGARH,Urad,21
Uttarakhand,PITHORAGARH,Wheat,21
Uttarakhand,PITHORAGARH,other oilseeds,24
Uttarakhand,RUDRA PRAYAG,Arhar/Tur,21
Uttarakhand,RUDRA PRAYAG,Barley,21
Uttarakhand,RUDRA PRAYAG,Dry chillies,1
Uttarakhand,RUDRA PRAYAG,Garlic,30
Uttarakhand,RUDRA PRAYAG,Gram,1
Uttarakhand,RUDRA PRAYAG,Horse-gram,21
Uttarakhand,RUDRA PRAYAG,Maize,21
Uttarakhand,RUDRA PRAYAG,Masoor,21
Uttarakhand,RUDRA PRAYAG,Moth,1
Uttarakhand,RUDRA PRAYAG,Onion,21
Uttarakhand,RUDRA PRAYAG,Other  Rabi pulses,1
Uttarakhand,RUDRA PRAYAG,Other Cereals,17
Uttarakhand,RUDRA PRAYAG,Other Kharif pulses,21
Uttarakhand,RUDRA PRAYAG,Peas & beans (Pulses),20
Uttarakhand,RUDRA PRAYAG,Potato,39
Uttarakhand,RUDRA PRAYAG,Ragi,21
Uttarakhand,RUDRA PRAYAG,Rapeseed &Mustard,21
Uttarakhand,RUDRA PRAYAG,Rice,21
Uttarakhand,RUDRA PRAYAG,Sesamum,20
Uttarakhand,RUDRA PRAYAG,Small millets,15
Uttarakhand,RUDRA PRAYAG,Soyabean,21
Uttarakhand,RUDRA PRAYAG,Turmeric,3
Uttarakhand,RUDRA PRAYAG,Urad,21
Uttarakhand,RUDRA PRAYAG,Wheat,21
Uttarakhand,RUDRA PRAYAG,other oilseeds,6
Uttarakhand,TEHRI GARHWAL,Arhar/Tur,21
Uttarakhand,TEHRI GARHWAL,Barley,21
Uttarakhand,TEHRI GARHWAL,Dry chillies,1
Uttarakhand,TEHRI GARHWAL,Garlic,40
Uttarakhand,TEHRI GARHWAL,Gram,19
Uttarakhand,TEHRI GARHWAL,Horse-gram,21
Uttarakhand,TEHRI GARHWAL,Maize,21
Uttarakhand,TEHRI GARHWAL,Masoor,21
Uttarakhand,TEHRI GARHWAL,Moth,1
Uttarakhand,TEHRI GARHWAL,Onion,21
Uttarakhand,TEHRI GARHWAL,Other  Rabi pulses,4
Uttarakhand,TEHRI GARHWAL,Other Cereals,27
Uttarakhand,TEHRI GARHWAL,Other Kharif pulses,21
Uttarakhand,TEHRI GARHWAL,Peas & beans (Pulses),21
Uttarakhand,TEHRI GARHWAL,Potato,39
Uttarakhand,TEHRI GARHWAL,Ragi,21
Uttarakhand,TEHRI GARHWAL,Rapeseed &Mustard,21
Uttarakhand,TEHRI GARHWAL,Rice,21
Uttarakhand,TEHRI GARHWAL,Sesamum,21
Uttarakhand,TEHRI GARHWAL,Small millets,15
Uttarakhand,TEHRI GARHWAL,Soyabean,21
Uttarakhand,TEHRI GARHWAL,Sunflower,1
Uttarakhand,TEHRI GARHWAL,Tobacco,6
Uttarakhand,TEHRI GARHWAL,Turmeric,7
Uttarakhand,TEHRI GARHWAL,Urad,21
Uttarakhand,TEHRI GARHWAL,Wheat,21
Uttarakhand,TEHRI GARHWAL,other oilseeds,18
Uttarakhand,UDAM SINGH NAGAR,Arhar/Tur,17
Uttarakhand,UDAM SINGH NAGAR,Bajra,4
Uttarakhand,UDAM SINGH NAGAR,Barley,21
Uttarakhand,UDAM SINGH NAGAR,Garlic,16
Uttarakhand,UDAM SINGH NAGAR,Gram,21
Uttarakhand,UDAM SINGH NAGAR,Groundnut,19
Uttarakhand,UDAM SINGH NAGAR,Linseed,7
Uttarakhand,UDAM SINGH NAGAR,Maize,40
Uttarakhand,UDAM SINGH NAGAR,Masoor,21
Uttarakhand,UDAM SINGH NAGAR,Moong(Green Gram),33
Uttarakhand,UDAM SINGH NAGAR,Moth,1
Uttarakhand,UDAM SINGH NAGAR,Onion,18
Uttarakhand,UDAM SINGH NAGAR,Other  Rabi pulses,15
Uttarakhand,UDAM SINGH NAGAR,Other Cereals,4
Uttarakhand,UDAM SINGH NAGAR,Other Kharif pulses,7
Uttarakhand,UDAM SINGH NAGAR,Other Summer Pulses,1
Uttarakhand,UDAM SINGH NAGAR,Peas & beans (Pulses),21
Uttarakhand,UDAM SINGH NAGAR,Potato,21
Uttarakhand,UDAM SINGH NAGAR,Ragi,2
Uttarakhand,UDAM SINGH NAGAR,Rapeseed &Mustard,21
Uttarakhand,UDAM SINGH NAGAR,Rice,42
Uttarakhand,UDAM SINGH NAGAR,Sannhamp,1
Uttarakhand,UDAM SINGH NAGAR,Sesamum,14
Uttarakhand,UDAM SINGH NAGAR,Soyabean,21
Uttarakhand,UDAM SINGH NAGAR,Sugarcane,21
Uttarakhand,UDAM SINGH NAGAR,Sunflower,16
Uttarakhand,UDAM SINGH NAGAR,Tobacco,1
Uttarakhand,UDAM SINGH NAGAR,Turmeric,14
Uttarakhand,UDAM SINGH NAGAR,Urad,38
Uttarakhand,UDAM SINGH NAGAR,Wheat,21
Uttarakhand,UDAM SINGH NAGAR,other oilseeds,21
Uttarakhand,UTTAR KASHI,Arhar/Tur,21
Uttarakhand,UTTAR KASHI,Barley,21
Uttarakhand,UTTAR KASHI,Dry chillies,1
Uttarakhand,UTTAR KASHI,Garlic,40
Uttarakhand,UTTAR KASHI,Gram,16
Uttarakhand,UTTAR KASHI,Horse-gram,21
Uttarakhand,UTTAR KASHI,Maize,21
Uttarakhand,UTTAR KASHI,Masoor,21
Uttarakhand,UTTAR KASHI,Moth,1
Uttarakhand,UTTAR KASHI,Onion,21
Uttarakhand,UTTAR KASHI,Other  Rabi pulses,9
Uttarakhand,UTTAR KASHI,Other Cereals,20
Uttarakhand,UTTAR KASHI,Other Kharif pulses,21
Uttarakhand,UTTAR KASHI,Peas & beans (Pulses),21
Uttarakhand,UTTAR KASHI,Potato,39
Uttarakhand,UTTAR KASHI,Ragi,21
Uttarakhand,UTTAR KASHI,Rapeseed &Mustard,21
Uttarakhand,UTTAR KASHI,Rice,21
Uttarakhand,UTTAR KASHI,Sesamum,21
Uttarakhand,UTTAR KASHI,Small millets,15
Uttarakhand,UTTAR KASHI,Soyabean,21
Uttarakhand,UTTAR KASHI,Sugarcane,1
Uttarakhand,UTTAR KASHI,Sunflower,5
Uttarakhand,UTTAR KASHI,Tobacco,7
Uttarakhand,UTTAR KASHI,Turmeric,4
Uttarakhand,UTTAR KASHI,Urad,21
Uttarakhand,UTTAR KASHI,Wheat,21
Uttarakhand,UTTAR KASHI,other oilseeds,14
West Bengal,ALIPURDUAR,Arhar/Tur,3
West Bengal,ALIPURDUAR,Coconut,6
West Bengal,ALIPURDUAR,Gram,4
West Bengal,ALIPURDUAR,Groundnut,11
West Bengal,ALIPURDUAR,Horse-gram,4
West Bengal,ALIPURDUAR,Jute,4
West Bengal,ALIPURDUAR,Khesari,4
West Bengal,ALIPURDUAR,Linseed,4
West Bengal,ALIPURDUAR,Maize,10
West Bengal,ALIPURDUAR,Masoor,4
West Bengal,ALIPURDUAR,Mesta,4
West Bengal,ALIPURDUAR,Moong(Green Gram),12
West Bengal,ALIPURDUAR,Niger seed,4
West Bengal,ALIPURDUAR,Peas & beans (Pulses),4
West Bengal,ALIPURDUAR,Potato,4
West Bengal,ALIPURDUAR,Ragi,4
West Bengal,ALIPURDUAR,Rapeseed &Mustard,4
West Bengal,ALIPURDUAR,Rice,12
West Bengal,ALIPURDUAR,Sesamum,12
West Bengal,ALIPURDUAR,Sugarcane,4
West Bengal,ALIPURDUAR,Sunflower,2
West Bengal,ALIPURDUAR,Tobacco,2
West Bengal,ALIPURDUAR,Urad,8
West Bengal,ALIPURDUAR,Wheat,4
West Bengal,BANKURA,Arecanut,10
West Bengal,BANKURA,Arhar/Tur,17
West Bengal,BANKURA,Bajra,12
West Bengal,BANKURA,Barley,1
West Bengal,BANKURA,Coconut,23
West Bengal,BANKURA,Cotton(lint),4
West Bengal,BANKURA,Dry chillies,14
West Bengal,BANKURA,Garlic,1
West Bengal,BANKURA,Ginger,11
West Bengal,BANKURA,Gram,23
West Bengal,BANKURA,Groundnut,54
West Bengal,BANKURA,Horse-gram,23
West Bengal,BANKURA,Jowar,8
West Bengal,BANKURA,Jute,21
West Bengal,BANKURA,Khesari,12
West Bengal,BANKURA,Linseed,21
West Bengal,BANKURA,Maize,47
West Bengal,BANKURA,Masoor,23
West Bengal,BANKURA,Mesta,11
West Bengal,BANKURA,Moong(Green Gram),47
West Bengal,BANKURA,Niger seed,14
West Bengal,BANKURA,Other Kharif pulses,12
West Bengal,BANKURA,Peas & beans (Pulses),20
West Bengal,BANKURA,Potato,23
West Bengal,BANKURA,Ragi,2
West Bengal,BANKURA,Rapeseed &Mustard,23
West Bengal,BANKURA,Rice,69
West Bengal,BANKURA,Safflower,3
West Bengal,BANKURA,Sannhamp,23
West Bengal,BANKURA,Sesamum,52
West Bengal,BANKURA,Small millets,23
West Bengal,BANKURA,Soyabean,12
West Bengal,BANKURA,Sugarcane,23
West Bengal,BANKURA,Sunflower,17
West Bengal,BANKURA,Tobacco,12
West Bengal,BANKURA,Turmeric,12
West Bengal,BANKURA,Urad,33
West Bengal,BANKURA,Wheat,23
West Bengal,BIRBHUM,Arecanut,11
West Bengal,BIRBHUM,Arhar/Tur,20
West Bengal,BIRBHUM,Bajra,2
West Bengal,BIRBHUM,Barley,21
West Bengal,BIRBHUM,Coconut,23
West Bengal,BIRBHUM,Cotton(lint),2
West Bengal,BIRBHUM,Dry chillies,14
West Bengal,BIRBHUM,Garlic,1
West Bengal,BIRBHUM,Ginger,11
West Bengal,BIRBHUM,Gram,22
West Bengal,BIRBHUM,Groundnut,45
West Bengal,BIRBHUM,Horse-gram,23
West Bengal,BIRBHUM,Jowar,6
West Bengal,BIRBHUM,Jute,23
West Bengal,BIRBHUM,Khesari,23
West Bengal,BIRBHUM,Linseed,23
West Bengal,BIRBHUM,Maize,43
West Bengal,BIRBHUM,Masoor,23
West Bengal,BIRBHUM,Mesta,6
West Bengal,BIRBHUM,Moong(Green Gram),27
West Bengal,BIRBHUM,Niger seed,1
West Bengal,BIRBHUM,Other  Rabi pulses,9
West Bengal,BIRBHUM,Other Kharif pulses,23
West Bengal,BIRBHUM,Peas & beans (Pulses),22
West Bengal,BIRBHUM,Potato,23
West Bengal,BIRBHUM,Rapeseed &Mustard,23
West Bengal,BIRBHUM,Rice,69
West Bengal,BIRBHUM,Safflower,20
West Bengal,BIRBHUM,Sannhamp,23
West Bengal,BIRBHUM,Sesamum,26
West Bengal,BIRBHUM,Soyabean,22
West Bengal,BIRBHUM,Sugarcane,23
West Bengal,BIRBHUM,Sunflower,16
West Bengal,BIRBHUM,Turmeric,12
West Bengal,BIRBHUM,Urad,23
West Bengal,BIRBHUM,Wheat,23
West Bengal,COOCHBEHAR,Arecanut,11
West Bengal,COOCHBEHAR,Arhar/Tur,11
West Bengal,COOCHBEHAR,Bajra,4
West Bengal,COOCHBEHAR,Barley,3
West Bengal,COOCHBEHAR,Coconut,23
West Bengal,COOCHBEHAR,Dry chillies,14
West Bengal,COOCHBEHAR,Garlic,1
West Bengal,COOCHBEHAR,Ginger,11
West Bengal,COOCHBEHAR,Gram,2
West Bengal,COOCHBEHAR,Groundnut,38
West Bengal,COOCHBEHAR,Horse-gram,20
West Bengal,COOCHBEHAR,Jute,23
West Bengal,COOCHBEHAR,Khesari,23
West Bengal,COOCHBEHAR,Linseed,23
West Bengal,COOCHBEHAR,Maize,49
West Bengal,COOCHBEHAR,Masoor,23
West Bengal,COOCHBEHAR,Mesta,23
West Bengal,COOCHBEHAR,Moong(Green Gram),44
West Bengal,COOCHBEHAR,Niger seed,24
West Bengal,COOCHBEHAR,Other  Rabi pulses,3
West Bengal,COOCHBEHAR,Other Kharif pulses,7
West Bengal,COOCHBEHAR,Peas & beans (Pulses),15
West Bengal,COOCHBEHAR,Potato,23
West Bengal,COOCHBEHAR,Ragi,19
West Bengal,COOCHBEHAR,Rapeseed &Mustard,23
West Bengal,COOCHBEHAR,Rice,69
West Bengal,COOCHBEHAR,Sannhamp,16
West Bengal,COOCHBEHAR,Sesamum,51
West Bengal,COOCHBEHAR,Small millets,26
West Bengal,COOCHBEHAR,Sugarcane,15
West Bengal,COOCHBEHAR,Sunflower,5
West Bengal,COOCHBEHAR,Tobacco,21
West Bengal,COOCHBEHAR,Turmeric,12
West Bengal,COOCHBEHAR,Urad,46
West Bengal,COOCHBEHAR,Wheat,23
West Bengal,DARJEELING,Arecanut,11
West Bengal,DARJEELING,Arhar/Tur,21
West Bengal,DARJEELING,Barley,7
West Bengal,DARJEELING,Cardamom,10
West Bengal,DARJEELING,Coconut,23
West Bengal,DARJEELING,Dry chillies,14
West Bengal,DARJEELING,Garlic,1
West Bengal,DARJEELING,Ginger,11
West Bengal,DARJEELING,Gram,4
West Bengal,DARJEELING,Groundnut,31
West Bengal,DARJEELING,Horse-gram,13
West Bengal,DARJEELING,Jute,23
West Bengal,DARJEELING,Khesari,17
West Bengal,DARJEELING,Linseed,23
West Bengal,DARJEELING,Maize,46
West Bengal,DARJEELING,Masoor,17
West Bengal,DARJEELING,Mesta,6
West Bengal,DARJEELING,Moong(Green Gram),60
West Bengal,DARJEELING,Niger seed,19
West Bengal,DARJEELING,Other Kharif pulses,10
West Bengal,DARJEELING,Peas & beans (Pulses),22
West Bengal,DARJEELING,Potato,36
West Bengal,DARJEELING,Ragi,20
West Bengal,DARJEELING,Rapeseed &Mustard,23
West Bengal,DARJEELING,Rice,69
West Bengal,DARJEELING,Safflower,4
West Bengal,DARJEELING,Sesamum,45
West Bengal,DARJEELING,Small millets,27
West Bengal,DARJEELING,Soyabean,22
West Bengal,DARJEELING,Sugarcane,13
West Bengal,DARJEELING,Sunflower,8
West Bengal,DARJEELING,Turmeric,12
West Bengal,DARJEELING,Urad,46
West Bengal,DARJEELING,Wheat,23
West Bengal,DINAJPUR DAKSHIN,Arecanut,11
West Bengal,DINAJPUR DAKSHIN,Arhar/Tur,2
West Bengal,DINAJPUR DAKSHIN,Barley,6
West Bengal,DINAJPUR DAKSHIN,Coconut,23
West Bengal,DINAJPUR DAKSHIN,Dry chillies,14
West Bengal,DINAJPUR DAKSHIN,Garlic,1
West Bengal,DINAJPUR DAKSHIN,Ginger,11
West Bengal,DINAJPUR DAKSHIN,Gram,18
West Bengal,DINAJPUR DAKSHIN,Groundnut,15
West Bengal,DINAJPUR DAKSHIN,Horse-gram,7
West Bengal,DINAJPUR DAKSHIN,Jute,23
West Bengal,DINAJPUR DAKSHIN,Khesari,20
West Bengal,DINAJPUR DAKSHIN,Linseed,22
West Bengal,DINAJPUR DAKSHIN,Maize,23
West Bengal,DINAJPUR DAKSHIN,Masoor,23
West Bengal,DINAJPUR DAKSHIN,Mesta,23
West Bengal,DINAJPUR DAKSHIN,Moong(Green Gram),16
West Bengal,DINAJPUR DAKSHIN,Niger seed,6
West Bengal,DINAJPUR DAKSHIN,Other Kharif pulses,2
West Bengal,DINAJPUR DAKSHIN,Peas & beans (Pulses),19
West Bengal,DINAJPUR DAKSHIN,Potato,23
West Bengal,DINAJPUR DAKSHIN,Rapeseed &Mustard,23
West Bengal,DINAJPUR DAKSHIN,Rice,69
West Bengal,DINAJPUR DAKSHIN,Safflower,3
West Bengal,DINAJPUR DAKSHIN,Sesamum,15
West Bengal,DINAJPUR DAKSHIN,Small millets,3
West Bengal,DINAJPUR DAKSHIN,Sugarcane,5
West Bengal,DINAJPUR DAKSHIN,Sunflower,14
West Bengal,DINAJPUR DAKSHIN,Turmeric,12
West Bengal,DINAJPUR DAKSHIN,Urad,30
West Bengal,DINAJPUR DAKSHIN,Wheat,23
West Bengal,DINAJPUR UTTAR,Arecanut,11
West Bengal,DINAJPUR UTTAR,Arhar/Tur,13
West Bengal,DINAJPUR UTTAR,Barley,20
West Bengal,DINAJPUR UTTAR,Coconut,23
West Bengal,DINAJPUR UTTAR,Dry chillies,14
West Bengal,DINAJPUR UTTAR,Garlic,1
West Bengal,DINAJPUR UTTAR,Ginger,11
West Bengal,DINAJPUR UTTAR,Gram,22
West Bengal,DINAJPUR UTTAR,Groundnut,33
West Bengal,DINAJPUR UTTAR,Horse-gram,19
West Bengal,DINAJPUR UTTAR,Jute,23
West Bengal,DINAJPUR UTTAR,Khesari,21
West Bengal,DINAJPUR UTTAR,Linseed,23
West Bengal,DINAJPUR UTTAR,Maize,48
West Bengal,DINAJPUR UTTAR,Masoor,23
West Bengal,DINAJPUR UTTAR,Mesta,23
West Bengal,DINAJPUR UTTAR,Moong(Green Gram),40
West Bengal,DINAJPUR UTTAR,Niger seed,24
West Bengal,DINAJPUR UTTAR,Other Kharif pulses,10
West Bengal,DINAJPUR UTTAR,Peas & beans (Pulses),20
West Bengal,DINAJPUR UTTAR,Potato,23
West Bengal,DINAJPUR UTTAR,Ragi,21
West Bengal,DINAJPUR UTTAR,Rapeseed &Mustard,23
West Bengal,DINAJPUR UTTAR,Rice,69
West Bengal,DINAJPUR UTTAR,Safflower,8
West Bengal,DINAJPUR UTTAR,Sesamum,49
West Bengal,DINAJPUR UTTAR,Small millets,21
West Bengal,DINAJPUR UTTAR,Sugarcane,18
West Bengal,DINAJPUR UTTAR,Sunflower,16
West Bengal,DINAJPUR UTTAR,Tobacco,1
West Bengal,DINAJPUR UTTAR,Turmeric,12
West Bengal,DINAJPUR UTTAR,Urad,46
West Bengal,DINAJPUR UTTAR,Wheat,23
West Bengal,HOOGHLY,Arecanut,11
West Bengal,HOOGHLY,Arhar/Tur,6
West Bengal,HOOGHLY,Bajra,3
West Bengal,HOOGHLY,Coconut,23
West Bengal,HOOGHLY,Dry chillies,14
West Bengal,HOOGHLY,Garlic,1
West Bengal,HOOGHLY,Ginger,11
West Bengal,HOOGHLY,Gram,12
West Bengal,HOOGHLY,Groundnut,40
West Bengal,HOOGHLY,Horse-gram,2
West Bengal,HOOGHLY,Jowar,2
West Bengal,HOOGHLY,Jute,23
West Bengal,HOOGHLY,Khesari,8
West Bengal,HOOGHLY,Maize,24
West Bengal,HOOGHLY,Masoor,23
West Bengal,HOOGHLY,Mesta,11
West Bengal,HOOGHLY,Moong(Green Gram),44
West Bengal,HOOGHLY,Niger seed,1
West Bengal,HOOGHLY,Other Kharif pulses,2
West Bengal,HOOGHLY,Peas & beans (Pulses),22
West Bengal,HOOGHLY,Potato,23
West Bengal,HOOGHLY,Rapeseed &Mustard,23
West Bengal,HOOGHLY,Rice,69
West Bengal,HOOGHLY,Sannhamp,19
West Bengal,HOOGHLY,Sesamum,23
West Bengal,HOOGHLY,Small millets,1
West Bengal,HOOGHLY,Sugarcane,22
West Bengal,HOOGHLY,Sunflower,14
West Bengal,HOOGHLY,Turmeric,12
West Bengal,HOOGHLY,Urad,34
West Bengal,HOOGHLY,Wheat,23
West Bengal,HOWRAH,Arecanut,11
West Bengal,HOWRAH,Coconut,23
West Bengal,HOWRAH,Cotton(lint),6
West Bengal,HOWRAH,Dry chillies,14
West Bengal,HOWRAH,Garlic,1
West Bengal,HOWRAH,Ginger,11
West Bengal,HOWRAH,Gram,12
West Bengal,HOWRAH,Groundnut,28
West Bengal,HOWRAH,Jute,23
West Bengal,HOWRAH,Khesari,23
West Bengal,HOWRAH,Linseed,2
West Bengal,HOWRAH,Maize,20
West Bengal,HOWRAH,Masoor,21
West Bengal,HOWRAH,Mesta,1
West Bengal,HOWRAH,Moong(Green Gram),27
West Bengal,HOWRAH,Niger seed,1
West Bengal,HOWRAH,Peas & beans (Pulses),22
West Bengal,HOWRAH,Potato,23
West Bengal,HOWRAH,Rapeseed &Mustard,23
West Bengal,HOWRAH,Rice,69
West Bengal,HOWRAH,Safflower,1
West Bengal,HOWRAH,Sesamum,23
West Bengal,HOWRAH,Sugarcane,21
West Bengal,HOWRAH,Sunflower,18
West Bengal,HOWRAH,Turmeric,12
West Bengal,HOWRAH,Urad,16
West Bengal,HOWRAH,Wheat,22
West Bengal,JALPAIGURI,Arecanut,11
West Bengal,JALPAIGURI,Arhar/Tur,18
West Bengal,JALPAIGURI,Barley,16
West Bengal,JALPAIGURI,Coconut,23
West Bengal,JALPAIGURI,Dry chillies,14
West Bengal,JALPAIGURI,Garlic,1
West Bengal,JALPAIGURI,Ginger,11
West Bengal,JALPAIGURI,Gram,18
West Bengal,JALPAIGURI,Groundnut,46
West Bengal,JALPAIGURI,Horse-gram,22
West Bengal,JALPAIGURI,Jute,23
West Bengal,JALPAIGURI,Khesari,24
West Bengal,JALPAIGURI,Linseed,22
West Bengal,JALPAIGURI,Maize,49
West Bengal,JALPAIGURI,Masoor,23
West Bengal,JALPAIGURI,Mesta,22
West Bengal,JALPAIGURI,Moong(Green Gram),60
West Bengal,JALPAIGURI,Niger seed,24
West Bengal,JALPAIGURI,Peas & beans (Pulses),22
West Bengal,JALPAIGURI,Potato,23
West Bengal,JALPAIGURI,Ragi,23
West Bengal,JALPAIGURI,Rapeseed &Mustard,23
West Bengal,JALPAIGURI,Rice,69
West Bengal,JALPAIGURI,Safflower,10
West Bengal,JALPAIGURI,Sesamum,47
West Bengal,JALPAIGURI,Small millets,22
West Bengal,JALPAIGURI,Sugarcane,22
West Bengal,JALPAIGURI,Sunflower,17
West Bengal,JALPAIGURI,Tobacco,21
West Bengal,JALPAIGURI,Turmeric,12
West Bengal,JALPAIGURI,Urad,46
West Bengal,JALPAIGURI,Wheat,23
West Bengal,JHARGRAM,Arhar/Tur,4
West Bengal,JHARGRAM,Castor seed,1
West Bengal,JHARGRAM,Coconut,3
West Bengal,JHARGRAM,Gram,3
West Bengal,JHARGRAM,Groundnut,6
West Bengal,JHARGRAM,Horse-gram,1
West Bengal,JHARGRAM,Khesari,4
West Bengal,JHARGRAM,Maize,6
West Bengal,JHARGRAM,Masoor,4
West Bengal,JHARGRAM,Mesta,2
West Bengal,JHARGRAM,Moong(Green Gram),5
West Bengal,JHARGRAM,Niger seed,1
West Bengal,JHARGRAM,Peas & beans (Pulses),4
West Bengal,JHARGRAM,Potato,4
West Bengal,JHARGRAM,Rapeseed &Mustard,4
West Bengal,JHARGRAM,Rice,12
West Bengal,JHARGRAM,Sannhamp,2
West Bengal,JHARGRAM,Sesamum,4
West Bengal,JHARGRAM,Sugarcane,4
West Bengal,JHARGRAM,Sunflower,3
West Bengal,JHARGRAM,Urad,5
West Bengal,JHARGRAM,Wheat,4
West Bengal,KALIMPONG,Arhar/Tur,1
West Bengal,KALIMPONG,Barley,3
West Bengal,KALIMPONG,Coconut,3
West Bengal,KALIMPONG,Maize,7
West Bengal,KALIMPONG,Moong(Green Gram),1
West Bengal,KALIMPONG,Peas & beans (Pulses),4
West Bengal,KALIMPONG,Potato,8
West Bengal,KALIMPONG,Ragi,3
West Bengal,KALIMPONG,Rapeseed &Mustard,4
West Bengal,KALIMPONG,Rice,4
West Bengal,KALIMPONG,Small millets,3
West Bengal,KALIMPONG,Soyabean,2
West Bengal,KALIMPONG,Sunflower,1
West Bengal,KALIMPONG,Urad,5
West Bengal,KALIMPONG,Wheat,4
West Bengal,MALDAH,Arecanut,11
West Bengal,MALDAH,Arhar/Tur,23
West Bengal,MALDAH,Barley,21
West Bengal,MALDAH,Coconut,23
West Bengal,MALDAH,Dry chillies,14
West Bengal,MALDAH,Garlic,1
West Bengal,MALDAH,Ginger,11
West Bengal,MALDAH,Gram,23
West Bengal,MALDAH,Groundnut,35
West Bengal,MALDAH,Horse-gram,23
West Bengal,MALDAH,Jute,23
West Bengal,MALDAH,Khesari,23
West Bengal,MALDAH,Linseed,23
West Bengal,MALDAH,Maize,49
West Bengal,MALDAH,Masoor,23
West Bengal,MALDAH,Mesta,23
West Bengal,MALDAH,Moong(Green Gram),47
West Bengal,MALDAH,Niger seed,11
West Bengal,MALDAH,Peas & beans (Pulses),22
West Bengal,MALDAH,Potato,23
West Bengal,MALDAH,Rapeseed &Mustard,23
West Bengal,MALDAH,Rice,69
West Bengal,MALDAH,Sesamum,44
West Bengal,MALDAH,Small millets,11
West Bengal,MALDAH,Sugarcane,23
West Bengal,MALDAH,Sunflower,8
West Bengal,MALDAH,Tobacco,17
West Bengal,MALDAH,Turmeric,12
West Bengal,MALDAH,Urad,23
West Bengal,MALDAH,Wheat,23
West Bengal,MEDINIPUR EAST,Arecanut,11
West Bengal,MEDINIPUR EAST,Arhar/Tur,1
West Bengal,MEDINIPUR EAST,Coconut,23
West Bengal,MEDINIPUR EAST,Cotton(lint),4
West Bengal,MEDINIPUR EAST,Dry chillies,14
West Bengal,MEDINIPUR EAST,Garlic,1
West Bengal,MEDINIPUR EAST,Ginger,9
West Bengal,MEDINIPUR EAST,Gram,3
West Bengal,MEDINIPUR EAST,Groundnut,24
West Bengal,MEDINIPUR EAST,Jute,23
West Bengal,MEDINIPUR EAST,Khesari,22
West Bengal,MEDINIPUR EAST,Maize,11
West Bengal,MEDINIPUR EAST,Masoor,14
West Bengal,MEDINIPUR EAST,Mesta,2
West Bengal,MEDINIPUR EAST,Moong(Green Gram),23
West Bengal,MEDINIPUR EAST,Niger seed,1
West Bengal,MEDINIPUR EAST,Other Kharif pulses,1
West Bengal,MEDINIPUR EAST,Peas & beans (Pulses),4
West Bengal,MEDINIPUR EAST,Potato,23
West Bengal,MEDINIPUR EAST,Rapeseed &Mustard,23
West Bengal,MEDINIPUR EAST,Rice,66
West Bengal,MEDINIPUR EAST,Sannhamp,20
West Bengal,MEDINIPUR EAST,Sesamum,36
West Bengal,MEDINIPUR EAST,Sugarcane,11
West Bengal,MEDINIPUR EAST,Sunflower,17
West Bengal,MEDINIPUR EAST,Turmeric,12
West Bengal,MEDINIPUR EAST,Urad,23
West Bengal,MEDINIPUR EAST,Wheat,22
West Bengal,MEDINIPUR WEST,Arecanut,11
West Bengal,MEDINIPUR WEST,Arhar/Tur,23
West Bengal,MEDINIPUR WEST,Bajra,1
West Bengal,MEDINIPUR WEST,Barley,1
West Bengal,MEDINIPUR WEST,Castor seed,19
West Bengal,MEDINIPUR WEST,Coconut,23
West Bengal,MEDINIPUR WEST,Cotton(lint),4
West Bengal,MEDINIPUR WEST,Dry chillies,14
West Bengal,MEDINIPUR WEST,Garlic,1
West Bengal,MEDINIPUR WEST,Ginger,11
West Bengal,MEDINIPUR WEST,Gram,20
West Bengal,MEDINIPUR WEST,Groundnut,56
West Bengal,MEDINIPUR WEST,Horse-gram,22
West Bengal,MEDINIPUR WEST,Jowar,3
West Bengal,MEDINIPUR WEST,Jute,23
West Bengal,MEDINIPUR WEST,Khesari,23
West Bengal,MEDINIPUR WEST,Linseed,15
West Bengal,MEDINIPUR WEST,Maize,46
West Bengal,MEDINIPUR WEST,Masoor,22
West Bengal,MEDINIPUR WEST,Mesta,9
West Bengal,MEDINIPUR WEST,Moong(Green Gram),66
West Bengal,MEDINIPUR WEST,Niger seed,20
West Bengal,MEDINIPUR WEST,Other  Rabi pulses,8
West Bengal,MEDINIPUR WEST,Other Kharif pulses,16
West Bengal,MEDINIPUR WEST,Peas & beans (Pulses),14
West Bengal,MEDINIPUR WEST,Potato,23
West Bengal,MEDINIPUR WEST,Rapeseed &Mustard,23
West Bengal,MEDINIPUR WEST,Rice,69
West Bengal,MEDINIPUR WEST,Safflower,15
West Bengal,MEDINIPUR WEST,Sannhamp,21
West Bengal,MEDINIPUR WEST,Sesamum,48
West Bengal,MEDINIPUR WEST,Soyabean,3
West Bengal,MEDINIPUR WEST,Sugarcane,22
West Bengal,MEDINIPUR WEST,Sunflower,21
West Bengal,MEDINIPUR WEST,Turmeric,12
West Bengal,MEDINIPUR WEST,Urad,44
West Bengal,MEDINIPUR WEST,Wheat,23
West Bengal,MURSHIDABAD,Arecanut,11
West Bengal,MURSHIDABAD,Arhar/Tur,23
West Bengal,MURSHIDABAD,Bajra,3
West Bengal,MURSHIDABAD,Barley,23
West Bengal,MURSHIDABAD,Coconut,23
West Bengal,MURSHIDABAD,Dry chillies,14
West Bengal,MURSHIDABAD,Garlic,1
West Bengal,MURSHIDABAD,Ginger,11
West Bengal,MURSHIDABAD,Gram,23
West Bengal,MURSHIDABAD,Groundnut,54
West Bengal,MURSHIDABAD,Horse-gram,8
West Bengal,MURSHIDABAD,Jowar,14
West Bengal,MURSHIDABAD,Jute,23
West Bengal,MURSHIDABAD,Khesari,23
West Bengal,MURSHIDABAD,Linseed,23
West Bengal,MURSHIDABAD,Maize,49
West Bengal,MURSHIDABAD,Masoor,23
West Bengal,MURSHIDABAD,Mesta,21
West Bengal,MURSHIDABAD,Moong(Green Gram),63
West Bengal,MURSHIDABAD,Niger seed,1
West Bengal,MURSHIDABAD,Other  Rabi pulses,3
West Bengal,MURSHIDABAD,Other Kharif pulses,3
West Bengal,MURSHIDABAD,Peas & beans (Pulses),22
West Bengal,MURSHIDABAD,Potato,23
West Bengal,MURSHIDABAD,Rapeseed &Mustard,23
West Bengal,MURSHIDABAD,Rice,69
West Bengal,MURSHIDABAD,Safflower,3
West Bengal,MURSHIDABAD,Sesamum,50
West Bengal,MURSHIDABAD,Small millets,4
West Bengal,MURSHIDABAD,Sugarcane,23
West Bengal,MURSHIDABAD,Sunflower,15
West Bengal,MURSHIDABAD,Turmeric,12
West Bengal,MURSHIDABAD,Urad,46
West Bengal,MURSHIDABAD,Wheat,22
West Bengal,NADIA,Arecanut,11
West Bengal,NADIA,Arhar/Tur,22
West Bengal,NADIA,Barley,20
West Bengal,NADIA,Coconut,23
West Bengal,NADIA,Dry chillies,14
West Bengal,NADIA,Garlic,1
West Bengal,NADIA,Ginger,11
West Bengal,NADIA,Gram,23
West Bengal,NADIA,Groundnut,49
West Bengal,NADIA,Jowar,8
West Bengal,NADIA,Jute,23
West Bengal,NADIA,Khesari,23
West Bengal,NADIA,Linseed,23
West Bengal,NADIA,Maize,49
West Bengal,NADIA,Masoor,23
West Bengal,NADIA,Mesta,23
West Bengal,NADIA,Moong(Green Gram),62
West Bengal,NADIA,Niger seed,1
West Bengal,NADIA,Other  Rabi pulses,10
West Bengal,NADIA,Peas & beans (Pulses),22
West Bengal,NADIA,Potato,23
West Bengal,NADIA,Rapeseed &Mustard,23
West Bengal,NADIA,Rice,69
West Bengal,NADIA,Safflower,3
West Bengal,NADIA,Sesamum,37
West Bengal,NADIA,Small millets,7
West Bengal,NADIA,Sugarcane,23
West Bengal,NADIA,Sunflower,17
West Bengal,NADIA,Tobacco,19
West Bengal,NADIA,Turmeric,12
West Bengal,NADIA,Urad,38
West Bengal,NADIA,Wheat,21
West Bengal,PARAGANAS NORTH,Arecanut,10
West Bengal,PARAGANAS NORTH,Arhar/Tur,13
West Bengal,PARAGANAS NORTH,Cotton(lint),35
West Bengal,PARAGANAS NORTH,Dry chillies,28
West Bengal,PARAGANAS NORTH,Garlic,1
West Bengal,PARAGANAS NORTH,Ginger,22
West Bengal,PARAGANAS NORTH,Gram,41
West Bengal,PARAGANAS NORTH,Groundnut,41
West Bengal,PARAGANAS NORTH,Jute,23
West Bengal,PARAGANAS NORTH,Khesari,23
West Bengal,PARAGANAS NORTH,Linseed,15
West Bengal,PARAGANAS NORTH,Maize,32
West Bengal,PARAGANAS NORTH,Masoor,23
West Bengal,PARAGANAS NORTH,Mesta,22
West Bengal,PARAGANAS NORTH,Moong(Green Gram),32
West Bengal,PARAGANAS NORTH,Niger seed,1
West Bengal,PARAGANAS NORTH,Peas & beans (Pulses),22
West Bengal,PARAGANAS NORTH,Potato,23
West Bengal,PARAGANAS NORTH,Rapeseed &Mustard,23
West Bengal,PARAGANAS NORTH,Rice,69
West Bengal,PARAGANAS NORTH,Safflower,10
West Bengal,PARAGANAS NORTH,Sesamum,26
West Bengal,PARAGANAS NORTH,Sugarcane,23
West Bengal,PARAGANAS NORTH,Sunflower,21
West Bengal,PARAGANAS NORTH,Turmeric,12
West Bengal,PARAGANAS NORTH,Urad,28
West Bengal,PARAGANAS NORTH,Wheat,23
West Bengal,PARAGANAS SOUTH,Arecanut,12
West Bengal,PARAGANAS SOUTH,Arhar/Tur,16
West Bengal,PARAGANAS SOUTH,Barley,2
West Bengal,PARAGANAS SOUTH,Coconut,46
West Bengal,PARAGANAS SOUTH,Garlic,1
West Bengal,PARAGANAS SOUTH,Groundnut,22
West Bengal,PARAGANAS SOUTH,Jute,23
West Bengal,PARAGANAS SOUTH,Khesari,23
West Bengal,PARAGANAS SOUTH,Linseed,16
West Bengal,PARAGANAS SOUTH,Maize,21
West Bengal,PARAGANAS SOUTH,Masoor,23
West Bengal,PARAGANAS SOUTH,Mesta,2
West Bengal,PARAGANAS SOUTH,Moong(Green Gram),30
West Bengal,PARAGANAS SOUTH,Niger seed,1
West Bengal,PARAGANAS SOUTH,Peas & beans (Pulses),22
West Bengal,PARAGANAS SOUTH,Potato,23
West Bengal,PARAGANAS SOUTH,Rapeseed &Mustard,23
West Bengal,PARAGANAS SOUTH,Rice,69
West Bengal,PARAGANAS SOUTH,Sesamum,23
West Bengal,PARAGANAS SOUTH,Sugarcane,23
West Bengal,PARAGANAS SOUTH,Sunflower,23
West Bengal,PARAGANAS SOUTH,Turmeric,12
West Bengal,PARAGANAS SOUTH,Urad,27
West Bengal,PARAGANAS SOUTH,Wheat,23
West Bengal,PASCHIM BARDHAMAN,Arhar/Tur,3
West Bengal,PASCHIM BARDHAMAN,Coconut,3
West Bengal,PASCHIM BARDHAMAN,Gram,4
West Bengal,PASCHIM BARDHAMAN,Groundnut,4
West Bengal,PASCHIM BARDHAMAN,Horse-gram,3
West Bengal,PASCHIM BARDHAMAN,Jute,1
West Bengal,PASCHIM BARDHAMAN,Khesari,4
West Bengal,PASCHIM BARDHAMAN,Maize,10
West Bengal,PASCHIM BARDHAMAN,Masoor,4
West Bengal,PASCHIM BARDHAMAN,Moong(Green Gram),5
West Bengal,PASCHIM BARDHAMAN,Other Kharif pulses,2
West Bengal,PASCHIM BARDHAMAN,Peas & beans (Pulses),1
West Bengal,PASCHIM BARDHAMAN,Potato,4
West Bengal,PASCHIM BARDHAMAN,Rapeseed &Mustard,4
West Bengal,PASCHIM BARDHAMAN,Rice,12
West Bengal,PASCHIM BARDHAMAN,Sesamum,5
West Bengal,PASCHIM BARDHAMAN,Sugarcane,4
West Bengal,PASCHIM BARDHAMAN,Sunflower,2
West Bengal,PASCHIM BARDHAMAN,Wheat,4
West Bengal,PURBA BARDHAMAN,Arecanut,11
West Bengal,PURBA BARDHAMAN,Arhar/Tur,20
West Bengal,PURBA BARDHAMAN,Bajra,4
West Bengal,PURBA BARDHAMAN,Barley,6
West Bengal,PURBA BARDHAMAN,Coconut,23
West Bengal,PURBA BARDHAMAN,Cotton(lint),5
West Bengal,PURBA BARDHAMAN,Dry chillies,14
West Bengal,PURBA BARDHAMAN,Garlic,1
West Bengal,PURBA BARDHAMAN,Ginger,11
West Bengal,PURBA BARDHAMAN,Gram,23
West Bengal,PURBA BARDHAMAN,Groundnut,56
West Bengal,PURBA BARDHAMAN,Horse-gram,18
West Bengal,PURBA BARDHAMAN,Jowar,1
West Bengal,PURBA BARDHAMAN,Jute,23
West Bengal,PURBA BARDHAMAN,Khesari,23
West Bengal,PURBA BARDHAMAN,Linseed,20
West Bengal,PURBA BARDHAMAN,Maize,40
West Bengal,PURBA BARDHAMAN,Masoor,23
West Bengal,PURBA BARDHAMAN,Mesta,21
West Bengal,PURBA BARDHAMAN,Moong(Green Gram),59
West Bengal,PURBA BARDHAMAN,Niger seed,1
West Bengal,PURBA BARDHAMAN,Other  Rabi pulses,2
West Bengal,PURBA BARDHAMAN,Other Kharif pulses,13
West Bengal,PURBA BARDHAMAN,Peas & beans (Pulses),22
West Bengal,PURBA BARDHAMAN,Potato,23
West Bengal,PURBA BARDHAMAN,Rapeseed &Mustard,23
West Bengal,PURBA BARDHAMAN,Rice,69
West Bengal,PURBA BARDHAMAN,Safflower,21
West Bengal,PURBA BARDHAMAN,Sannhamp,21
West Bengal,PURBA BARDHAMAN,Sesamum,25
West Bengal,PURBA BARDHAMAN,Soyabean,20
West Bengal,PURBA BARDHAMAN,Sugarcane,23
West Bengal,PURBA BARDHAMAN,Sunflower,18
West Bengal,PURBA BARDHAMAN,Turmeric,12
West Bengal,PURBA BARDHAMAN,Urad,39
West Bengal,PURBA BARDHAMAN,Wheat,23
West Bengal,PURULIA,Arecanut,2
West Bengal,PURULIA,Arhar/Tur,23
West Bengal,PURULIA,Bajra,19
West Bengal,PURULIA,Coconut,23
West Bengal,PURULIA,Cotton(lint),5
West Bengal,PURULIA,Dry chillies,14
West Bengal,PURULIA,Garlic,1
West Bengal,PURULIA,Ginger,11
West Bengal,PURULIA,Gram,23
West Bengal,PURULIA,Groundnut,46
West Bengal,PURULIA,Horse-gram,23
West Bengal,PURULIA,Jowar,23
West Bengal,PURULIA,Jute,1
West Bengal,PURULIA,Khesari,21
West Bengal,PURULIA,Linseed,23
West Bengal,PURULIA,Maize,38
West Bengal,PURULIA,Masoor,21
West Bengal,PURULIA,Mesta,20
West Bengal,PURULIA,Moong(Green Gram),56
West Bengal,PURULIA,Moth,4
West Bengal,PURULIA,Niger seed,23
West Bengal,PURULIA,Other Kharif pulses,15
West Bengal,PURULIA,Peas & beans (Pulses),14
West Bengal,PURULIA,Potato,23
West Bengal,PURULIA,Ragi,23
West Bengal,PURULIA,Rapeseed &Mustard,21
West Bengal,PURULIA,Rice,69
West Bengal,PURULIA,Safflower,12
West Bengal,PURULIA,Sannhamp,23
West Bengal,PURULIA,Sesamum,50
West Bengal,PURULIA,Small millets,23
West Bengal,PURULIA,Soyabean,7
West Bengal,PURULIA,Sugarcane,23
West Bengal,PURULIA,Sunflower,16
West Bengal,PURULIA,Tobacco,6
West Bengal,PURULIA,Turmeric,12
West Bengal,PURULIA,Urad,43
West Bengal,PURULIA,Wheat,23
